gene_idx,U,pval,mean_late,mean_control,log1p_diff,n_late,n_control,gene,pval_adj,significant
211,69473162.5,0.0,0.8647987115894589,0.07334434133622987,0.791454370253229,15298,5509,Atf3,0.0,True
387,28394927.5,0.0,0.6852535673807385,1.2770403789283071,-0.5917868115475686,15298,5509,Snhg11,0.0,True
522,59715107.5,0.0,0.37910953876050135,0.016767475963813117,0.36234206279668824,15298,5509,Car3,0.0,True
599,79503825.0,0.0,1.5041449678685166,0.0018598035596790667,1.5022851643088375,15298,5509,Sprr1a,0.0,True
605,60189471.0,0.0,1.9226548978132718,1.263817908560521,0.6588369892527508,15298,5509,S100a11,0.0,True
697,25360416.0,0.0,1.9496180833914556,2.62130387097613,-0.6716857875846745,15298,5509,Ttll7,0.0,True
769,56326715.5,0.0,0.65599989398348,0.3046093165300854,0.35139057745339464,15298,5509,Plin2,0.0,True
821,24244506.0,0.0,1.2072624038146178,1.918450469539555,-0.7111880657249372,15298,5509,Trnp1,0.0,True
1037,58676438.0,0.0,0.8217265914679354,0.3671323831561715,0.45459420831176384,15298,5509,Vgf,0.0,True
1114,83610374.5,0.0,2.0594533939072517,0.004030169830118439,2.055423224077133,15298,5509,Npy,0.0,True
1450,65018926.5,0.0,0.9955328017731234,0.27190895732177794,0.7236238444513454,15298,5509,Kif22,0.0,True
1500,26859372.0,0.0,1.1612305983753464,1.7715836949623396,-0.6103530965869932,15298,5509,Akap12,0.0,True
1611,81465116.0,0.0,1.5101780360200037,0.049551807555381994,1.4606262284646216,15298,5509,Nts,0.0,True
1801,25137247.5,0.0,3.3964609913610437,4.029778504473789,-0.6333175131127455,15298,5509,Sncg,0.0,True
1852,56606886.5,0.0,0.5992854936930988,0.19389730798500612,0.40538818570809265,15298,5509,Stmn4,0.0,True
1942,19204953.5,0.0,2.4498461270215226,3.3794852869218612,-0.9296391599003386,15298,5509,Fxyd2,0.0,True
2121,25971203.5,0.0,1.8573773094783488,2.57664929374912,-0.7192719842707711,15298,5509,Skp1a,0.0,True
2289,65991789.0,0.0,1.0273550530517876,0.3041245277461579,0.7232305253056297,15298,5509,Aspscr1,0.0,True
2341,65578865.5,0.0,1.2875945542042844,0.6261657135404428,0.6614288406638416,15298,5509,Serpinb1a,0.0,True
2347,25424755.5,0.0,1.6954812756981867,2.3679301138148117,-0.6724488381166249,15298,5509,Nrn1,0.0,True
2377,53863055.5,0.0,0.4117795822085998,0.12928823600641817,0.28249134620218164,15298,5509,Ctla2a,0.0,True
2392,56928275.0,0.0,0.5175628782432136,0.16311426424740158,0.35444861399581196,15298,5509,Rasgrf2,0.0,True
2412,26906816.0,0.0,1.1882534429175615,1.8604462597871334,-0.6721928168695719,15298,5509,Rgs7bp,0.0,True
2421,55888586.5,0.0,0.33043978526096435,0.045372844585387664,0.2850669406755767,15298,5509,Fst,0.0,True
2512,23387412.0,0.0,1.0694082307024013,1.812858114758586,-0.7434498840561847,15298,5509,Meg3,0.0,True
2605,26831315.5,0.0,1.8910464065707013,2.5152927917845718,-0.6242463852138704,15298,5509,Kif21a,0.0,True
2692,66466174.5,0.0,2.438424819854677,1.6894615654746785,0.7489632543799984,15298,5509,Gap43,0.0,True
2871,56829334.5,0.0,0.46977871816189976,0.09505191956222668,0.37472679859967306,15298,5509,Sema6a,0.0,True
2896,53898742.5,0.0,0.2879238134206461,0.032777771749125925,0.25514604167152016,15298,5509,Tubb6,0.0,True
2910,78448032.5,0.0,1.8394156474903498,0.22936467351451734,1.6100509739758324,15298,5509,Gal,0.0,True
2918,22311063.5,0.0,4.199435559571079,5.3070859455219175,-1.1076503859508389,15298,5509,Malat1,0.0,True
996,28431109.0,2.5524799009889244e-308,0.6377234743398654,1.3113551488378625,-0.6736316744979971,15298,5509,Tmem233,2.1815726653764714e-306,True
2344,56355256.5,2.2058026567474566e-307,1.6073399001932893,1.2087594866067766,0.39858041358651275,15298,5509,Tubb2b,1.828142504910392e-305,True
1459,28114927.5,1.9935782341358286e-303,1.0545988415745267,1.7764158081718167,-0.72181696659729,15298,5509,Rgs10,1.6036577854004387e-301,True
898,51127932.5,6.762222055983998e-300,0.18207326987597605,0.0020131339424503767,0.18006013593352568,15298,5509,Ucn,5.284193520890353e-298,True
2924,28074293.5,1.042430819615785e-297,2.2235328219389303,2.7405321563674225,-0.5169993344284922,15298,5509,Gng3,7.919578587914367e-296,True
2457,28495496.5,2.2723410237816283e-297,0.6951671884062798,1.0816509294452483,-0.38648374103896854,15298,5509,Etv1,1.679689918930474e-295,True
1864,28609015.0,4.3076847938638304e-284,1.0867459611078718,1.7574189739182888,-0.670673012810417,15298,5509,Dgkh,3.100399450320415e-282,True
295,28584985.5,7.989831462474445e-282,1.2099998120001894,1.831124314762743,-0.6211245027625536,15298,5509,Ppp1r1c,5.60312539740195e-280,True
1984,29504375.0,4.975512435772696e-279,0.46641523571594234,0.9241626487853094,-0.45774741306936706,15298,5509,Tln2,3.4020066279595807e-277,True
497,29011780.0,1.0926090930408261e-266,1.0815416342064446,1.702141495102809,-0.6205998608963645,15298,5509,Bex3,7.288502120650389e-265,True
1882,35099328.5,6.327506169621523e-254,0.04980569588018473,0.18703066435688484,-0.13722496847670013,15298,5509,Gm26870,4.1204117556940155e-252,True
1996,29486676.5,4.142488762089899e-250,0.914616366310189,1.4962691189045338,-0.5816527525943448,15298,5509,Scg3,2.6348155265850872e-248,True
2995,54280499.5,2.7582279554064706e-245,0.7036776000346793,0.39946666639586775,0.3042109336388115,15298,5509,Gfra1,1.7144894222810674e-243,True
1285,29770387.0,2.827234605330612e-230,2.654158093891306,3.120626039160525,-0.4664679452692191,15298,5509,Selenow,1.718330365684272e-228,True
2832,29890608.0,1.2299153323923989e-227,1.6203268980320413,2.141560831195587,-0.5212339331635458,15298,5509,Kif5b,7.31264876976785e-226,True
2563,30218301.0,2.14545448640285e-225,0.7854086746609767,1.2641236583684239,-0.47871498370744714,15298,5509,Asap1,1.2484719192152754e-223,True
107,30469773.5,4.9889061641999874e-225,0.6288752571420163,1.1909909147565176,-0.5621156576145013,15298,5509,Cd55,2.842637158143118e-223,True
1512,31640816.0,2.1341556928712428e-222,0.3304730980634477,0.7300705019259099,-0.39959740386246223,15298,5509,Ahi1,1.1912073102046632e-220,True
15,30414296.5,9.147789583993234e-222,0.6939394555268789,1.1282177760114038,-0.43427832048452497,15298,5509,Ogfrl1,5.003840902444299e-220,True
1035,54233278.0,1.6331101984523365e-220,2.4178288255988614,2.1564606940819924,0.261368131516869,15298,5509,Hspb1,8.757953711308117e-219,True
412,30390953.0,2.7058011567986674e-216,0.9858972404216579,1.6537360761836741,-0.6678388357620162,15298,5509,Tshz2,1.4231473392008376e-214,True
1664,32783718.0,3.6240986024003763e-215,0.21780934435039973,0.5428347347608049,-0.3250253904104052,15298,5509,Kbtbd11,1.8701716372764206e-213,True
2685,49029784.0,4.63814340366707e-212,0.13200674477349164,0.006948334384462524,0.12505841038902912,15298,5509,2010005H15Rik,2.3491337424128584e-210,True
2021,52533988.5,7.833260321347079e-212,0.48739451938385114,0.1974308848303713,0.28996363455347984,15298,5509,Chst2,3.8952667234335016e-210,True
943,49765644.0,2.6087692710766924e-210,0.18555048352098755,0.025155803150202292,0.16039468037078525,15298,5509,Gm34583,1.2741042779276346e-208,True
2902,31202107.5,5.72189713268924e-210,0.48380264205811263,0.9159565732410897,-0.43215393118297707,15298,5509,Hsbp1l1,2.745506782088609e-208,True
1176,53078640.5,4.4319376681425696e-209,0.7002977711692333,0.34142504928373024,0.35887272188550307,15298,5509,Chl1,2.0898878486844705e-207,True
521,48745605.5,7.049473566274415e-205,0.12431069793455267,0.004603151862092248,0.11970754607246042,15298,5509,Car1,3.2678491870780554e-203,True
430,30483308.0,9.682767375451212e-205,2.6012685653080685,3.0322628556776943,-0.4309942903696258,15298,5509,Pcsk1n,4.4137281286431774e-203,True
2546,31427461.0,3.347835745366394e-199,0.4933097083413992,0.8721360500311284,-0.3788263416897292,15298,5509,Ncald,1.5010378300946045e-197,True
276,31884406.5,6.6101541458372674e-198,0.3816883982939903,0.7085863256570519,-0.3268979273630616,15298,5509,Kcnh7,2.915930901429827e-196,True
1543,30744450.5,2.2731249620889777e-197,1.6864695792267343,2.168497228287714,-0.4820276490609796,15298,5509,Fabp7,9.868248843354531e-196,True
379,48814417.0,8.792623586362763e-197,0.13946440361686485,0.010077589667691594,0.12938681394917326,15298,5509,1700003F12Rik,3.757472735734712e-195,True
8,36563474.0,1.2625111078828172e-196,0.051948236649634896,0.20049478561686254,-0.14854654896722763,15298,5509,Gm38116,5.312258277014623e-195,True
813,33939416.5,1.564458639290356e-193,0.15910197691578917,0.39651447226882286,-0.2374124953530337,15298,5509,Fndc5,6.483021785544127e-192,True
661,30895744.0,4.123424529947835e-193,1.4598458928000386,1.9399104411496069,-0.48006454834956824,15298,5509,Ank2,1.6832188193145268e-191,True
1933,53363930.0,2.592510230469242e-192,1.6316499537344529,1.349537943375502,0.28211201035895095,15298,5509,Thy1,1.0427228647549084e-190,True
1340,32799883.5,6.178466220450769e-192,0.23056143690075223,0.43576550422768134,-0.2052040673269291,15298,5509,Kcnc3,2.4490007410047615e-190,True
2997,30877313.5,6.92348686999032e-191,2.743243570189323,3.2796365041315907,-0.5363929339422677,15298,5509,mt-Nd1,2.7051052270605033e-189,True
1131,52586829.5,2.751458080489231e-189,0.633885564057011,0.3450624270993983,0.28882313695761275,15298,5509,Gadd45a,1.0598926549490207e-187,True
855,31010681.0,1.0343447466551153e-188,1.5587682649564578,1.9849411989477406,-0.42617293399128275,15298,5509,Kif1b,3.9290734473635285e-187,True
2998,30989652.5,2.9837779426093875e-187,2.5299948221964064,2.979356637509002,-0.4493618153125958,15298,5509,mt-Nd4,1.1178948867173526e-185,True
323,32225186.5,1.1461292423292915e-185,0.426311195282999,0.8680165224930969,-0.4417053272100979,15298,5509,Ano3,4.236031726717044e-184,True
882,52938540.0,1.9742340266613422e-182,1.18808502757392,0.8619596575683841,0.326125370005536,15298,5509,Cacna2d1,7.199373417225028e-181,True
2037,33170326.5,2.0008684821610462e-179,0.32800943172950103,0.7668618696432703,-0.43885243791376927,15298,5509,Acpp,7.200493814092712e-178,True
70,47923500.0,4.3277748697174326e-179,0.18368705403850108,0.0032405023884122673,0.1804465516500888,15298,5509,Ecel1,1.5372031517762568e-177,True
326,34694860.5,2.512555640306879e-176,0.18660626257585783,0.49301963894828826,-0.30641337637243043,15298,5509,Rasgrp1,8.81005086697348e-175,True
2428,31471488.5,7.380969180102641e-176,1.1945891234186785,1.706808970385826,-0.5122198469671475,15298,5509,Fkbp1b,2.555310216149459e-174,True
1121,33767811.0,1.4071981667625782e-172,0.22899213373424396,0.5112429454485448,-0.2822508117143008,15298,5509,Wipf3,4.810858732619564e-171,True
238,34247853.0,3.158186041564416e-170,0.20223919676366722,0.5113433255444139,-0.30910412878074667,15298,5509,Kcnt1,1.0663751634171207e-168,True
1872,49054104.0,3.82123456264578e-170,0.23009951177175883,0.039878226714995794,0.19022128505676303,15298,5509,Lmo7,1.2745215279068547e-168,True
644,32528313.0,3.9133873025602724e-170,0.4169031970653647,0.7808286261268262,-0.3639254290614615,15298,5509,Palmd,1.2895318400605234e-168,True
1043,33684984.0,1.9402039661747737e-169,0.21999948086882942,0.4815655756519621,-0.2615660947831327,15298,5509,Agfg2,6.3172117232000075e-168,True
938,51275385.0,2.6875752561603575e-169,0.3828136230879342,0.18888728455012868,0.19392633853780553,15298,5509,Gabrg1,8.647668618351268e-168,True
2446,51452947.0,1.5829016721770394e-168,0.6075700992782426,0.2681962407612395,0.3393738585170031,15298,5509,Sox11,5.0339954341909335e-167,True
102,34155648.5,2.0016134588034534e-167,0.22539893658674975,0.5163652681834082,-0.29096633159665847,15298,5509,Dpp10,6.29242851704304e-166,True
2874,33736794.0,9.824942908264402e-167,0.2685639764818238,0.6643912807705815,-0.39582730428875773,15298,5509,Ctxn3,3.053547597057175e-165,True
632,32033934.5,1.3018312621696601e-166,0.637523701055761,0.9354163513784024,-0.29789265032264145,15298,5509,Kcna2,4.000571350600023e-165,True
64,34192544.0,3.2303297997099487e-165,0.19122833729438438,0.41103357451677475,-0.21980523722239037,15298,5509,Sphkap,9.816613335785234e-164,True
736,32027316.5,5.303318553114625e-161,0.9542535416947578,1.4630996705599815,-0.5088461288652236,15298,5509,Phf24,1.5939094772273077e-159,True
2826,51033099.5,4.00711494639196e-160,0.44236140761043946,0.2840617470054877,0.15829966060495176,15298,5509,Adcyap1,1.1912455846067403e-158,True
1183,51895695.5,1.2112258137247853e-159,0.6912285652613477,0.42487872521082526,0.2663498400505224,15298,5509,Camk1,3.5620458070293416e-158,True
2758,51887985.0,5.123424137140172e-159,0.8041779745945794,0.5398886342348524,0.26428934035972695,15298,5509,Cdkn1a,1.4906984058594013e-157,True
1353,37775833.0,5.846677617747374e-158,0.03380023734624823,0.17899580182672237,-0.14519556448047413,15298,5509,Mrgprx3-ps,1.683227714162007e-156,True
55,35408009.5,1.1630750354277734e-157,0.10621058639787456,0.2719831520685761,-0.16577256567070153,15298,5509,Plcd4,3.313552314473917e-156,True
2298,33045236.0,3.695905711577643e-156,0.4021780236227283,0.7365433242355366,-0.3343653006128083,15298,5509,Dip2c,1.0420930021819437e-154,True
1146,37906207.5,1.188351721827928e-155,0.03013969550644219,0.12471755097344452,-0.09457785546700233,15298,5509,Gm44235,3.316471386938146e-154,False
881,32667141.5,1.9009282352690934e-155,0.5494993281353971,0.9106009640835349,-0.3611016359481377,15298,5509,Pclo,5.2515542661221926e-154,True
636,49367003.5,9.858988721359481e-155,0.25505105450648563,0.0690859072949143,0.1859651472115713,15298,5509,Csf1,2.696433415291818e-153,True
647,36102114.0,3.0140831459968575e-154,0.11402275139806495,0.3334819892705052,-0.21945923787244026,15298,5509,Gm26871,8.161898420100402e-153,True
1916,32146272.5,1.4494867012007025e-153,1.3064386078676793,1.7478160873153448,-0.4413774794476655,15298,5509,Fez1,3.88661385076855e-152,True
1188,33915155.0,8.494803719367617e-153,0.28304668273388484,0.5879029247629866,-0.3048562420291017,15298,5509,Ift122,2.2556590458709155e-151,True
1093,36051666.5,1.3536631275636689e-152,0.093595378772115,0.28127978347000554,-0.18768440469789055,15298,5509,Dgki,3.5598737056602254e-151,True
949,34824884.5,1.926491316286651e-152,0.1816679668854045,0.48697665943791457,-0.30530869255251003,15298,5509,Gm7271,5.018051190518087e-151,True
311,33285705.0,4.0244603562050945e-152,0.4142817115737742,0.8255931748669404,-0.4113114632931662,15298,5509,Dgkz,1.0383867051151824e-150,True
1325,32113384.0,5.320363172815744e-152,2.578073326256905,2.808200662894885,-0.23012733663798013,15298,5509,Fxyd7,1.3599246053879494e-150,True
1928,36033581.5,6.884039391600741e-152,0.09149671736806272,0.26507450143908273,-0.17357778407102,15298,5509,Jhy,1.7433192348174097e-150,True
20,32188964.0,7.342503435791319e-151,1.6945400955860597,2.080055391741731,-0.38551529615567115,15298,5509,Dst,1.8423621006320418e-149,True
568,35073050.0,1.0467201577185116e-149,0.14885071402522526,0.33440516328575726,-0.185554449260532,15298,5509,Gria2,2.6025269376001176e-148,True
1006,32469610.0,1.5794739077944705e-149,0.7787231832594386,1.138066569008986,-0.3593433857495474,15298,5509,Rph3a,3.891766790826915e-148,True
989,48289328.5,2.222320881687856e-149,0.2057659645990376,0.03342560240711608,0.1723403621919215,15298,5509,Sez6l,5.426828224478827e-148,True
626,33815537.0,1.0793078688636707e-147,0.3150768650416409,0.6311941358288798,-0.31611727078723895,15298,5509,Magi3,2.612307098532867e-146,True
1497,46871341.5,2.580862928571211e-147,0.10675251517390702,0.0005032834856125942,0.10624923168829442,15298,5509,Fgf3,6.191807113721282e-146,True
2442,33820945.0,2.78093574621714e-146,0.30254371359478205,0.5708583174476952,-0.26831460385291317,15298,5509,Id2,6.613790666003372e-145,True
672,34670354.5,3.3919699873234615e-146,0.20160325575766003,0.4212704443344252,-0.21966718857676515,15298,5509,Cxxc4,7.997446478732472e-145,True
2025,32380067.5,6.527148255139734e-146,1.444082068663219,1.9062702687915256,-0.46218820012830664,15298,5509,Rnf7,1.5257906391288183e-144,True
2636,34314787.0,1.6536736408985674e-145,0.2359813478906207,0.4848916459988033,-0.2489102981081826,15298,5509,Hoxc9,3.8328791592013407e-144,True
2744,49463956.5,7.935181781524315e-144,0.25499246930260194,0.09195016057109824,0.16304230873150372,15298,5509,Tnfrsf12a,1.823758165753698e-142,True
834,33124854.0,2.972768229046019e-143,0.5120439904805708,0.908031123938153,-0.3959871334575822,15298,5509,Nipal3,6.775434255367386e-142,True
487,34593741.5,4.517444452170095e-143,0.19818580586250045,0.41176858169035685,-0.2135827758278564,15298,5509,Tmem35a,1.0210917831971249e-141,True
2920,36576769.0,9.15747048509947e-143,0.07346321364179476,0.19767911275133473,-0.12421589910953998,15298,5509,Gm37376,2.0529247357989386e-141,True
370,51732222.5,3.931027790281482e-142,1.3492521766167915,1.029483417894609,0.31976875872218247,15298,5509,Srxn1,8.740943907658418e-141,True
1419,46712280.0,1.1817833114913245e-141,0.11798441357301344,0.0007027048485946434,0.1172817087244188,15298,5509,Cckbr,2.606594642684494e-140,True
2948,34075682.5,1.6115033450607332e-141,0.2931322989437966,0.5984843772520351,-0.30535207830823846,15298,5509,Vps13a,3.5259693189928844e-140,True
310,32929211.0,5.064455231300481e-141,0.6117091758253438,0.9785748648424366,-0.3668656890170928,15298,5509,Ckap5,1.0993083379053028e-139,True
357,49958877.5,9.868438059210625e-141,0.41796419974599913,0.16112921864872248,0.25683498109727665,15298,5509,Flrt3,2.1252108733811858e-139,True
2064,32576222.5,1.6524142173852315e-140,1.377995521798939,1.7785045314131023,-0.40050900961416325,15298,5509,Higd1a,3.5307444410536e-139,True
2756,32823431.5,3.7748384397876653e-140,0.7679147653788976,1.2542445746891033,-0.48632980931020575,15298,5509,AI413582,8.003242738619585e-139,True
7,32777591.0,1.1227154556802547e-139,0.8609510757472681,1.2801617374668905,-0.4192106617196224,15298,5509,Kcnb2,2.362020593296536e-138,True
2714,35913940.5,6.475205586059811e-139,0.1330083673955152,0.34761605492567965,-0.21460768753016446,15298,5509,Samsn1,1.3518845250285177e-137,True
1978,35750260.0,7.186763218324152e-139,0.1780652828424622,0.48734256867287357,-0.30927728583041136,15298,5509,Paqr5,1.4890755607664056e-137,True
2323,36910363.5,7.401642623462858e-139,0.06158161933323273,0.1750128299153911,-0.11343121058215838,15298,5509,Hist1h1e,1.5164024813942704e-137,True
2757,33035664.0,7.42954049385127e-139,0.6006334565270692,0.9492276401337539,-0.3485941836066847,15298,5509,Pacsin1,1.5164024813942704e-137,True
1982,37089512.0,7.581377985303901e-139,0.06722151610995702,0.2180614009756487,-0.15083988486569166,15298,5509,Dapk2,1.5359310214671237e-137,True
575,33127429.5,1.8472859512640817e-138,0.5640351668457928,0.8918344366808469,-0.32779926983505414,15298,5509,Fbxw7,3.714946379931811e-137,True
2099,35300078.0,2.5128139995690277e-138,0.18471033762119385,0.4731058724383145,-0.28839553481712066,15298,5509,Kcnmb1,5.01645714512503e-137,True
2086,34998375.5,3.3581317515704286e-138,0.18390878150286252,0.4015557253638208,-0.21764694386095826,15298,5509,Cobl,6.655427783003711e-137,True
2066,35109632.0,8.600153932470549e-138,0.2398879050269714,0.49311342287662346,-0.2532255178496521,15298,5509,9530059O14Rik,1.692188561532874e-136,True
785,32694423.0,3.123503341022633e-137,1.397401905384016,1.8130282612530988,-0.4156263558690827,15298,5509,Elavl4,6.101986884069215e-136,True
2650,33828852.5,3.7017627539116985e-137,0.3234244249882172,0.5971223346251511,-0.27369790963693386,15298,5509,Ccdc74a,7.180369597126592e-136,True
2510,33410268.5,5.418983255521508e-137,0.49117300652674634,0.8681246338017509,-0.37695162727500453,15298,5509,Eml1,1.0437267044965721e-135,True
296,48550940.5,1.035013014844722e-136,0.18240074885293725,0.05758736225127506,0.12481338660166219,15298,5509,Pde1a,1.9795528640561642e-135,True
1965,33598517.5,1.2916667525773724e-136,0.4219369766286675,0.8043771494552063,-0.3824401728265388,15298,5509,Isl2,2.4532698390966068e-135,True
2928,34038363.5,2.9001860264027236e-136,0.38877656994404525,0.7478962381196461,-0.35911966817560087,15298,5509,Syt7,5.470350884283758e-135,True
2921,34349355.0,4.640399798352959e-134,0.23568016370542128,0.4087177612507756,-0.1730375975453543,15298,5509,Rasgrp2,8.692803731846127e-133,True
456,32852281.5,1.3590919003659424e-133,1.2712810186625074,1.773918533485795,-0.5026375148232876,15298,5509,Fgf13,2.5286505765311922e-132,True
1812,37618884.5,3.65970749471641e-133,0.047840007357869224,0.1658631893591508,-0.11802318200128156,15298,5509,Slc35f4,6.763040539222556e-132,True
2690,32786429.0,8.692363074040786e-133,2.2865710582517593,2.642741149466145,-0.3561700912143855,15298,5509,Fstl1,1.595544497147755e-131,True
773,32860134.0,1.857215938419897e-132,1.396994578936693,1.7956573993684908,-0.3986628204317977,15298,5509,Elavl2,3.386323727718945e-131,True
561,32935693.0,4.94388866844627e-132,1.1041261682447239,1.5844716304208601,-0.4803454621761363,15298,5509,Lxn,8.954659276954005e-131,True
593,34688241.5,6.676962660230125e-132,0.43495044189107473,0.713455064157501,-0.2785046222664263,15298,5509,S100a9,1.2014140049821968e-130,True
722,33191613.0,3.628720915903007e-131,0.7077402455531028,1.1229789948461835,-0.4152387492930807,15298,5509,Cpne3,6.486635101303741e-130,True
1754,34631333.5,9.89415394947514e-131,0.2776953479064166,0.6366726362904409,-0.3589772883840243,15298,5509,Nrn1l,1.7571760423256175e-129,True
1901,36814538.0,1.0952899090968932e-130,0.07369867900060367,0.21564668006643747,-0.1419480010658338,15298,5509,9530077C05Rik,1.9326567105677437e-129,True
2670,32994187.5,1.2626641122848707e-130,1.020580711603461,1.3403656654345661,-0.31978495383110506,15298,5509,Fgf12,2.213709196858411e-129,True
2852,33095094.5,4.2236097976849095e-130,0.8790234903411388,1.293481363528744,-0.4144578731876053,15298,5509,Pura,7.357689679406514e-129,True
2691,33586807.5,5.878126939850228e-129,0.47466986978661774,0.7450553316321725,-0.2703854618455548,15298,5509,Lsamp,1.017511213955087e-127,True
444,34022142.0,1.0931298197107761e-128,0.39527828434209406,0.70153300783234,-0.3062547234902459,15298,5509,Tmem255a,1.8803207905087877e-127,True
1499,37208748.5,1.1492750199850386e-128,0.09481751549312137,0.3129206437049593,-0.21810312821183794,15298,5509,Mrgprd,1.9645419872869254e-127,True
2211,38640804.0,1.4521256549339972e-128,0.025384875629835196,0.11977070762649653,-0.09438583199666133,15298,5509,Nog,2.466809730586635e-127,False
248,35295875.0,1.884221946613988e-128,0.19496016590969079,0.46693922813949235,-0.27197906222980156,15298,5509,Ass1,3.181078409869912e-127,True
2557,34590056.5,2.4501944861454907e-128,0.343112726393358,0.7155989455592814,-0.3724862191659234,15298,5509,Mal2,4.11121590159995e-127,True
861,36224162.5,6.106285892463414e-128,0.12420087992946738,0.29801984954103655,-0.17381896961156917,15298,5509,Chd5,1.0183348729199656e-126,True
1758,33255392.5,2.3098616889135716e-127,0.7830464936737012,1.1861587557070388,-0.4031122620333376,15298,5509,Zfhx3,3.828770738896133e-126,True
1725,34390898.5,3.398587492385078e-127,0.33199508147361634,0.6334514736453342,-0.3014563921717178,15298,5509,Clgn,5.599479994983848e-126,True
92,33346099.0,5.758845686700098e-127,0.6997214940048939,1.099155861213543,-0.3994343672086491,15298,5509,Vps4b,9.431402965942974e-126,True
2116,33106899.5,7.655782979439794e-127,1.112588123712611,1.487234732127601,-0.37464660841499,15298,5509,Sqstm1,1.2463432409980855e-125,True
2061,34501959.0,1.3177007602871291e-126,0.3610413694113205,0.7314940796336648,-0.3704527102223443,15298,5509,Scn11a,2.1324920588078688e-125,True
1178,48707857.5,2.2518978275337024e-126,0.22578802740737813,0.0841482196515651,0.14163980775581303,15298,5509,Itpr1,3.622906210767456e-125,True
646,33346890.5,3.848443171124324e-126,0.6844450338248724,1.0396644395277155,-0.35521940570284305,15298,5509,Snx7,6.155258522236858e-125,True
2282,37114495.0,7.17030572897766e-126,0.06925111660285513,0.19326100589634387,-0.12400988929348875,15298,5509,2900041M22Rik,1.1401619865554594e-124,True
913,35027759.0,7.275351535983874e-126,0.30963999004487014,0.6552573851778466,-0.34561739513297646,15298,5509,Ldb2,1.150178407567393e-124,True
1751,33352266.5,1.0102113681958826e-125,0.723102604677473,1.0955377461947755,-0.3724351415173025,15298,5509,Nol3,1.5878897080550224e-124,True
2794,33255213.0,1.0824539725406481e-125,0.8223437368080068,1.1631821960806663,-0.34083845927265954,15298,5509,Rcan2,1.6917209227992414e-124,True
1102,33389070.0,1.272145460406665e-124,0.6861046161337372,0.9415914770203536,-0.25548686088661643,15298,5509,Cntnap2,1.97688513307513e-123,True
2356,34114843.5,1.6386227642334954e-124,0.3783137011117125,0.6775861224296351,-0.29927242131792264,15298,5509,Phactr1,2.531996192191305e-123,True
1877,35857104.0,1.3370142528711074e-123,0.144027646470104,0.33728222263901664,-0.19325457616891265,15298,5509,AC135119.1,2.0543449334845387e-122,True
775,50952803.5,1.9354276501597487e-123,0.9670174107330821,0.6948799202832489,0.27213749044983326,15298,5509,Jun,2.957203700104421e-122,True
704,35198590.0,1.9597520845261837e-123,0.1931486865638683,0.39620241442602955,-0.20305372786216125,15298,5509,Nexn,2.977734417321729e-122,True
445,36654727.5,3.7607333159450895e-122,0.12197369407164525,0.33413632605600146,-0.2121626319843562,15298,5509,Tenm1,5.682655038182221e-121,True
2504,35010526.5,1.038794298601692e-121,0.23863867545980386,0.47484911017329967,-0.23621043471349581,15298,5509,Serpina3g,1.561045278393202e-120,True
290,37447584.0,1.3287761183522326e-120,0.07402708294889161,0.2036427315591038,-0.1296156486102122,15298,5509,Pde11a,1.9859031058433642e-119,True
2673,33296325.0,1.7819143742621624e-120,1.4133026427473636,1.883367937773508,-0.47006529502614436,15298,5509,Ppp1r2,2.648660768264682e-119,True
2482,36269053.5,6.538524992481299e-120,0.11424401298467952,0.2810357581314798,-0.16679174514680029,15298,5509,Dcaf4,9.666413975371002e-119,True
2389,33399232.5,1.0072699474576053e-119,0.9908309712097289,1.2790884791963522,-0.2882575079866233,15298,5509,Edil3,1.481120057148683e-118,True
2148,34014584.5,6.351715537423373e-117,0.5596872275010184,0.9312789684038664,-0.37159174090284797,15298,5509,Chd3,9.289808553397284e-116,True
5,38958821.5,1.7951047418593072e-116,0.02153706270002039,0.09233146830545245,-0.07079440560543207,15298,5509,Gm9947,2.611495462226173e-115,False
2899,35029765.0,1.8278065321735006e-116,0.29577707968191796,0.6058957970071802,-0.31011871732526225,15298,5509,Rab27b,2.645000457933611e-115,True
489,35486830.0,2.4729632972344433e-116,0.18805750388051234,0.36600761461096326,-0.17795011073045092,15298,5509,Gprasp2,3.559765588387475e-115,True
1521,33461493.5,2.9395148107310067e-116,1.3235440023366476,1.7662801506644243,-0.44273614832777675,15298,5509,Ncoa7,4.209200527408012e-115,True
2898,36966498.0,1.1347279617814496e-115,0.10646292891887876,0.3277809482449222,-0.22131801932604345,15298,5509,Ccdc68,1.6163963413918044e-114,True
750,50436842.0,2.0504659596682077e-115,0.7490931983930477,0.4838688038539712,0.2652243945390765,15298,5509,Abca1,2.90571212419303e-114,True
175,36458247.5,2.378025029358666e-115,0.13567626173940256,0.35188687597835117,-0.2162106142389486,15298,5509,Tstd1,3.352524976956676e-114,True
2527,35931105.0,6.109384726131162e-115,0.18373284180109872,0.3929171268407747,-0.20918428503967595,15298,5509,Plcxd3,8.568803705624988e-114,True
2660,36894597.5,1.186252816797706e-114,0.11487769433707176,0.2944655468498246,-0.17958785251275286,15298,5509,Dgkg,1.6553068642559827e-113,True
2875,38660724.5,1.715948718828208e-114,0.0343094275435619,0.1503601547096386,-0.1160507271660767,15298,5509,1700011I03Rik,2.3822942873071822e-113,True
2060,34161275.0,3.935382999986928e-114,0.5293651282990872,0.9330361628233778,-0.40367103452429054,15298,5509,Scn10a,5.435996214628408e-113,True
2281,37232869.0,4.298752335484248e-114,0.09335986302509425,0.26782415624431866,-0.1744642932192244,15298,5509,Smim5,5.908084239974583e-113,True
777,35597288.5,8.680850069680446e-114,0.18681578778741686,0.3729249500692413,-0.18610916228182445,15298,5509,Patj,1.187106247028801e-112,True
243,33600983.0,2.750399865005775e-113,1.1860329381034234,1.5583965855208601,-0.37236364741743677,15298,5509,Olfm1,3.7424595178063657e-112,True
166,33639051.5,1.730002728949978e-112,1.2171878491975905,1.661313003103282,-0.4441251539056914,15298,5509,Rgs4,2.342355180038708e-111,True
2057,33599136.5,1.817778920949102e-112,1.437846440649137,1.8365895949123667,-0.3987431542632298,15298,5509,Rbms3,2.441816998026098e-111,True
923,36444391.0,1.821318711507583e-112,0.1235236420856016,0.2766047903741624,-0.15308114828856081,15298,5509,9230114K14Rik,2.441816998026098e-111,True
2177,35009110.0,2.3669967955960043e-112,0.2670881608360968,0.5128088249206324,-0.24572066408453558,15298,5509,Unc119,3.157920115100035e-111,True
226,33822381.5,5.508631094962325e-112,0.7448625564310483,1.0842287011467735,-0.33936614471572524,15298,5509,Mindy3,7.313643711030077e-111,True
503,35247751.5,6.323770170887552e-112,0.23714889792431235,0.44612024236419806,-0.20897134443988571,15298,5509,Iqsec2,8.355319525303118e-111,True
2922,36030660.5,1.9603495109355115e-111,0.17927103652255966,0.4232632882453028,-0.24399225172274314,15298,5509,Plcb3,2.5776711117349152e-110,True
451,35559360.0,3.670753015574952e-111,0.25694669637631956,0.5687486151124563,-0.3118019187361368,15298,5509,Hs6st2,4.803593061051432e-110,True
931,34963658.5,1.3035142927633944e-110,0.30518567777125494,0.5919310727811924,-0.28674539500993745,15298,5509,Klhl5,1.6976721860513732e-109,True
46,46085417.0,6.713459959486759e-110,0.09114202155794968,0.0070365086422613755,0.0841055129156883,15298,5509,Gm4208,8.702044070709141e-109,False
1492,35793971.5,6.964157392086952e-110,0.2035441960828017,0.3712079432656587,-0.167663747182857,15298,5509,Kcnq1ot1,8.984420031772553e-109,True
2839,34524304.0,1.3159330177138905e-109,0.40100925239396196,0.6586461395142177,-0.25763688712025573,15298,5509,Rit2,1.6897074194589155e-108,True
1876,34162780.0,4.037284839654308e-108,0.6578084271332378,1.0014286490446038,-0.343620221911366,15298,5509,Pou4f1,5.159800951614267e-107,True
2949,33760543.0,1.17073274743352e-107,1.672612005295424,2.0537863345598795,-0.3811743292644554,15298,5509,Prune2,1.4892809601072917e-106,True
867,34192149.5,2.2386437542429075e-107,0.5784458478038376,0.8465937180796497,-0.2681478702758121,15298,5509,Cdk14,2.834579012895533e-106,True
321,37102606.5,2.4693392672055094e-107,0.10141305690883776,0.2410073918484666,-0.13959433493962883,15298,5509,Kcna4,3.112277832169156e-106,True
2821,34154208.0,2.9135638845269794e-107,0.6828587640775237,1.0425429503888828,-0.3596841863113591,15298,5509,Prkce,3.6553198276060956e-106,True
2725,34927478.5,1.715662608694588e-106,0.4321274242222696,0.7956733955657981,-0.3635459713435285,15298,5509,Runx1,2.142619741908538e-105,True
2280,50428895.0,2.700842757711351e-106,1.431615008825994,1.221032661180994,0.21058234764499995,15298,5509,Hn1,3.3576386101547932e-105,True
863,46080312.0,3.675155850520099e-106,0.09543816997613373,0.008472758607520258,0.08696541136861348,15298,5509,Tmem88b,4.5482132358246475e-105,False
408,34929311.5,1.1510038309557373e-105,0.37661610274665724,0.6500489499858332,-0.27343284723917594,15298,5509,Kcnb1,1.4180159809297033e-104,True
49,34705022.0,2.3053413091515778e-105,0.3671043510671331,0.5489304354321239,-0.18182608436499087,15298,5509,Unc80,2.82740290606707e-104,True
2604,34557158.0,5.264729538716135e-105,0.5100543045879421,0.8927254212387907,-0.38267111665084863,15298,5509,Cpne8,6.428140753744924e-104,True
1529,38749952.0,1.0922015589839737e-104,0.038746166503694085,0.13042175757029775,-0.09167559106660367,15298,5509,Gm16364,1.3276316728094082e-103,False
279,35241039.0,3.251132391611667e-104,0.3197605825520069,0.5906499536045291,-0.2708893710525222,15298,5509,Csrnp3,3.9344456155123495e-103,True
854,35700775.0,1.7686314872714614e-103,0.2755960286329184,0.5656566242448973,-0.2900605956119789,15298,5509,Casz1,2.1309282456772895e-102,True
286,33922950.0,2.1334250114370247e-103,1.7630270433538684,2.194103453043451,-0.4310764096895825,15298,5509,Dync1i2,2.559174301000115e-102,True
930,36238292.0,3.8663860234640274e-103,0.20198650341751498,0.40095489202683204,-0.19896838860931707,15298,5509,Nwd2,4.617714311866426e-102,True
2450,34386376.5,4.628734936844936e-103,0.5658211491068083,0.8983705304124939,-0.3325493813056857,15298,5509,Prkar2b,5.504169587943869e-102,True
1369,34594073.5,7.182766811363059e-103,0.4981673083692793,0.8227782056399918,-0.3246108972707125,15298,5509,Luzp2,8.504271527739378e-102,True
1787,34230852.0,2.9163455104401418e-102,0.703655742484683,1.0691232301923177,-0.3654674877076347,15298,5509,Adk,3.438019384074909e-101,True
1448,34012771.0,4.6620395670766986e-102,1.4621020815965171,1.8795112448754716,-0.4174091632789545,15298,5509,Ypel3,5.47239408410076e-101,True
2076,35362252.5,5.3942717722677604e-102,0.28288344087185063,0.5336041963529033,-0.2507207554810527,15298,5509,Pik3ip1,6.304843289381336e-101,True
1904,35041729.5,7.97098314966047e-102,0.34240972022211874,0.5921597961387697,-0.24975007591665094,15298,5509,Eepd1,9.276867623115483e-101,True
1069,34102647.5,1.058655830044646e-101,1.053308914797515,1.4735655364416445,-0.42025662164412947,15298,5509,Tac1,1.2268744471068248e-100,True
2273,37543206.5,1.3648709647534808e-101,0.07493434087107874,0.19197992745510012,-0.11704558658402138,15298,5509,Abca6,1.5750726112239538e-100,True
2548,35712316.5,1.9555954490170275e-101,0.249044773186151,0.4699326924268368,-0.22088791924068576,15298,5509,Rims2,2.2472914088493993e-100,True
145,36953490.5,2.0992916605511207e-101,0.11698821558670229,0.274147467046168,-0.1571592514594657,15298,5509,Brinp2,2.4023274860281653e-100,True
280,34883553.5,2.127766764247963e-101,0.3556094305495094,0.5432296841040571,-0.18762025355454776,15298,5509,Scn1a,2.424767541757575e-100,True
25,36533637.5,3.479199083399535e-101,0.15245536954103048,0.3280734440784963,-0.17561807453746583,15298,5509,Mgat4a,3.9483856817832897e-100,True
2500,38128089.0,4.959821827971883e-101,0.06720819335758074,0.23797974309662875,-0.170771549739048,15298,5509,Serpina11,5.60541847086905e-100,True
1381,35159510.0,9.129287952133372e-101,0.34704914720236457,0.5902018396894639,-0.24315269248709936,15298,5509,Igf1r,1.0275145081927892e-99,True
407,34455703.0,1.3960087178038043e-100,0.569622373290281,0.921285541212531,-0.35166316792225005,15298,5509,Zfas1,1.5647884603251658e-99,True
2102,35827048.5,9.303639559852334e-100,0.22099656232994358,0.4030646906402727,-0.18206812831032915,15298,5509,Gabrg2,1.038589967191679e-98,True
2825,34298031.0,1.7164437107719083e-99,0.8117466938507999,1.1739282629055685,-0.3621815690547686,15298,5509,Nrxn1,1.908322580878524e-98,True
2408,37235596.0,1.7679728660557725e-99,0.1193253651446109,0.2797407008885939,-0.16041533574398298,15298,5509,Cartpt,1.9576541654504202e-98,True
447,36174466.5,8.334142394938442e-99,0.19779637142376646,0.3862159697843269,-0.1884195983605604,15298,5509,Smarca1,9.191080423450257e-98,True
1779,35559214.0,2.381710881713366e-98,0.33932470727981745,0.6463456497638785,-0.3070209424840611,15298,5509,Fam89a,2.6160559283076525e-97,True
253,36803358.5,2.65485023735623e-98,0.13539146883277323,0.31912300074674255,-0.18373153191396932,15298,5509,Ptrh1,2.9044061596677154e-97,True
1961,35359796.0,5.592293204808818e-98,0.29399160056709817,0.5090898527382518,-0.21509825217115364,15298,5509,Cib2,6.09359438850682e-97,True
1685,34923466.0,7.39944218196139e-98,0.4197896086862338,0.7103190530952309,-0.29052944440899714,15298,5509,Tusc3,8.030743796692222e-97,True
2702,34298426.0,2.1372850860385398e-97,0.9759744704002269,1.367575026925944,-0.391600556525717,15298,5509,Cd47,2.3104643123776313e-96,True
116,35305280.0,3.8459242037414327e-97,0.34200139324022083,0.5646262081136332,-0.22262481487341235,15298,5509,Plekha6,4.1411821642648885e-96,True
2591,38807154.5,4.195678652193109e-97,0.04054822847156301,0.12986354467640143,-0.08931531620483843,15298,5509,Mei1,4.500071024999276e-96,False
2883,36322694.5,7.605653839429123e-97,0.21869500203973244,0.4392285222736673,-0.22053352023393488,15298,5509,Camk2a,8.12557158235885e-96,True
1193,36172546.0,1.1406451153423275e-96,0.2274722264350058,0.45822975045815345,-0.23075752402314764,15298,5509,Rasgef1a,1.21387719473201e-95,True
1280,34418074.0,1.4197681354947302e-96,0.8129373015162823,1.1589217908224503,-0.345984489306168,15298,5509,Peg3,1.505064283169801e-95,True
1613,34857713.5,1.913910992443073e-96,0.6003490533088913,1.0343147847174008,-0.43396573140850947,15298,5509,Syt1,2.0210604495489595e-95,True
492,34200692.5,1.962735734082285e-96,2.0083530395070173,2.4141720578977366,-0.4058190183907193,15298,5509,Bex2,2.0646470125827113e-95,True
1615,49474427.5,3.180578845617515e-96,0.5920470420960794,0.3589584395617278,0.2330886025343516,15298,5509,Phlda1,3.332905418683488e-95,True
272,34406721.5,5.208119262405811e-96,0.8885502832388985,1.2482076238606643,-0.3596573406217658,15298,5509,Rbms1,5.436719917053394e-95,True
2226,36191613.0,6.018409898368399e-96,0.20799823637752923,0.45805156392140245,-0.2500533275438732,15298,5509,Hoxb5,6.258688620546604e-95,True
776,38771424.5,8.257210768260724e-96,0.03773818289405327,0.12716581456514311,-0.08942763167108984,15298,5509,Cyp2j12,8.554345246664047e-95,False
718,35432803.0,1.57102952674396e-95,0.351803272437608,0.5781852848259303,-0.22638201238832234,15298,5509,Runx1t1,1.621421039865936e-94,True
2359,35447808.0,4.095841648880936e-95,0.30462785565823813,0.5162150942071302,-0.21158723854889205,15298,5509,Id4,4.211325905898255e-94,True
1693,36368160.5,1.0445302144512987e-94,0.185080904289464,0.3621754970363445,-0.1770945927468805,15298,5509,Gpm6a,1.0699588526308246e-93,True
141,38366039.0,1.2030013325875743e-94,0.06239679342434282,0.16872429198041597,-0.10632749855607315,15298,5509,Rgs8,1.2276897927712747e-93,True
2369,34505631.0,2.380377519850894e-94,0.8184475580593662,1.1765321240623323,-0.3580845660029661,15298,5509,B230219D22Rik,2.420197961632786e-93,True
1871,36770551.0,2.5016365405928264e-94,0.1843168327356623,0.4293411586053013,-0.24502432586963901,15298,5509,Klf5,2.5340651624153256e-93,True
31,35847164.5,6.769879410425957e-94,0.2639073566231558,0.5012254568073891,-0.23731810018423327,15298,5509,Gpr45,6.832332172514758e-93,True
864,36535556.5,1.0179304112159235e-93,0.1584821145728993,0.32630515208654387,-0.16782303751364458,15298,5509,C1qtnf12,1.0235439980424818e-92,True
2876,37019353.5,1.0678970729290274e-93,0.1203157630142417,0.25401577714768675,-0.13370001413344507,15298,5509,Isoc1,1.0698529283739523e-92,True
502,35686885.0,1.6401278653720455e-93,0.288540507958082,0.5742072572036028,-0.28566674924552077,15298,5509,Tro,1.6371349313111473e-92,True
313,46379334.5,2.235152117025999e-93,0.12985905319427915,0.02711808748606566,0.10274096570821349,15298,5509,Trp53i11,2.2229603782058575e-92,True
592,36051205.0,2.2845739584595545e-93,0.40992756690021165,0.6440358073993913,-0.2341082404991796,15298,5509,S100a8,2.2638803537633627e-92,True
2000,34736004.5,3.3619558497007937e-93,0.5929926973316708,0.8972777359492066,-0.30428503861753575,15298,5509,Fbxo9,3.319476263152228e-92,True
2971,39012881.0,7.492332075044642e-93,0.038467375542264294,0.13522754438894846,-0.09676016884668417,15298,5509,Slc16a12,7.371053318434206e-92,False
19,37052408.5,1.0342639374270841e-92,0.13204682742144097,0.30433708090505995,-0.17229025348361898,15298,5509,Bag2,1.0138752218147222e-91,True
67,35133892.5,1.4662422634610047e-92,0.4222516864391444,0.7061758137796978,-0.28392412734055344,15298,5509,Pde6d,1.43220449663066e-91,True
2433,35608440.5,1.6953187879631142e-92,0.29521928869037534,0.4843129903563404,-0.18909370166596506,15298,5509,Trib2,1.6500700658644548e-91,True
2988,36726276.0,1.8779443794259943e-92,0.16385774066119924,0.33906794443593224,-0.175210203774733,15298,5509,Kcnip2,1.8213396729539342e-91,True
999,36983632.0,2.1189420315836277e-92,0.1359685357641597,0.28609109935990035,-0.15012256359574064,15298,5509,Ksr2_ENSMUSG00000061578,2.047811468685944e-91,True
2486,35071188.5,5.120092569520986e-92,0.48575130245255504,0.75334441612107,-0.2675931136685149,15298,5509,Nrxn3,4.930793372408414e-91,True
140,34486249.0,7.23086996548702e-92,1.062723024778889,1.417599327452892,-0.35487630267400294,15298,5509,Arpc5,6.939098019511228e-91,True
1041,35909653.0,7.306009630170684e-92,0.28780403991062015,0.5181826194788377,-0.23037857956821756,15298,5509,Actl6b,6.986691027453433e-91,True
124,34739824.0,8.118233174982684e-92,0.5885679152410838,0.7822445097675194,-0.1936765945264356,15298,5509,Syt2,7.736365063964334e-91,True
360,38489459.5,2.3470302376305025e-91,0.05246640054059205,0.1426410459008437,-0.09017464536025166,15298,5509,Cfap61,2.2288637846942447e-90,False
1966,37591454.5,2.908078260497665e-91,0.08185111486969485,0.20028644139913845,-0.11843532652944361,15298,5509,Pstpip1,2.7521086652114576e-90,True
2238,37953740.0,1.4621598049203556e-90,0.08290692534697756,0.2314632030997123,-0.14855627775273472,15298,5509,Krt27,1.3789679539507492e-89,True
2159,34944969.0,3.4254613492476965e-90,0.5547960573824413,0.8823938325659872,-0.32759777518354594,15298,5509,6330403K07Rik,3.2194628144991235e-89,True
2820,47233061.0,8.261596100625279e-90,0.20821916649953268,0.08709291712979975,0.12112624936973293,15298,5509,Cyp1b1,7.738173060003472e-89,True
2637,35993334.0,9.846077455001327e-90,0.29839677918179447,0.6269293563076179,-0.32853257712582346,15298,5509,Ppp1r1a,9.19079243666506e-89,True
2133,37163492.0,1.7016626258910585e-89,0.13418412517660477,0.29867758912390996,-0.16449346394730519,15298,5509,Rnf112,1.5830092795279065e-88,True
1373,37437727.0,2.0399020962109324e-89,0.09830365968344501,0.20275779634412638,-0.10445413666068137,15298,5509,9330162G02Rik,1.8912312654701356e-88,True
1408,34697391.5,2.9998100634523697e-89,0.9160077981379385,1.2585411071267645,-0.34253330898882595,15298,5509,Pgm2l1,2.7717839606561593e-88,True
2996,39310939.0,5.984621798153185e-89,0.027974850290121023,0.0977476316379617,-0.06977278134784068,15298,5509,Kcnk18,5.511091117154532e-88,False
1946,34665705.0,6.81237426534483e-89,0.9875409682699081,1.4018171812207005,-0.4142762129507924,15298,5509,Cadm1,6.252296515341649e-88,True
2894,34828812.0,7.826262344348677e-89,0.7118917636144478,1.0567150008512853,-0.3448232372368375,15298,5509,Gnal,7.158805187890847e-88,True
2596,37028079.5,8.904037773316564e-89,0.15610259424410122,0.3038549182512722,-0.14775232400717098,15298,5509,1810041L15Rik,8.117514436673601e-88,True
82,34657853.5,9.627668394017095e-89,1.0091517164695827,1.304312845195091,-0.29516112872550826,15298,5509,Kif1a,8.748064138749753e-88,True
496,34715379.0,2.1314210175779402e-88,0.8741947887573933,1.2542639020039086,-0.38006911324651527,15298,5509,Tceal9,1.9302769811508827e-87,True
384,35479111.0,2.7548681494921137e-88,0.35983208100469205,0.583737490484453,-0.22390540947976095,15298,5509,Vstm2l,2.486654913815489e-87,True
470,36704089.5,3.7635208698863965e-88,0.14670615534972067,0.27309991193281347,-0.1263937565830928,15298,5509,Dkc1,3.38593078261161e-87,True
1675,38774210.5,3.9027858231563557e-88,0.04801020239017245,0.1326413696726529,-0.08463116728248044,15298,5509,Chrna6,3.4997112217484043e-87,False
1739,36854903.5,4.453149613867284e-88,0.21336243616510084,0.3951702492094797,-0.18180781304437885,15298,5509,C78859,3.9801843771003345e-87,True
39,38534933.0,4.4937729700702355e-88,0.048390129604426166,0.13890454567557772,-0.09051441607115156,15298,5509,Dnah7a,4.0034101215446563e-87,False
518,34683130.5,7.926635926693023e-88,1.0181453571728705,1.367497833828698,-0.3493524766558276,15298,5509,Tpd52,7.038749759579681e-87,True
1858,36192239.5,9.132934391303419e-88,0.2668466275578465,0.518382277723597,-0.2515356501657505,15298,5509,Gfra2,8.083681411072767e-87,True
937,35620055.5,1.0176355827267791e-87,0.3580260715284499,0.6179241837114992,-0.25989811218304926,15298,5509,Kctd8,8.978171995992713e-87,True
2041,37562051.5,1.2204525934523122e-87,0.12087002878285036,0.2690588478820242,-0.14818881909917386,15298,5509,Cacna2d2,1.0732919109620817e-86,True
665,36947279.0,2.072909255154659e-87,0.15752410833890176,0.33326802768763125,-0.1757439193487295,15298,5509,Fam241a,1.8171175682205104e-86,True
2865,45175484.0,2.101034230677758e-87,0.0651577855142431,0.0027680591708692678,0.062389726343373836,15298,5509,Gpr151,1.835887738307881e-86,False
475,36138684.0,2.71728573148526e-87,0.24155472559976227,0.4232703521366813,-0.18171562653691903,15298,5509,Ar,2.366807794780951e-86,True
824,36374174.0,3.573173063532392e-87,0.1845290988883819,0.3245750341615623,-0.1400459352731804,15298,5509,Hmgn2,3.1024216916701878e-86,True
1744,35078245.5,6.624943716578715e-87,0.5568724323289914,0.8293840558122014,-0.27251162348321,15298,5509,Dok4,5.7339307167224004e-86,True
889,36942621.5,7.400001307933138e-87,0.15259025756361344,0.32903352142482345,-0.17644326386121,15298,5509,Lhfpl3,6.384543715204143e-86,True
249,36757760.5,1.662830224745269e-86,0.1702243006685179,0.32687854848377246,-0.15665424781525455,15298,5509,Gm13425,1.430138573798211e-85,True
2031,35592360.0,2.6884131939480464e-86,0.36962388893952736,0.6078256810842347,-0.23820179214470738,15298,5509,Mras,2.304956139638842e-85,True
1930,35341734.5,6.91496202954662e-86,0.44004286458826547,0.672145332665904,-0.23210246807763857,15298,5509,Sorl1,5.910131609628127e-85,True
1087,39207883.0,1.1937532876164111e-85,0.029497950944990282,0.09527959792508647,-0.0657816469800962,15298,5509,Lrguk,1.0171075519099328e-84,False
6,37915481.0,1.2475565741799642e-85,0.10333592070045898,0.25109600689327777,-0.14776008619281877,15298,5509,Trpa1,1.0596482081932304e-84,True
294,36242102.0,2.4222212527123925e-85,0.2334539154539552,0.43499173367037464,-0.20153781821641945,15298,5509,Zfp385b,2.0510139709499671e-84,True
2540,36785947.5,2.721336211646839e-85,0.1630023364601009,0.32593190434473096,-0.16292956788463006,15298,5509,March11,2.297177326806823e-84,True
918,36474669.0,4.1614251861677545e-85,0.2144329796379843,0.41228273361420775,-0.19784975397622345,15298,5509,Lcorl,3.5019993489750184e-84,True
366,34704511.5,8.384224581865279e-85,2.047170728388301,2.3934810869269594,-0.3463103585386582,15298,5509,Fkbp1a,7.034004365460595e-84,True
262,34805713.0,1.7701197499336757e-84,1.110375726986422,1.375766371372607,-0.26539064438618487,15298,5509,Kif5c,1.480513001855842e-83,True
677,34724390.0,2.589208977203472e-84,2.050634209382365,2.3943356862431546,-0.3437014768607898,15298,5509,Ppp3ca,2.158989802637651e-83,True
1635,35564069.0,3.740003511440676e-84,0.33898108134914284,0.4840009853841772,-0.14501990403503434,15298,5509,Fam19a2,3.1090910649818386e-83,True
1636,34835988.5,5.49119698692621e-84,1.0743690144079956,1.3909681975203083,-0.3165991831123127,15298,5509,Avil,4.5510375028009646e-83,True
1667,37405483.5,5.67543584728092e-84,0.1440818248514299,0.31228732770427997,-0.16820550285285008,15298,5509,Zmat4,4.68952176504934e-83,True
705,36801717.0,1.7804851238253e-83,0.1559711652768289,0.2867315002787585,-0.1307603350019296,15298,5509,Ak5,1.466755064356083e-82,True
1730,37524571.0,2.913009536957088e-83,0.10724123774884067,0.225208455385512,-0.11796721763667134,15298,5509,Gm2694,2.392516841915206e-82,True
810,39054207.0,4.376224775670428e-83,0.04497829848580664,0.13813806097773074,-0.09315976249192409,15298,5509,A3galt2,3.583525377682222e-82,False
812,38417787.0,3.383473763076803e-82,0.06703455198942722,0.1793670239787897,-0.11233247198936248,15298,5509,Hpca,2.7623285797059867e-81,True
563,37027203.0,3.689018661822198e-82,0.15427374336968783,0.2896878267099742,-0.1354140833402864,15298,5509,1110032F04Rik,3.002817273834438e-81,True
1949,34894966.0,7.864834744834412e-82,1.2791659795966042,1.6232613575704877,-0.34409537797388356,15298,5509,Rexo2,6.382885171252853e-81,True
768,38513082.5,8.706069889419235e-82,0.05968877921091731,0.14775364388186754,-0.08806486467095023,15298,5509,Bnc2,7.044704481527103e-81,False
2274,36138771.0,1.1876038144935052e-81,0.304146278272766,0.5425605268342605,-0.23841424856149446,15298,5509,Abca5,9.581405406016923e-81,True
441,35951089.5,1.221906285654292e-81,0.33400519436346066,0.5794010105480181,-0.2453958161845574,15298,5509,Dock11,9.82915791548379e-81,True
148,35511978.5,1.3989593967670984e-81,0.4464998731084494,0.690070152381909,-0.24357027927345964,15298,5509,Rabgap1l,1.119586051989144e-80,True
1466,36232594.0,1.3999942587944688e-81,0.2381320254639152,0.4012403463605984,-0.1631083208966832,15298,5509,Ptpre,1.119586051989144e-80,True
1327,39260932.5,1.6825482975798516e-81,0.029835750305415378,0.10027322875523761,-0.07043747844982223,15298,5509,Gm38285,1.3416237883034675e-80,False
1429,36243303.0,2.7268232398783277e-81,0.2579048961977716,0.47636923054423513,-0.2184643343464635,15298,5509,Dkk3,2.167983011938147e-80,True
207,46292992.5,2.875608317008996e-81,0.12473149186164724,0.05000872227625435,0.0747227695853929,15298,5509,Cenpf,2.2796489121795953e-80,False
87,39355534.0,4.285688709046187e-81,0.03176270348961821,0.11296584915350723,-0.08120314566388902,15298,5509,Gm7967,3.387675901514832e-80,False
1025,35534761.0,6.1981465052235e-81,0.46361185366895613,0.7281278732676082,-0.26451601959865206,15298,5509,Auts2,4.885282620111318e-80,True
106,39202869.5,9.46870261080197e-81,0.03515570578768531,0.11494018051195896,-0.07978447472427366,15298,5509,Gm15675,7.441638402454997e-80,False
578,36062253.5,1.7661306721655953e-80,0.3008857202283801,0.5105663251132382,-0.20968060488485807,15298,5509,Arhgef11,1.384059423602551e-79,True
2271,35624344.0,2.4289467602277906e-80,0.4731692819254328,0.788009825133038,-0.3148405432076052,15298,5509,Prkca,1.8980483969208594e-79,True
727,39373802.0,2.77054231747551e-80,0.02752304239595638,0.08757404186683321,-0.06005099947087683,15298,5509,Cfap206,2.1588128884032822e-79,False
2528,39477132.0,3.2656491844448805e-80,0.026668963908080757,0.10111427403336305,-0.0744453101252823,15298,5509,Mroh2b,2.5373723066638488e-79,False
1266,35634530.5,7.649903409215689e-80,0.3924497825290892,0.5786460054863902,-0.18619622295730104,15298,5509,St8sia1,5.927049808556631e-79,True
2170,38839413.5,9.277561487927106e-80,0.05323024640153179,0.15023955150917193,-0.09700930510764014,15298,5509,Bhlha9,7.167833522452156e-79,False
2880,46744966.5,1.0742553397743376e-79,0.18365994641159658,0.0640958741575881,0.11956407225400847,15298,5509,Smim3,8.276305223331868e-79,True
2357,38718900.5,1.4061428750165892e-79,0.05134735683793576,0.1308306544928655,-0.07948329765492973,15298,5509,Rnf182,1.0802811132501043e-78,False
1283,37610695.5,1.7369088717849402e-79,0.10764724580364611,0.2217750431430998,-0.11412779733945368,15298,5509,Lig1,1.3306570768436446e-78,True
2260,37887903.0,2.1462189796268972e-79,0.09229389135978364,0.20038033146957415,-0.10808644010979052,15298,5509,Fmnl1,1.6396393601339563e-78,True
753,37540651.5,2.4581366745901232e-79,0.1274883797646414,0.2628299847434625,-0.13534160497882108,15298,5509,Palm2,1.8727030097504143e-78,True
1837,35325161.0,1.5917658486910547e-78,0.6044083205938522,0.8854724253344165,-0.2810641047405643,15298,5509,Cab39l,1.2092998878250097e-77,True
270,44964767.0,1.5961922064095255e-78,0.061962554072242,0.004372890231040604,0.0575896638412014,15298,5509,Acvr1c,1.2093035137202361e-77,False
2727,35369548.0,2.4040695111060474e-78,0.5719421905764563,0.8206885355630468,-0.24874634498659043,15298,5509,Cbr1,1.8163342853245966e-77,True
1374,36177103.0,3.8144033848701254e-78,0.32307481643287894,0.506843921565593,-0.18376910513271405,15298,5509,Snhg14,2.873937536534378e-77,True
2823,49015668.0,4.702102013802118e-78,0.849503670559826,0.6229289062474322,0.22657476431239376,15298,5509,Rhoq,3.533035441689229e-77,True
2946,35133317.5,8.804394520638564e-78,1.0571843042447069,1.4512329450209485,-0.3940486407762416,15298,5509,Gnaq,6.597265483273006e-77,True
2089,35979647.0,1.3610492185135086e-77,0.355144614216996,0.5801069044602946,-0.22496229024329856,15298,5509,Spred2,1.017068200173346e-76,True
293,37043065.5,1.632310208798695e-77,0.18641033221732126,0.3718523217207971,-0.18544198950347582,15298,5509,Ccdc141,1.2164491610529784e-76,True
2962,35206344.0,2.8035694237134533e-77,0.8742161167448456,1.1993814659133761,-0.32516534916853057,15298,5509,Pten,2.083631079852254e-76,True
14,36692457.5,2.8957954933256558e-77,0.2090607355579258,0.3667723354445088,-0.15771159988658304,15298,5509,Rims1,2.1463416461370378e-76,True
1172,35947332.5,5.309300544628791e-77,0.384136008943134,0.6466997009247459,-0.26256369198161195,15298,5509,Magi1_ENSMUSG00000045095,3.9245775647458765e-76,True
1800,45248339.5,9.847646383460094e-77,0.0742533569909865,0.011413141709969748,0.06284021528101674,15298,5509,A630023A22Rik,7.259653061661283e-76,False
320,36074868.0,1.055567825301831e-76,0.3815962042202236,0.6612065657028273,-0.2796103614826037,15298,5509,Mpped2,7.760693554302442e-76,True
56,47378575.5,1.0930395130075965e-76,0.23408574516185565,0.11097951206505403,0.12310623309680162,15298,5509,Cryba2,8.014646295109321e-76,True
744,35847581.5,1.216642263391827e-76,0.4655958814582654,0.7047987445784603,-0.23920286312019484,15298,5509,Gabbr2,8.89710318282526e-76,True
2447,40276663.0,1.3765006494552844e-76,0.00933453215486582,0.05753665880533511,-0.04820212665046929,15298,5509,Gm45941,1.0039278070027207e-75,False
1845,37540005.5,1.580362046102611e-76,0.1384910708812224,0.2706223444443578,-0.1321312735631354,15298,5509,Mir124a-1hg,1.1495452649177236e-75,True
1746,36220530.5,1.666448675386985e-76,0.3196793508059208,0.550032627616034,-0.2303532768101132,15298,5509,Cdh11,1.2089488401016985e-75,True
224,38004891.5,2.0560498436430535e-76,0.1139294039519867,0.28057543705516735,-0.16664603310318066,15298,5509,Prkcq,1.4876445297258602e-75,True
2862,36866406.0,2.2774256829345906e-76,0.21733083466904227,0.4033762594232517,-0.18604542475420946,15298,5509,Arhgap26,1.6434720957324815e-75,True
1545,35857925.0,2.3268699941965212e-76,0.4359156129468682,0.7045402402375526,-0.26862462729068437,15298,5509,Pcbd1,1.6747340616124964e-75,True
1979,36195566.0,3.187136146723317e-76,0.2638352202034968,0.4430254181186782,-0.17919019791518137,15298,5509,Calml4,2.287878572516607e-75,True
1304,39200928.5,3.2443136547091896e-76,0.03509546891359502,0.10420583081523638,-0.06911036190164135,15298,5509,Dll3,2.322290282917535e-75,False
1297,47982614.5,3.252055496736438e-76,0.35415957583421187,0.19792967367597583,0.15622990215823604,15298,5509,Tgfb1,2.322290282917535e-75,True
1549,36730317.0,3.7159000607365166e-76,0.21746714453776728,0.40582378519496515,-0.18835664065719787,15298,5509,Fam241b,2.6466111109672844e-75,True
269,38268865.0,4.3184669752907854e-76,0.07521125532691594,0.18157139329382826,-0.10636013796691232,15298,5509,Galnt5,3.06779407205722e-75,True
2429,46952187.5,4.779150148884847e-76,0.2518724736856068,0.10421089580285797,0.1476615778827488,15298,5509,Sdc1,3.3862631236269575e-75,True
197,37648256.0,6.265005419987287e-76,0.12128633675879201,0.2376032264149044,-0.11631688965611238,15298,5509,Kif26b,4.427594269680937e-75,True
498,35227505.0,7.066396739939114e-76,0.9614378012484922,1.3235331393431802,-0.36209533809468797,15298,5509,Zcchc18,4.981081207147803e-75,True
1736,35204075.5,1.2851199704093823e-75,1.2190812350131666,1.6423199662238912,-0.42323873121072464,15298,5509,Gnao1,9.035483596580105e-75,True
2843,36478238.0,7.971019866780867e-75,0.2638147352080572,0.44421927250056537,-0.18040453729250816,15298,5509,Stard4,5.589933162986069e-74,True
1660,48392626.5,1.2812516320010089e-74,0.47969560727252847,0.3076373966579089,0.17205821061461957,15298,5509,Irs2,8.962207707219333e-74,True
1518,38133374.0,1.403312777635356e-74,0.10164637156451581,0.2252100559192804,-0.12356368435476459,15298,5509,Tmem200a,9.790970527634435e-74,True
1175,35497955.5,1.5190498284586582e-74,0.6131412803469455,0.9163835249182214,-0.3032422445712759,15298,5509,Gm765,1.0571504531385318e-73,True
1992,37408199.0,2.182900215269852e-74,0.1811071669180012,0.3826139965644035,-0.2015068296464023,15298,5509,Unc13c,1.5152873321733617e-73,True
40,35824501.5,3.2547886342977173e-74,0.42991868241101844,0.6196492165686989,-0.18973053415768043,15298,5509,Fam126b,2.2536321303301916e-73,True
1013,38858575.5,4.2241218775110845e-74,0.05263014526697184,0.1364106626107546,-0.08378051734378276,15298,5509,Kntc1,2.91741750883657e-73,False
1504,39285570.0,6.7013891189051134e-74,0.03433899490922363,0.09892889588444534,-0.06458990097522171,15298,5509,Oprm1,4.61670006050516e-73,False
2380,49068413.0,7.061052361528633e-74,2.166442678559642,2.141296397684909,0.025146280874732696,15298,5509,Ctsl,4.8522558313519624e-73,False
1473,37465952.0,1.1121711807813385e-73,0.130809480515455,0.2538207964894403,-0.12301131597398529,15298,5509,Caly,7.623529271771832e-73,True
1250,39919530.5,1.2752458235253665e-73,0.018058117972267872,0.06883356903120133,-0.050775451058933455,15298,5509,Bcl2l14,8.719493318354693e-73,False
1683,35459361.5,1.710941583914682e-73,0.7361439516307469,1.0351357653705535,-0.29899181373980666,15298,5509,Leprotl1,1.1669389606001636e-72,True
26,36967301.0,2.237924177055649e-73,0.20826447999412875,0.36343476499013366,-0.1551702849960049,15298,5509,Aff3,1.5225678169769154e-72,True
1887,39329743.0,7.41101731541997e-73,0.03755909184310748,0.10535874158855042,-0.06779964974544295,15298,5509,Trpc6,5.029561379075339e-72,False
936,35586341.5,8.02561322789694e-73,0.6734125315339443,0.9506077609745892,-0.2771952294406449,15298,5509,Atp8a1,5.433181232252012e-72,True
1439,35877556.0,1.3457918662396856e-72,0.4743012140502891,0.7269367201228666,-0.2526355060725775,15298,5509,Usp31,9.088248775717383e-72,True
2010,38285281.5,1.584220786993741e-72,0.0990289838913914,0.22728103696387023,-0.12825205307247883,15298,5509,Nt5e,1.0672029193172122e-71,True
2171,35438649.0,2.4716421616859645e-72,0.8734613482968058,1.2140112044490103,-0.34054985615220457,15298,5509,Tusc5,1.6609192413295119e-71,True
2658,36371247.5,5.089823688860365e-72,0.3372708739676518,0.5452138692559626,-0.20794299528831078,15298,5509,2510009E07Rik,3.411928379664975e-71,True
1807,38535127.0,7.269893227050304e-72,0.08231640086900772,0.18421931031137107,-0.10190290944236334,15298,5509,Ptgdr,4.86140781808865e-71,True
725,37848076.0,7.385843069203063e-72,0.11849823867508642,0.22747767775938157,-0.10897943908429515,15298,5509,Bach2,4.926897754700092e-71,True
1523,40819686.5,2.400173375906222e-71,0.0032665880530025775,0.031177502921795747,-0.027910914868793168,15298,5509,Gm48093,1.5971956649886906e-70,False
1168,47416621.0,2.4220800356563616e-71,0.28877696934274333,0.14411976135347815,0.14465720798926518,15298,5509,Tmem43,1.60786138289324e-70,True
389,39595492.5,2.9866945585964326e-71,0.027133292510068262,0.08771509254687677,-0.06058180003680851,15298,5509,9430021M05Rik,1.9778715781504218e-70,False
747,37367700.5,3.05345626314278e-71,0.1723626736895759,0.31524340454757577,-0.14288073085799988,15298,5509,Tmeff1,2.017198763211474e-70,True
2746,35969110.0,3.5054315590743015e-71,0.4554974367391474,0.6968129636951433,-0.24131552695599595,15298,5509,Slc9a3r2,2.3102060997754732e-70,True
2953,35737951.5,3.8998262948123865e-71,0.5908628021262144,0.8446797063603704,-0.2538169042341559,15298,5509,Apba1,2.563948297190355e-70,True
508,36868729.5,5.184966903001208e-71,0.2333106971057146,0.3943028610102991,-0.1609921639045845,15298,5509,Reps2,3.400691721752591e-70,True
282,35554978.0,1.0728686677883879e-70,0.8378780725956091,1.1749055685353735,-0.33702749593976444,15298,5509,Scn7a,7.019846426797228e-70,True
2448,36042042.5,1.811267107133515e-70,0.5373585441822922,0.8438571005689038,-0.3064985563866116,15298,5509,Myt1l,1.1822948778067216e-69,True
2892,35996121.0,2.2802970918024373e-70,0.4903257666532707,0.8061569888165098,-0.31583122216323906,15298,5509,Nedd4l,1.484907749066587e-69,True
1863,38751659.0,6.251548368343378e-70,0.058584179950119324,0.13393339784452485,-0.07534921789440552,15298,5509,Siah3,4.0612790468929073e-69,False
2024,35498603.5,8.085777989180043e-70,1.0523674553823965,1.435899726704582,-0.3835322713221856,15298,5509,Atp1b3,5.240427203888013e-69,True
826,35398321.5,1.008837077243367e-69,2.7805157395101037,3.1412659304692934,-0.3607501909591897,15298,5509,Sh3bgrl3,6.522859116455339e-69,True
2805,39373982.0,1.2134667330761336e-69,0.04177173344002454,0.1056673461791699,-0.06389561273914535,15298,5509,St6gal2,7.827432818309494e-69,False
920,36082170.0,1.632406295672008e-69,0.4537906348167831,0.7665108347976847,-0.31272019998090156,15298,5509,Kcnip4,1.0505014632148098e-68,True
562,37971308.0,2.0406030048398755e-69,0.12856620727483326,0.29297765494364714,-0.16441144766881388,15298,5509,Rarres1,1.3101054502903894e-68,True
1044,36858642.0,2.3258287907334874e-69,0.25080075687032405,0.4092480367614506,-0.15844727989112656,15298,5509,Nyap1,1.489728745352714e-68,True
2796,37794669.5,2.5550270710531227e-69,0.1301950153495851,0.2338232319962788,-0.1036282166466937,15298,5509,Tmem151b,1.6327100559182922e-68,True
664,35788872.0,3.3455063250047106e-69,0.6144322877145453,0.8899359989522108,-0.2755037112376655,15298,5509,Ap1ar,2.1328577619785274e-68,True
250,36302954.0,3.663787741990659e-69,0.3835247830815486,0.6312295577523706,-0.24770477467082197,15298,5509,Prdm12,2.330339412638245e-68,True
1976,37273320.0,4.972804399861675e-69,0.24412071226789353,0.4448137270085869,-0.20069301474069337,15298,5509,Celf6,3.1555962955038704e-68,True
1670,45116173.5,5.264991920060757e-69,0.07032354570640263,0.013526973575400853,0.05679657213100178,15298,5509,Star,3.3332761345755027e-68,False
988,37487851.0,6.433068706879099e-69,0.19086951240256578,0.31738910556485106,-0.12651959316228528,15298,5509,Miat,4.0633817351765206e-68,True
167,48429824.5,1.379103377787669e-68,0.6322108823761983,0.4547178544075796,0.17749302796861866,15298,5509,Hsd17b7,8.690893406104318e-68,True
2580,35664759.0,5.1753960150128325e-68,0.8427415353149238,1.0811157891790106,-0.23837425386408684,15298,5509,Rbfox2,3.253955885301172e-67,True
1929,35724837.0,1.2463777402076628e-67,0.7838115990731896,1.1039779937707574,-0.3201663946975678,15298,5509,Ubash3b,7.8184475217155e-67,True
2833,36234896.0,2.5874387229689264e-67,0.42511974594266516,0.6509697761148023,-0.22585003017213717,15298,5509,Impact,1.6193695440091565e-66,True
1811,47999088.0,3.576101091076404e-67,0.5396450332402004,0.40834881909800175,0.13129621414219866,15298,5509,Lgals3,2.233022028331955e-66,True
2259,37054781.0,4.1481629743292607e-67,0.2087695424960884,0.36545518754057427,-0.15668564504448587,15298,5509,Acbd4,2.584333880362307e-66,True
2367,35907237.0,4.1840811539216944e-67,0.5223654963169964,0.7026141953547037,-0.18024869903770735,15298,5509,Cplx2,2.600786808176326e-66,True
38,38084167.5,5.123778109234532e-67,0.12232758355057495,0.2390356245076412,-0.11670804095706626,15298,5509,1700019D03Rik,3.177671911282641e-66,True
1977,37303437.0,7.962863899111157e-67,0.17780473334675292,0.3268498121181361,-0.14904507877138315,15298,5509,Uaca,4.927247231689822e-66,True
1278,37230063.0,9.099697169480286e-67,0.24680075746877012,0.4455529833077637,-0.1987522258389936,15298,5509,Syt5,5.617984595604645e-66,True
2724,36631694.5,1.1351951533441267e-66,0.3439089735425161,0.6610587070320075,-0.31714973348949144,15298,5509,Grik1,6.992699874766185e-66,True
281,35883197.0,1.5453907815016211e-66,0.7421061243999588,1.1485909151753753,-0.40648479077541644,15298,5509,Scn9a,9.498075926757154e-66,True
2166,37557768.5,2.0899971700770713e-66,0.16813507034704422,0.29934807256006546,-0.13121300221302123,15298,5509,Rtn4rl1,1.2816462466728228e-65,True
1827,35989726.5,2.1781697782316192e-66,0.5963661246751829,0.8781982369129285,-0.2818321122377456,15298,5509,Jph4,1.3327280410432838e-65,True
915,35903681.0,4.229518337042347e-66,0.6453990831031939,0.9452961110989255,-0.2998970279957316,15298,5509,Qdpr,2.582083181207772e-65,True
1875,39636427.0,1.4113619904017802e-65,0.03306375116401714,0.10287058205615594,-0.0698068308921388,15298,5509,AC121997.2,8.597049095209062e-65,False
556,39173070.0,2.1495969308405013e-65,0.05284696439759856,0.1358636839661546,-0.08301671956855605,15298,5509,Mindy4b-ps,1.3064772457441715e-64,False
2401,37467438.0,2.7478965610465816e-65,0.21255677095575604,0.39697280266575646,-0.18441603171000043,15298,5509,F2rl2,1.6664073380182706e-64,True
683,36616735.5,3.997382334587903e-65,0.32788978510240807,0.5249699630443942,-0.19708017794198618,15298,5509,Tspan5,2.4187700630747603e-64,True
2870,35834027.0,4.122701362512205e-65,0.8054092734288544,1.1268289777995393,-0.3214197043706849,15298,5509,Ap3s1,2.489092323724256e-64,True
1377,40037872.0,4.3247953113725075e-65,0.020007481642144366,0.07069645669153704,-0.050688975049392675,15298,5509,Gm45052,2.605355765771764e-64,False
1702,40286474.5,6.112064491119957e-65,0.01250812360665969,0.05624647930205606,-0.04373835569539637,15298,5509,Sh2d4a,3.67395524905782e-64,False
1052,46337842.5,6.5979318581999765e-65,0.18223940208416936,0.07722368675502729,0.10501571532914207,15298,5509,Fscn1,3.9573122000388014e-64,True
2334,36548381.0,8.633982729571774e-65,0.40253812532912175,0.6307491486659854,-0.22821102333686366,15298,5509,Nrsn1,5.167164718901269e-64,True
573,39781928.5,1.0645756051587768e-64,0.03237966133845382,0.09756196070515284,-0.06518229936669903,15298,5509,Fgg,6.357236419452521e-64,False
2480,37110996.5,2.565268909044895e-64,0.24006935705072788,0.4272010247664023,-0.18713166771567444,15298,5509,Actn1,1.528542585236991e-63,True
1705,40091454.0,5.387175371246525e-64,0.017693390393274198,0.06702144536642025,-0.04932805497314606,15298,5509,Comp,3.2030270957302703e-63,False
144,36668116.5,1.1504023407976084e-63,0.3545132961319569,0.5837238452363318,-0.22921054910437488,15298,5509,Ralgps2,6.825055102128978e-63,True
353,45643240.0,1.3440393918384474e-63,0.10961278578292412,0.0479525619600904,0.06166022382283372,15298,5509,Prokr2,7.956596832636696e-63,False
2694,35840163.5,1.592084868420868e-63,1.0054246947750212,1.2835485404103566,-0.27812384563533543,15298,5509,Zbtb20,9.404648196827374e-63,True
624,36658291.0,1.608270613382045e-63,0.34979778801442973,0.6080202449060885,-0.2582224568916588,15298,5509,Tspan2,9.47978475775839e-63,True
2519,35744498.0,1.7203201790091458e-63,1.7091338078567442,2.0789230978401916,-0.3697892899834474,15298,5509,Crip2,1.011844234320433e-62,True
1580,36042995.5,2.1435239131012317e-63,0.599387648913805,0.8012142499001038,-0.2018266009862988,15298,5509,Txnrd1,1.2580553438480404e-62,True
1435,46903197.0,2.2465684602353346e-63,0.2186564044567146,0.13491871393498,0.0837376905217346,15298,5509,Tmem159,1.3157097941635206e-62,False
494,38565302.0,2.663555744101287e-63,0.09049630484699894,0.1944206991004721,-0.10392439425347316,15298,5509,Bex4,1.5565865299395344e-62,True
2811,37114016.5,3.851519678744141e-63,0.26645355822682354,0.46851513187444616,-0.20206157364762262,15298,5509,Arhgap28,2.24603546297766e-62,True
1056,36584700.5,5.892048710686595e-63,0.36619059160721146,0.5808544702912581,-0.21466387868404668,15298,5509,Tmem130,3.428670898665497e-62,True
2172,44271435.5,6.3177711986505e-63,0.04030915779283457,0.001080167462804089,0.03922899033003048,15298,5509,Slc6a4,3.668599623844823e-62,False
401,45163098.5,7.02379086011558e-63,0.08660531127245559,0.020195479759767727,0.06640983151268787,15298,5509,Wfdc3,4.069929661528837e-62,False
1598,36634209.0,1.132513762595415e-62,0.4254424922255462,0.7351781723632413,-0.30973568013769515,15298,5509,Plxnc1,6.5484675279037215e-62,True
2840,48463885.0,1.54193153346748e-62,1.5900347773936974,1.4905802222774835,0.09945455511621382,15298,5509,Syt4,8.897010008509614e-62,False
2908,45964996.0,1.7130800979684642e-62,0.15676801020396317,0.05624725881354362,0.10052075139041955,15298,5509,Neto1,9.863734879881578e-62,True
1791,36288858.5,1.7651796430399065e-62,0.5209873825435477,0.7970390811588814,-0.27605169861533374,15298,5509,Prkcd,1.014236622629022e-61,True
1957,38255319.0,1.8610902969604234e-62,0.10195458474552013,0.19767486530411707,-0.09572028055859694,15298,5509,Arhgap20,1.0671031367267838e-61,False
450,39287244.0,2.2057509533246527e-62,0.04693226385297864,0.11164497126053344,-0.0647127074075548,15298,5509,Stk26,1.2620771668081432e-61,False
1163,38914441.0,2.995978160017573e-62,0.06161085762169187,0.1462301052489969,-0.08461924762730504,15298,5509,Aplf,1.710647237504815e-61,False
2435,37136450.0,3.11140892467014e-62,0.26646006613868106,0.4397189176311362,-0.17325885149245512,15298,5509,Pqlc3,1.77285487686934e-61,True
160,45274502.5,3.8466336248458696e-62,0.10560584164471676,0.03148751013885435,0.07411833150586242,15298,5509,Ildr2,2.1872230694289924e-61,False
1757,37363692.5,3.949523261460313e-62,0.22248667376164474,0.39026456533128784,-0.1677778915696431,15298,5509,Cdh1,2.2410676597705305e-61,True
1719,38949917.0,6.971024885023398e-62,0.0754821041289178,0.17218614922534947,-0.09670404509643167,15298,5509,Pou4f2,3.9473608820991705e-61,False
801,36843216.5,9.232438763156598e-62,0.3434240513706939,0.5261813760560391,-0.18275732468534522,15298,5509,Rims3,5.217090912651507e-61,True
1968,36844323.5,1.4145290857988347e-61,0.315265591007439,0.5141811384003652,-0.19891554739292616,15298,5509,Ptpn9,7.976777421978995e-61,True
559,36785467.0,2.0544787335961078e-61,0.3268778760490927,0.5318593043558889,-0.20498142830679622,15298,5509,Kcnab1,1.1561727029599496e-60,True
2098,37594111.0,2.7256832371259956e-61,0.16153989213722206,0.2697113690162846,-0.10817147687906256,15298,5509,Kcnip1,1.530748183478357e-60,True
1557,36934166.0,2.7743326533529047e-61,0.3040683356699679,0.49328567651623256,-0.18921734084626468,15298,5509,Lrrc75b,1.554877009614794e-60,True
2743,36999044.5,3.2259096955947436e-61,0.2639067086511048,0.4399010764713353,-0.17599436782023048,15298,5509,Zfp945,1.8042664657365283e-60,True
621,35853295.0,4.307236909973558e-61,2.1220312214793546,2.437529814176114,-0.3154985926967595,15298,5509,Atp1a1,2.404141418117894e-60,True
2526,37539511.0,5.711110812631143e-61,0.18954281350768684,0.3159920052019778,-0.12644919169429095,15298,5509,Ghr,3.1812399333087934e-60,True
2322,38663182.5,1.0174705487264073e-60,0.07393512469415367,0.15351025557863987,-0.0795751308844862,15298,5509,Hist1h4d,5.656060875542122e-60,False
1745,39593441.5,1.287083162198195e-60,0.033421650913887026,0.08868711777543915,-0.05526546686155213,15298,5509,Cdh8,7.140309226393638e-60,False
1437,39471687.5,2.0085209260273558e-60,0.0487689251364765,0.145639452466503,-0.0968705273300265,15298,5509,Otoa,1.11200500661636e-59,False
1826,37414765.0,2.8907469255616297e-60,0.26553014675607295,0.46261769997692204,-0.1970875532208491,15298,5509,Zfhx2,1.5972106750325368e-59,True
1945,38527344.0,3.614159248985887e-60,0.09911860727528679,0.19576476652754107,-0.09664615925225428,15298,5509,2900052N01Rik,1.992888214914597e-59,False
2181,37138758.0,3.7097177262749147e-60,0.28504978750304427,0.45063283974623314,-0.16558305224318887,15298,5509,Asic2,2.041464382567785e-59,True
1645,47593714.0,3.7709854568226065e-60,0.4473718595635832,0.27111117360998005,0.17626068595360317,15298,5509,Itga7,2.07101309727105e-59,True
1064,36738511.0,5.122403810482734e-60,0.3612562819690148,0.5968610198685187,-0.23560473789950387,15298,5509,B3glct,2.807570024382821e-59,True
2499,40509773.5,7.52353730299845e-60,0.011567747302915732,0.05600367237931432,-0.04443592507639859,15298,5509,Serpina1e,4.115374904740152e-59,False
1843,37861582.5,1.2856398399696482e-59,0.14774161692899973,0.2693670567291804,-0.12162543980018065,15298,5509,Defb42,7.018413098437102e-59,True
480,39582385.5,1.3317283994595787e-59,0.03455128790941547,0.09629557643034316,-0.061744288520927684,15298,5509,Cited1,7.2555322161791786e-59,False
2990,36806827.5,1.522641934623258e-59,0.36537361494796583,0.526138776926535,-0.16076516197856916,15298,5509,Ina,8.279176324442566e-59,True
173,36035654.0,2.238804084132421e-59,0.9771327763109423,1.172189346610771,-0.1950565702998286,15298,5509,Pcp4l1,1.2149065813694785e-58,True
1906,36761341.0,2.7593309546233296e-59,0.34479023812905896,0.5045946256172074,-0.1598043874881484,15298,5509,Opcml,1.4944099328504569e-58,True
2054,37187030.5,3.1771820029681707e-59,0.2623350354013555,0.43942673133927856,-0.17709169593792307,15298,5509,Gpd1l,1.717310825715009e-58,True
778,36010477.0,4.978330120104969e-59,1.266957108272773,1.4695374042326284,-0.20258029595985527,15298,5509,Jak1,2.6855488912203334e-58,True
2186,44590270.0,5.599640887714728e-59,0.07489181820770327,0.013554269397031079,0.06133754881067219,15298,5509,Ccl8,3.01476728895665e-58,False
453,38726733.5,1.0824373291191388e-58,0.08391918502723919,0.17364804740883474,-0.08972886238159555,15298,5509,Fam122b,5.816239872575333e-58,False
555,46762174.0,1.320541733406211e-58,0.3293105416572848,0.20315297938310672,0.12615756227417807,15298,5509,Tm4sf1,7.081728707580367e-58,True
127,44840208.0,1.4876128146050769e-58,0.06971918051037172,0.01703538420846906,0.05268379630190266,15298,5509,Tnni1,7.962076414764941e-58,False
81,38867995.5,2.023578012703196e-58,0.08089149003298791,0.16381034254367072,-0.0829188525106828,15298,5509,Gpr35,1.0809542704576643e-57,False
378,36773758.0,3.0958712721300123e-58,0.32493730986057556,0.4715002618453059,-0.14656295198473035,15298,5509,Necab3,1.6505278614572288e-57,True
2444,37332733.5,3.226567092523175e-58,0.2600395451580689,0.4201722545246333,-0.16013270936656443,15298,5509,Rnf144a,1.716860116352312e-57,True
1535,37755560.0,5.921604925062772e-58,0.17117074312282918,0.30661749095586815,-0.13544674783303898,15298,5509,Popdc3,3.144774654377997e-57,True
2943,39335156.5,1.5761707071454236e-57,0.06209013728653061,0.15740911257297568,-0.09531897528644508,15298,5509,Ms4a3,8.354315666749484e-57,False
525,44051977.0,2.3560487325708877e-57,0.04143601663120392,0.0003774626142094456,0.04105855401699448,15298,5509,Crh,1.2463816796095509e-56,False
2677,39205703.0,2.3692584371905996e-57,0.05143196039095616,0.11555934433876879,-0.06412738394781262,15298,5509,Iqcg,1.2509501594046893e-56,False
2913,36467715.0,2.442462337011825e-57,0.5363977843468664,0.7904220777158828,-0.25402429336901644,15298,5509,Grk2,1.2871164723944781e-56,True
266,36392616.5,2.752544470824498e-57,0.5804757193126371,0.8121215816565753,-0.23164586234393825,15298,5509,Cacnb4,1.447732524558654e-56,True
721,46400237.0,2.762919600679685e-57,0.25422647791225217,0.10773843501419757,0.14648804289805462,15298,5509,Mmp16,1.450400212640871e-56,True
676,39806385.0,2.923164998472012e-57,0.03001774882561567,0.08888488065877563,-0.05886713183315996,15298,5509,Bank1,1.531581661076811e-56,False
1585,48164839.5,3.5069916023207856e-57,1.249369747720334,1.0270980597810027,0.22227168793933139,15298,5509,Timp3,1.8339621476763575e-56,True
543,38273661.0,3.8898173870721547e-57,0.1463054335422852,0.30187952288373004,-0.15557408934144484,15298,5509,Trpc3,2.0302768232141876e-56,True
368,39703900.5,5.02462683989137e-57,0.041661991971311554,0.10630144065612096,-0.0646394486848094,15298,5509,Rspo4,2.617591315638647e-56,False
529,40054039.5,8.442812507127954e-57,0.02312688721343464,0.06907001508813544,-0.0459431278747008,15298,5509,Agtr1b,4.389941484219574e-56,False
2916,38521085.0,1.811745240323082e-56,0.11463245575156954,0.22004877653990873,-0.1054163207883392,15298,5509,Cnih2,9.402510877198538e-56,True
1433,36224636.5,2.0578677123800913e-56,0.9304428710836141,1.3018876836760866,-0.37144481259247253,15298,5509,Calcb,1.0659598851059754e-55,True
2120,41073253.5,3.206262110026227e-56,0.002832296659804272,0.02612252089042007,-0.0232902242306158,15298,5509,Olfr1372-ps1,1.6576799377923876e-55,False
398,39427460.0,3.892466813742933e-56,0.06483464008031743,0.17149726948719118,-0.10666262940687375,15298,5509,Wfdc2,2.0086597614314945e-55,True
1697,36751115.5,8.439358707983923e-56,0.41317672624724655,0.6352244000992386,-0.2220476738519921,15298,5509,Spock3,4.346826001193226e-55,True
2889,36413066.0,1.4976671084178149e-55,0.6958751997102872,1.0243859330799183,-0.3285107333696311,15298,5509,Piezo2,7.699472822411135e-55,True
1493,39427274.5,1.840530056169537e-55,0.0447333090733418,0.11174390930397995,-0.06701060023063815,15298,5509,Slc22a18,9.444370926123233e-55,False
719,36753688.0,3.0403594003113248e-55,0.4374940099091382,0.6649131184914909,-0.2274191085823527,15298,5509,Necab1,1.5571878201969052e-54,True
2221,47981331.0,3.178601340609499e-55,0.9687078380300979,0.8417474760226431,0.12696036200745475,15298,5509,Ngfr,1.624948535806912e-54,True
941,36582655.5,3.304206793067421e-55,0.5746482479161278,0.813804480697834,-0.23915623278170617,15298,5509,Fryl,1.6855333551856057e-54,True
2888,40074050.5,3.3094384341304214e-55,0.02415051030327196,0.07202551088587625,-0.047875000582604285,15298,5509,Htr4,1.6855333551856057e-54,False
629,37887948.0,3.626504830992844e-55,0.19607410545989978,0.3554317801747417,-0.1593576747148419,15298,5509,Kcnd3,1.8435856343430165e-54,True
2208,46710890.0,4.024399867981686e-55,0.2552877051170726,0.14568243589988233,0.10960526921719027,15298,5509,Scpep1,2.0420656101910783e-54,True
706,38880538.5,5.96075809028608e-55,0.09715886707164573,0.195511419397258,-0.09835255232561227,15298,5509,St6galnac5,3.01901358832082e-54,False
195,37051186.0,6.280456600334171e-55,0.33948960243220044,0.5223702541763877,-0.18288065174418727,15298,5509,Rgs7,3.1750552314073856e-54,True
2228,37531048.5,8.44283059171041e-55,0.23998486979644318,0.37193794952210885,-0.13195307972566567,15298,5509,Socs7,4.260358241388925e-54,True
1952,39260846.0,9.226414020901178e-55,0.056421174133482244,0.131585343803042,-0.07516416966955974,15298,5509,Htr3b,4.6471901191831897e-54,False
268,38503102.0,1.1347393708437355e-54,0.10606535299594473,0.19211970190194222,-0.08605434890599749,15298,5509,Kcnj3,5.704985623635324e-54,False
1558,36566609.0,1.464973491142939e-54,0.5500392327486666,0.7574025183434748,-0.2073632855948082,15298,5509,Susd2,7.343888480009517e-54,True
2507,39961117.0,1.4660925448209128e-54,0.02872294444900841,0.07532527550659338,-0.04660233105758496,15298,5509,Gm32635,7.343888480009517e-54,False
446,37894522.0,1.4707476063060122e-54,0.18361640972645535,0.2998362163591082,-0.11621980663265283,15298,5509,Dcaf12l1,7.353738031530061e-54,True
1423,37549634.0,1.552977659042436e-54,0.2849958264037181,0.45919285474684457,-0.17419702834312645,15298,5509,Syt9,7.750718791023836e-54,True
1468,37329104.0,1.6871374457552344e-54,0.3012705035749134,0.47197493376323707,-0.17070443018832365,15298,5509,Ebf3,8.404956127760595e-54,True
2564,46970837.5,1.8257243553557325e-54,0.30386904658886427,0.1993203530882101,0.10454869350065416,15298,5509,Kcnq3,9.07882929435987e-54,True
2084,46157883.5,2.3632344180373844e-54,0.19399060176854055,0.09248388546408164,0.10150671630445891,15298,5509,Igfbp3,1.1730392256501355e-53,True
951,36264864.5,3.331478806988342e-54,1.4404578956543987,1.646760446346764,-0.20630255069236525,15298,5509,Hopx,1.6506511842596224e-53,True
2452,38069096.5,4.0334490183973767e-54,0.1482070817293473,0.27933587023525996,-0.13112878850591267,15298,5509,Efcab10,1.9948432306178706e-53,True
1224,38354535.5,1.0953035258612965e-53,0.12497365818074027,0.2211214181596535,-0.09614775997891323,15298,5509,Prmt8,5.40731975312391e-53,False
657,37551619.5,1.2089937693486157e-53,0.20219485895385436,0.310076278431219,-0.10788141947736463,15298,5509,Ndst4,5.9578341606638985e-53,True
534,40647351.5,1.3466741041266527e-53,0.010648153915285731,0.04831392522554805,-0.03766577131026232,15298,5509,Lrrc31,6.624377112925171e-53,False
1515,39215050.0,1.9741998477773445e-53,0.07823668703631978,0.16793989469490767,-0.08970320765858789,15298,5509,Moxd1,9.693782017362723e-53,False
1472,45424064.0,2.1580764835417338e-53,0.11688999960492419,0.045701735828471875,0.07118826377645232,15298,5509,Adam8,1.0577668785818354e-52,False
2761,45683988.0,2.591915785993641e-53,0.13479753716135096,0.06338104450451042,0.07141649265684054,15298,5509,Mdga1,1.2681376877804308e-52,False
390,38512102.0,2.733965853235633e-53,0.11694810243514092,0.22678575785418356,-0.10983765541904264,15298,5509,Tox2,1.33524939439276e-52,True
2055,40078957.0,4.527206864129989e-53,0.030201324305967746,0.09400397880917102,-0.06380265450320327,15298,5509,Gm48007,2.207114219856599e-52,False
2740,37325460.0,4.68596458782833e-53,0.26333052047925004,0.4007761204667865,-0.13744559998753647,15298,5509,Pdcd2,2.280447179307915e-52,True
2336,37265908.0,6.656256603591034e-53,0.31833890047226693,0.4829825708718086,-0.1646436703995417,15298,5509,Sox4,3.233545614710742e-52,True
648,38615675.0,7.516270944666916e-53,0.1091196821151193,0.19357307579564892,-0.08445339368052962,15298,5509,Gm37928,3.64485833930213e-52,False
843,37162104.5,8.091729286321089e-53,0.39613551540234826,0.6244410399549003,-0.22830552455255204,15298,5509,Nbl1,3.916969840369589e-52,True
1511,40893907.0,8.106344929413942e-53,0.007170863144593418,0.03618280736305281,-0.029011944218459387,15298,5509,Gm20139,3.917111904937656e-52,False
1709,39259974.0,8.123469270344576e-53,0.061310279947210986,0.12744853183743574,-0.06613825189022475,15298,5509,Kcnn1,3.918463572203248e-52,False
246,38408846.5,8.312646094685479e-53,0.12699653073470255,0.250737235529368,-0.12374070479466545,15298,5509,Zdhhc12,4.002656174113518e-52,True
841,37016142.0,8.87552176647156e-53,0.41821449325205184,0.6158081877509988,-0.19759369449894693,15298,5509,Camk2n1,4.266177861388351e-52,True
2784,36427557.5,9.640599158080248e-53,0.9210331450553881,1.255101811280433,-0.33406866622504494,15298,5509,Flot1,4.625796262692891e-52,True
2006,37872659.5,1.0096573662470107e-52,0.18284139972728933,0.32398634848732366,-0.14114494876003433,15298,5509,Filip1,4.836099643932705e-52,True
2729,40902974.5,1.0476767091148769e-52,0.005770611127977786,0.03147762220775852,-0.025707011079780736,15298,5509,2310043M15Rik,5.0094332157852944e-52,False
1302,39914318.5,1.0734371180483863e-52,0.030864101973916678,0.08292837612556542,-0.05206427415164874,15298,5509,9530053A07Rik,5.123648373232699e-52,False
2713,37135499.5,1.337718601876987e-52,0.3809763936290043,0.5986933626049507,-0.21771696897594633,15298,5509,Robo2,6.373972780720487e-52,True
1910,37907128.0,2.5122107747827935e-52,0.24879111378405225,0.4872755694998433,-0.23848445571579105,15298,5509,Tmem45b,1.194938516353207e-51,True
711,39391594.5,5.233416436270348e-52,0.05255332360363617,0.11833544036289644,-0.06578211675926027,15298,5509,Ptger3,2.4849642279860073e-51,False
1019,37009967.0,1.3035471890697616e-51,0.4302716648187131,0.6660226448324489,-0.2357509800137358,15298,5509,Stx2,6.178858859802076e-51,True
2484,38909693.5,2.0660764358477406e-51,0.08651860167291661,0.16627664266769374,-0.07975804099477712,15298,5509,Zdhhc22,9.776330539867769e-51,False
2272,40645791.0,2.3192976118530262e-51,0.010444175925752829,0.04410790514388014,-0.03366372921812731,15298,5509,Rgs9,1.0955576802103673e-50,False
678,40269893.5,2.998019678137815e-51,0.024773154988778284,0.07264114534470843,-0.047867990355930146,15298,5509,Gm567,1.4137213482253319e-50,False
1103,39991185.5,3.089690104960858e-51,0.031227056235641017,0.07027201424134112,-0.039044958005700105,15298,5509,Gm43879,1.4544410390822626e-50,False
2801,44751889.5,3.2130725179626525e-51,0.1127683495176597,0.026807471350578732,0.08596087816708096,15298,5509,Trem2,1.5099232537161264e-50,False
304,39056775.5,3.915226882196155e-51,0.07927701935063561,0.2011249466463698,-0.12184792729573418,15298,5509,P2rx3,1.83673165056715e-50,True
2903,39125926.5,4.462077041197683e-51,0.07906796662304966,0.1663683173551047,-0.08730035073205505,15298,5509,Kcng2,2.089688477341723e-50,False
383,45942166.0,4.6835886338875574e-51,0.1841420690004387,0.12922491012148996,0.05491715887894874,15298,5509,Nnat,2.1896777630226447e-50,False
509,40296114.5,6.169354300733888e-51,0.018098987570861348,0.060430236992903744,-0.042331249422042395,15298,5509,S100g,2.8793829372879154e-50,False
2103,38353725.5,9.12104864255989e-51,0.14783980772775146,0.26754422235622205,-0.11970441462847059,15298,5509,Gabra1,4.2497560540717716e-50,True
1416,37386065.0,1.0738090054177707e-50,0.3474987929315284,0.5223993957670894,-0.17490060283556097,15298,5509,Hbb-bs,4.994672839825855e-50,True
74,37769155.0,1.253396423594224e-50,0.19314779042122282,0.30718990093311743,-0.11404211051189461,15298,5509,Hjurp,5.820100540798307e-50,True
2747,36552899.5,1.3099676708744998e-50,0.8898026735967426,1.1561889717928353,-0.2663862981960927,15298,5509,Hagh,6.072477253969079e-50,True
361,39292668.5,1.7637764149043154e-50,0.06724593740071937,0.13350924899587072,-0.06626331159515135,15298,5509,Insm1,8.162315557975131e-50,False
792,36826461.0,2.0107181258480997e-50,0.5696550524925373,0.7830398309622425,-0.21338477846970516,15298,5509,Ptprf,9.289381882085393e-50,True
992,37126337.5,2.2164603130132596e-50,0.40914839211906545,0.617213347410497,-0.2080649552914316,15298,5509,1500011B03Rik,1.0222628931013938e-49,True
2603,41186968.0,2.748517698771431e-50,0.002586943151159253,0.02309678069470488,-0.020509837543545628,15298,5509,Syt10,1.2655211963198424e-49,False
1951,37902480.5,4.8717784555115015e-50,0.1817047892073537,0.3066520191203693,-0.12494722991301563,15298,5509,Htr3a,2.2393805169452027e-49,True
491,38163424.0,5.098319786293358e-50,0.1611137777868824,0.27052840255527294,-0.10941462476839053,15298,5509,Arxes1,2.339581311327573e-49,True
833,37831395.0,5.231285620383819e-50,0.23533291718824442,0.37617991452775834,-0.14084699733951392,15298,5509,Rcan3,2.3965772481992874e-49,True
1878,36512112.0,5.588054660170085e-50,1.3809062083838308,1.679169048452671,-0.2982628400688401,15298,5509,Mbnl2,2.5557407183219366e-49,True
2960,44911490.0,8.356800863781243e-50,0.0836570340384749,0.03151179561440919,0.0521452384240657,15298,5509,Mbl2,3.815667840140518e-49,False
1126,47496240.5,8.653924901594654e-50,0.6785304073717107,0.5550806157944055,0.12344979157730518,15298,5509,Abcg2,3.9447474343102295e-49,True
468,39299715.5,1.1611830973511872e-49,0.0631786160357689,0.13150592045750806,-0.06832730442173916,15298,5509,Pnck,5.28425253120715e-49,False
2999,37712327.5,1.1854145538660525e-49,0.22792378383321846,0.3841415870232088,-0.15621780318999032,15298,5509,AC149090.1,5.385562798710388e-49,True
2513,36703379.5,1.2798995470897529e-49,0.8018567225807669,1.032958609269773,-0.231101886689006,15298,5509,Rian,5.805182854544733e-49,True
2614,37705581.0,1.8686176739198332e-49,0.24602234289852348,0.4245792677441814,-0.17855692484565794,15298,5509,Rhebl1,8.46137307644163e-49,True
1604,36584693.5,2.037764510413521e-49,1.0651119106317009,1.3540833846820597,-0.28897147405035883,15298,5509,Atp2b1,9.21204286939005e-49,True
1001,44131502.0,2.5306833667763324e-49,0.049490389057891764,0.007019679925960002,0.04247070913193176,15298,5509,Hrk,1.1421483511771071e-48,False
2261,38532753.0,2.680691134900684e-49,0.12653952040233027,0.21531119145256203,-0.08877167105023176,15298,5509,1700023F06Rik,1.207856713995613e-48,False
1195,38394299.0,3.882932727985677e-49,0.16169723465653424,0.27813315552579687,-0.11643592086926263,15298,5509,Cacna1c,1.7466810873422412e-48,True
260,39766920.0,7.246076603287478e-49,0.04007549174351091,0.09198553978662864,-0.05191004804311773,15298,5509,Lrp1b,3.2541903957292695e-48,False
97,38591421.0,7.751270337668863e-49,0.11476217247348988,0.1983835227337756,-0.08362135026028572,15298,5509,Cntnap5a,3.4753646513974327e-48,False
799,37823204.0,7.961821658129934e-49,0.24131062540239404,0.40421399348823683,-0.1629033680858428,15298,5509,Hivep3,3.563925079375674e-48,True
2190,44242143.5,1.6019511161956257e-48,0.05136672870836044,0.00979285270673428,0.04157387600162616,15298,5509,Slfn9,7.159046246397118e-48,False
763,37214278.5,1.7256581164525053e-48,0.3983927221800263,0.6154408151133453,-0.21704809293331895,15298,5509,Tle1,7.699306604400655e-48,True
795,40388928.0,1.769371830391413e-48,0.018834487253238476,0.061385194182133396,-0.04255070692889492,15298,5509,Cfap57,7.881485270554584e-48,False
1117,36690636.0,2.0965869979051274e-48,0.9176048818697241,1.16721926190998,-0.24961438004025582,15298,5509,Snx10,9.323846242716298e-48,True
63,36935322.0,2.614792704779422e-48,0.5611742660863509,0.7832068170817914,-0.2220325509954405,15298,5509,Agfg1,1.1609509817486557e-47,True
2645,37982185.0,3.9719904054610094e-48,0.19420457342071903,0.3255665685876666,-0.13136199516694755,15298,5509,Mpv17l,1.7606797016103502e-47,True
1765,39635965.5,5.059808057740926e-48,0.047583110638447015,0.10758818311210021,-0.06000507247365319,15298,5509,Necab2,2.2392516242591314e-47,False
2555,37587604.0,6.910382413485589e-48,0.3131023035875458,0.5032754467505539,-0.1901731431630081,15298,5509,Samd12,3.0532949759100303e-47,True
2909,46455298.5,7.463823169673393e-48,0.2626122159484349,0.16752240214770958,0.09508981380072534,15298,5509,Cbln2,3.2925090917833435e-47,False
1734,38457106.0,9.01061944240915e-48,0.14979686451608007,0.2881775840317951,-0.13838071951571504,15298,5509,Tox3,3.9684451167454143e-47,True
1014,37481865.5,2.236298447208464e-47,0.34353315975757953,0.5308394541516217,-0.18730629439404217,15298,5509,Pitpnm2,9.83324156449381e-47,True
2947,37875722.5,3.498273235876645e-47,0.27937711422430406,0.495224302466071,-0.21584718824176696,15298,5509,Gna14,1.5357587961673553e-46,True
974,38765258.0,4.069038385149865e-47,0.1128798191111103,0.1999663546812452,-0.08708653557013492,15298,5509,Prdm8,1.7834647409270645e-46,False
2775,45143569.5,5.715022384469455e-47,0.11468668613292324,0.048437355823610605,0.06624933030931263,15298,5509,C4b,2.5008937954438334e-46,False
715,36688842.5,6.158015305137297e-47,1.4341473538394893,1.712366208260487,-0.2782188544209976,15298,5509,Sdcbp,2.6904427890655765e-46,True
952,39611291.5,8.595421862321349e-47,0.056683627957973694,0.13609320336555183,-0.07940957540757815,15298,5509,Spink2,3.749358659242247e-46,False
1181,37094047.0,9.118715136504353e-47,0.4670081106068173,0.5978711051490084,-0.13086299454219114,15298,5509,Lhfpl4,3.971287563429841e-46,True
517,37380575.0,9.53414798097563e-47,0.3846751334147845,0.5767638068833869,-0.19208867346860242,15298,5509,Pkia,4.145611244510071e-46,True
146,44474309.5,1.4515587290547466e-46,0.06266719475870777,0.018118410331096735,0.04454878442761104,15298,5509,Pappa2,6.3016081332773515e-46,False
1177,37019620.0,2.7900547672540906e-46,0.5586604309617524,0.730485716769558,-0.17182528580780554,15298,5509,Lrrn1,1.2093185084690868e-45,True
1084,45107068.5,2.9560144217477542e-46,0.12694271111328095,0.05241063388331239,0.07453207722996857,15298,5509,Podxl,1.2792245954873589e-45,False
545,37712318.5,3.400626254767642e-46,0.26377393908372576,0.3997025532396849,-0.13592861415595914,15298,5509,Pcdh10,1.4693069205038706e-45,True
2331,38508853.0,3.665279399368234e-46,0.14849679618694395,0.245426153151991,-0.09692935696504706,15298,5509,D130043K22Rik,1.581157595784246e-45,False
2467,39343476.5,4.105049444161993e-46,0.07662112669700745,0.15139695630520805,-0.0747758296082006,15298,5509,Insm2,1.7680803511469375e-45,False
1532,47545310.5,5.1177928291574555e-46,1.7225344596820558,1.7123340868432284,0.010200372838827354,15298,5509,Cd24a,2.2008118534191257e-45,False
756,37172344.5,5.6038096837616894e-46,0.5112386086581465,0.7088723952311043,-0.19763378657295783,15298,5509,Ugcg,2.40603131634038e-45,True
2284,36875802.0,8.039495589412884e-46,0.7943134186090762,1.0314739046068642,-0.23716048599778794,15298,5509,Rbfox3,3.4463981876244884e-45,True
381,44520642.0,1.294294050756204e-45,0.06487588139928711,0.021192791423721317,0.043683089975565796,15298,5509,Procr,5.53974057718031e-45,False
2123,37193934.0,1.6391100602561124e-45,0.5179476439909859,0.7414467357222129,-0.22349909173122695,15298,5509,Slc36a1,7.004634398125731e-45,True
388,38097297.5,1.693449859839599e-45,0.2581626872405728,0.4193934779593639,-0.1612307907187911,15298,5509,Ptprt,7.225562194479413e-45,True
538,37430726.5,1.8312928028532505e-45,0.4381049438792019,0.664703787168473,-0.2265988432892711,15298,5509,Gnb4,7.801535538634953e-45,True
928,45550327.5,2.0834927290981298e-45,0.15552660125476794,0.09847725808685152,0.05704934316791642,15298,5509,Cckar,8.86213470308458e-45,False
585,37558501.5,2.6286352441432257e-45,0.3424209445972219,0.5108917358449802,-0.16847079124775827,15298,5509,Shc1,1.1163536324117582e-44,True
620,37816654.0,2.663618702058642e-45,0.2991772312954649,0.46007269501064935,-0.16089546371518443,15298,5509,Igsf3,1.1294569225008352e-44,True
1536,38845899.5,2.7829154480915874e-45,0.12006026664462587,0.2161276732635776,-0.09606740661895173,15298,5509,Bves,1.1782157508561133e-44,False
2140,36865343.0,4.197474263135945e-45,0.9949215212622311,1.283689782096062,-0.2887682608338309,15298,5509,Pirt,1.7743573585281006e-44,True
916,37503712.5,4.660989103861456e-45,0.3319230519898342,0.5220367166245865,-0.19011366463475232,15298,5509,Lap3,1.9672538887439944e-44,True
1310,45131419.5,6.002644617325445e-45,0.11903962125514003,0.050965078659983246,0.06807454259515679,15298,5509,2200002D01Rik,2.5296198811071023e-44,False
1460,40037704.5,8.68190004219995e-45,0.03448314399714266,0.08439622867727561,-0.04991308468013295,15298,5509,Plpp4,3.6530764023718246e-44,False
1391,36870885.0,1.0219816880438151e-44,1.0208872925445436,1.3076838979684702,-0.2867966054239266,15298,5509,Nmb,4.293578981259346e-44,True
1784,37325040.5,1.663638322435775e-44,0.4768059784432663,0.8150222709919005,-0.3382162925486342,15298,5509,Synpr,6.978605539665405e-44,True
1020,44421976.5,2.1748215551233e-44,0.06870045011651191,0.021989914661197787,0.04671053545531412,15298,5509,Adgrd1,9.108938672683347e-44,False
2485,40137447.5,2.2856573670720683e-44,0.03064778877599357,0.0751519904998626,-0.04450420172386903,15298,5509,Ngb,9.558521252205056e-44,False
2878,38745660.5,2.4137093835547516e-44,0.12335013518377473,0.22933640761085952,-0.10598627242708479,15298,5509,A730017C20Rik,1.007861857102633e-43,True
2919,38472211.5,2.644637502120634e-44,0.1448163064054862,0.22367821738512697,-0.07886191097964076,15298,5509,Gm20417,1.102604202484746e-43,False
1494,40513121.0,3.993481804238218e-44,0.017631393228726498,0.05584448533153079,-0.03821309210280429,15298,5509,Phlda2,1.6624311620382838e-43,False
576,44609393.5,4.204463365209177e-44,0.12587723486164432,0.03802623578168727,0.08785099907995705,15298,5509,Fcrls,1.747599894201687e-43,False
2015,38851646.5,4.692930998709992e-44,0.11583016406937284,0.2062287973119994,-0.09039863324262655,15298,5509,AF529169,1.94731088106225e-43,False
758,37491365.0,4.699177994519506e-44,0.4063715472707428,0.6170614375475842,-0.21068989027684143,15298,5509,Rgs3,1.94731088106225e-43,True
2436,40774661.5,4.913867050894635e-44,0.010772523279269289,0.04079968293728906,-0.030027159658019775,15298,5509,Kcnf1,2.0331961246893838e-43,False
2324,47274665.0,5.417637555734519e-44,0.7851488137836067,0.6363819345177648,0.14876687926584187,15298,5509,Hist1h1c,2.2382535823163005e-43,True
707,39493292.0,6.343219988804265e-44,0.06427951657067672,0.12498430066642877,-0.06070478409575204,15298,5509,St6galnac3,2.616697838518803e-43,False
1540,45168254.0,6.396231897427092e-44,0.12312564875631087,0.055851122231038074,0.0672745265252728,15298,5509,Man1a,2.6345925059432375e-43,False
1695,37648172.5,7.886195670052288e-44,0.3326995641994338,0.4754382429771002,-0.14273867877766638,15298,5509,Hmgb2,3.2434203244500763e-43,True
1342,37448256.0,7.946288938219586e-44,0.45052707354311494,0.668116822628053,-0.2175897490849381,15298,5509,Rras,3.263228265169755e-43,True
601,43973943.0,8.390719934832321e-44,0.03984194709856624,0.006742106675945773,0.03309984042262047,15298,5509,2210017I01Rik,3.4405725669814692e-43,False
2538,47394964.0,1.2257697877267457e-43,1.6473614812416753,1.6351299076138774,0.01223157362779781,15298,5509,Basp1,5.018683187773427e-43,False
628,47206815.0,1.269258356599402e-43,0.709542036296825,0.5700756094327174,0.1394664268641076,15298,5509,Rhoc,5.18897100941609e-43,True
2047,39735859.0,1.7121903955714964e-43,0.11332801156937508,0.22065686096004333,-0.10732884939066825,15298,5509,Camp,6.989314525206035e-43,True
682,37071292.0,1.9517366652161403e-43,0.6950245072786367,0.8634545564812786,-0.16843004920264182,15298,5509,Eif4e,7.95529028221482e-43,True
584,36940295.5,2.0775609963729666e-43,1.1382457111375026,1.4080399996740265,-0.2697942885365239,15298,5509,Fam189b,8.455549590892952e-43,True
1556,36961612.5,2.5590937709866256e-43,1.046779820550936,1.3146345157553296,-0.26785469520439364,15298,5509,Ank3,1.0399883304083835e-42,True
198,38029444.5,3.610648536922315e-43,0.23129967398660822,0.3862280209419492,-0.15492834695534097,15298,5509,Smyd3,1.465151891466251e-42,True
2188,38540038.0,3.975655671243358e-43,0.1552449244539958,0.24208672150162133,-0.08684179704762554,15298,5509,Tmem132e,1.6108767793852717e-42,False
1539,39000716.0,4.165448500212294e-43,0.09841359617911684,0.1610442633911005,-0.06263066721198367,15298,5509,Pln,1.685281308887666e-42,False
2042,37091037.0,5.0993120396785745e-43,0.7637609710391261,1.0127768597356512,-0.24901588869652513,15298,5509,Prkar2a,2.060061806280783e-42,True
2346,45056275.5,6.810488517158137e-43,0.11343194827047547,0.04819431334565543,0.06523763492482004,15298,5509,Pxdc1,2.7472988339863576e-42,False
610,36939037.5,7.18776607156548e-43,1.4447072375508792,1.6976228828832207,-0.25291564533234157,15298,5509,Mllt11,2.895219470652664e-42,True
2936,44664933.5,1.0254680037381244e-42,0.145389598111458,0.054087823422971824,0.09130177468848616,15298,5509,Ms4a7,4.124492632682015e-42,False
1726,39278589.5,1.0374918072997469e-42,0.08533988946953026,0.1726737368596188,-0.08733384739008852,15298,5509,Ptger1,4.166725540330114e-42,False
2615,45670546.5,1.0688366154727458e-42,0.2027195342850545,0.113729137256243,0.0889903970288115,15298,5509,Tuba1c,4.286316925686158e-42,False
2623,37493435.0,1.1937468807428104e-42,0.38542968467360095,0.49894132140513286,-0.11351163673153192,15298,5509,Scn8a,4.7802309206904636e-42,True
1179,38156241.0,1.2334480319088533e-42,0.24161801205535738,0.3839513660731271,-0.1423333540177697,15298,5509,Grm7,4.9319888410390555e-42,True
2321,40079620.5,1.3088126504727546e-42,0.038727475016265944,0.0884729954501184,-0.049745520433852455,15298,5509,Hist1h2ae,5.2256972248802686e-42,False
2256,37901243.5,1.4275276576496931e-42,0.26775630086849805,0.3898894153671168,-0.12213311449861874,15298,5509,Adam11,5.691382133632523e-42,True
2735,38852918.5,1.5796520927077284e-42,0.12436317365880199,0.2273047046367469,-0.10294153097794491,15298,5509,Pde10a,6.288716846514756e-42,True
1359,41097359.0,2.1719165284602018e-42,0.005452631471557459,0.028789161315217342,-0.023336529843659883,15298,5509,Mrgprx1,8.633999571713156e-42,False
2726,44622865.0,2.8393038624312486e-42,0.08352218841054922,0.028364376244657433,0.05515781216589179,15298,5509,Setd4,1.1270676435050022e-41,False
1890,38065415.5,3.162038067747558e-42,0.2457226085503124,0.37795733433719725,-0.13223472578688486,15298,5509,Vstm5,1.2533585674332711e-41,True
1469,39072092.0,3.458695683412095e-42,0.09933353127582593,0.17851794394638773,-0.0791844126705618,15298,5509,Tcerg1l,1.368962763260793e-41,False
1296,40227885.5,3.849719577842975e-42,0.03340083385078186,0.075307255529195,-0.04190642167841314,15298,5509,Cd79a,1.521529341820887e-41,False
1292,47213009.5,4.640967932748067e-42,0.9715713586847988,0.8795456462442014,0.09202571244059743,15298,5509,Bcam,1.8316085564308748e-41,False
2384,37291140.5,4.884455482228689e-42,0.557311199277525,0.7977454750958105,-0.24043427581828547,15298,5509,Med10,1.924925899696753e-41,True
2003,39116726.0,6.499078381523122e-42,0.09981814832621787,0.2092676403810493,-0.10944949205483144,15298,5509,Ooep,2.557550988987876e-41,True
2565,44660935.5,6.685252814343503e-42,0.08953988384103491,0.03155265825324546,0.05798722558778945,15298,5509,Wisp1,2.6270354090846956e-41,False
1797,37470516.5,6.828665325569704e-42,0.48204992267398167,0.7090905349115829,-0.22704061223760125,15298,5509,Prrxl1,2.676217653383171e-41,True
42,38803987.0,6.829981433497087e-42,0.14497994201096961,0.2878104984048225,-0.14283055639385286,15298,5509,Cdk15,2.676217653383171e-41,True
259,38556327.5,6.9039402482704e-42,0.14859163234228293,0.23183953086466552,-0.0832478985223826,15298,5509,Scai,2.7013271214620235e-41,False
2541,37648720.0,7.449886919588661e-42,0.3823817294290658,0.5050503622137331,-0.12266863278466733,15298,5509,Ctnnd2,2.910777246439284e-41,True
2165,37652794.0,8.23797882990958e-42,0.37509020004996413,0.5204656767910282,-0.14537547674106405,15298,5509,Rap1gap2,3.214104436491113e-41,True
557,39130047.5,9.100408897363035e-42,0.11448252662361125,0.2154714472619702,-0.10098892063835896,15298,5509,P2ry1,3.5455296772489886e-41,True
2096,38744426.5,1.1940743062031297e-41,0.2060055430416915,0.3425658763021183,-0.13656033326042682,15298,5509,Hba-a1,4.64550956965229e-41,True
1786,43627083.5,1.3378130008841073e-41,0.03214391583487689,0.0017614921996440794,0.030382423635232813,15298,5509,Kcnk16,5.197327496332434e-41,False
696,39415724.0,1.6881987172865344e-41,0.10153318618662076,0.2098133435544411,-0.10828015736782033,15298,5509,Lpar3,6.549253179827903e-41,True
298,38774076.5,1.9608449858970667e-41,0.1210734810410216,0.19402340256202655,-0.07294992152100495,15298,5509,Zfp804a,7.596191269728721e-41,False
452,39755497.0,2.0797028170896753e-41,0.08003996799619774,0.1518301946164176,-0.07179022662021987,15298,5509,Gpc3,8.045243571061191e-41,False
2214,37923373.5,2.2813306107527283e-41,0.27979921381148354,0.44453212884951193,-0.1647329150380284,15298,5509,Car10,8.812767260464283e-41,True
921,40573554.5,3.8110158831869597e-41,0.019119440189823738,0.05428173516706793,-0.035162294977244185,15298,5509,Gm43341,1.470116846335167e-40,False
1522,39556035.5,4.103473309896766e-41,0.06110299279581644,0.13388818940965105,-0.07278519661383462,15298,5509,Tpd52l1,1.580704155291219e-40,False
1396,37964839.0,5.21008691915492e-41,0.25466515231852355,0.3643823861925207,-0.10971723387399718,15298,5509,Gm2115,2.004161423894333e-40,True
2490,39099882.0,6.300836579417257e-41,0.09934959747400668,0.17132719613061528,-0.0719775986566086,15298,5509,Ston2,2.4203353995373873e-40,False
2240,43580166.5,6.32800400219717e-41,0.03442079961937574,0.0017711572050023681,0.032649642414373375,15298,5509,Krt19,2.4273619840125187e-40,False
391,37630493.0,8.903277213377615e-41,0.3927931224896576,0.5695493803861688,-0.17675625789651117,15298,5509,Pkig,3.4104290166089325e-40,True
627,37477336.5,1.4117390184987995e-40,0.4504773770311632,0.6205268932591462,-0.17004951622798303,15298,5509,Ppm1j,5.400148553278625e-40,True
835,37312744.0,2.3151305725012933e-40,0.7534036045088965,0.9444246853580853,-0.19102108084918878,15298,5509,Id3,8.843410776244464e-40,True
2376,38071024.0,2.9462551610045215e-40,0.31328154871868474,0.4991345806998298,-0.18585303198114506,15298,5509,Dapk1,1.123850469365044e-39,True
580,38519631.0,3.741605265412245e-40,0.19290230710934453,0.33862329923309104,-0.1457209921237465,15298,5509,Tmem79,1.4252493594571714e-39,True
165,38729102.5,3.8329158948586065e-40,0.22264388307416283,0.35969846640307435,-0.13705458332891152,15298,5509,Rgs5,1.4580006915769524e-39,True
2992,39052994.0,4.14450800120602e-40,0.11018004452319488,0.18617803851150572,-0.07599799398831084,15298,5509,Dusp5,1.574337414347009e-39,False
2741,37128253.5,4.5308753234488626e-40,1.296047861385031,1.5536927358536996,-0.25764487446866857,15298,5509,Lix1,1.7187162287978696e-39,True
374,38621518.5,5.750294223627704e-40,0.20410441890301137,0.297464330108956,-0.09335991120594464,15298,5509,Id1,2.178262424047337e-39,False
528,40000700.5,6.2650543719628544e-40,0.03982706197629339,0.09086091808443786,-0.05103385610814447,15298,5509,Cpb1,2.3699756165032376e-39,False
422,38759156.5,6.341072731374152e-40,0.1652586773928541,0.2709644135907728,-0.10570573619791868,15298,5509,Myt1,2.3954190497663405e-39,True
196,38329722.0,6.471631591429241e-40,0.25102178553034615,0.3890355984144018,-0.13801381288405562,15298,5509,Pld5,2.441367227939169e-39,True
2105,37182097.0,6.50221178064569e-40,1.0961077894361102,1.4415173736403486,-0.3454095842042384,15298,5509,Ebf1,2.4495246859594993e-39,True
887,44961022.5,7.960537944295181e-40,0.11802171896911462,0.06164481249485478,0.05637690647425984,15298,5509,Fgl2,2.994782844243098e-39,False
2187,40430619.5,1.0850082200625952e-39,0.029715039280737196,0.07518561378066341,-0.04547057449992621,15298,5509,Ccl1,4.076232804768129e-39,False
838,45014365.5,1.3378419625641413e-39,0.30786133439370084,0.14901693710569666,0.15884439728800417,15298,5509,C1qa,5.0192013273154005e-39,True
1116,40538474.5,1.3848691533716082e-39,0.020676393906132687,0.052765435730103824,-0.03208904182397114,15298,5509,C530044C16Rik,5.18851662256349e-39,False
2613,37460457.5,1.4572418888481538e-39,0.5786337361714442,0.7760257342256404,-0.19739199805419616,15298,5509,Cacnb3,5.452197764705473e-39,True
2716,39957936.0,1.568390495145882e-39,0.0434454451127865,0.09668655552577361,-0.05324111041298711,15298,5509,Btg3,5.8600382571365944e-39,False
2218,37903780.5,1.8250183877580423e-39,0.34671102706491436,0.5152742103413901,-0.16856318327647574,15298,5509,Samd14,6.809584298114933e-39,True
614,38183563.0,2.0304191055309148e-39,0.2631222627510134,0.3786119101643338,-0.1154896474133204,15298,5509,Sv2a,7.565662470881542e-39,True
2378,40737336.5,4.66103082005482e-39,0.016927915203581164,0.06203749959696667,-0.04510958439338551,15298,5509,Fbp2,1.734410788142848e-38,False
386,40254651.0,5.73467357554969e-39,0.03334728608849035,0.07138552326663,-0.03803823717813965,15298,5509,Lbp,2.1308955925746026e-38,False
873,38107138.5,5.742120847266845e-39,0.2936036943330237,0.4293332662479951,-0.13572957191497143,15298,5509,9330182L06Rik,2.1308955925746026e-38,True
1958,40884064.0,6.31792952917177e-39,0.011400133792832893,0.03810357301765944,-0.026703439224826545,15298,5509,Gm6980,2.3414007130467196e-38,False
2718,38761716.5,1.0239261439587191e-38,0.13736224789524107,0.22072502013397916,-0.08336277223873809,15298,5509,Ncam2,3.7894966220935e-38,False
1438,38458994.0,1.1304460606876603e-38,0.17284565395271578,0.24874417026609624,-0.07589851631338046,15298,5509,Hs3st2,4.178067535109123e-38,False
2432,38656791.5,1.2044266493587394e-38,0.15884932587258166,0.24715075839976308,-0.08830143252718142,15298,5509,Kcns3,4.445488375163498e-38,False
1375,37246097.0,1.3875634028001717e-38,1.1367542780435769,1.4265273536291152,-0.28977307558553833,15298,5509,Ndn,5.114536262342951e-38,True
2571,46214636.0,1.4166404628522816e-38,0.5032761157833361,0.3448759087918143,0.1584002069915218,15298,5509,Ly6e,5.214685956798102e-38,True
2895,40674130.5,1.4881485505035837e-38,0.015127498845477974,0.044394487356832185,-0.02926698851135421,15298,5509,Cidea,5.470546082832394e-38,False
1218,39388124.0,1.503287838396505e-38,0.08462496813736732,0.14736484681205048,-0.06273987867468316,15298,5509,Pianp,5.518781527536163e-38,False
1596,40451898.5,1.5444034742668353e-38,0.02657793225164732,0.06881339505868331,-0.04223546280703599,15298,5509,Hal,5.662122656997044e-38,False
2607,38483884.5,1.6426131242121036e-38,0.19456011868020442,0.2953281712132313,-0.10076805253302687,15298,5509,Tmem117,6.014119002302682e-38,True
1806,46885457.5,2.0756209776290464e-38,0.7131946971135035,0.6002389263542979,0.1129557707592056,15298,5509,AC160336.1,7.58933606125059e-38,True
2592,39339654.5,2.203063972111692e-38,0.08495276009328356,0.15029363697827705,-0.06534087688499349,15298,5509,1700001L05Rik,8.044566039686886e-38,False
1628,38706495.0,2.5613157095438336e-38,0.17715065722030104,0.260561187258946,-0.08341053003864496,15298,5509,Grip1,9.340264620803179e-38,False
2634,37243753.0,2.978417095710166e-38,1.3863467651583992,1.650087536636664,-0.2637407714782649,15298,5509,Prr13,1.0846831899823308e-37,True
2869,37477010.5,2.9963662377951496e-38,0.6176239435919978,0.8337748902294004,-0.21615094663740264,15298,5509,Eif1a,1.0897688378151243e-37,True
1076,45677200.5,3.457113616767465e-38,0.2469315512751111,0.14773553102627057,0.09919602024884053,15298,5509,Tes,1.2556714132614896e-37,False
640,39198542.5,3.814002182660875e-38,0.10072526476439854,0.17674943873104385,-0.0760241739666453,15298,5509,Vav3,1.3834610039227447e-37,False
762,44783410.0,4.308849658350519e-38,0.1152177548317595,0.05231486279788752,0.06290289203387198,15298,5509,Pappa,1.5608879225945258e-37,False
283,38325889.0,4.356881461767958e-38,0.21900840996220994,0.3109547394574591,-0.09194632949524917,15298,5509,B3galt1,1.5761998409967413e-37,False
2906,38507266.5,4.4471305710441086e-38,0.19881106268710563,0.29336514057000845,-0.09455407788290282,15298,5509,Tshz1,1.606724189142092e-37,False
205,39133120.0,6.894138307636177e-38,0.09986678734798249,0.15761191955813372,-0.057745132210151234,15298,5509,Esrrg,2.4875287956972224e-37,False
58,37508281.5,9.696293561843117e-38,0.5601602880645924,0.7325924146563125,-0.17243212659172014,15298,5509,Resp18,3.4939872057497923e-37,True
958,45488903.0,1.107005618564897e-37,0.17006146716537654,0.1284137592951367,0.04164770787023983,15298,5509,Smr2,3.983763640493412e-37,False
2345,45710166.5,1.1116606851662226e-37,0.2220523291990015,0.13436972841737324,0.08768260078162826,15298,5509,Slc22a23,3.995258835649959e-37,False
760,39675547.5,1.9762958722684737e-37,0.060471825570703144,0.1049535595750194,-0.04448173400431625,15298,5509,Whrn,7.0933979142444554e-37,False
2062,44603356.0,2.351909674381205e-37,0.1623409150799646,0.06591435470252928,0.09642656037743531,15298,5509,Cx3cr1,8.430501912755695e-37,False
900,44956136.5,2.541944378788735e-37,0.12436010379987708,0.058751152576424714,0.06560895122345237,15298,5509,Fosl2,9.09976161778428e-37,False
1097,38309595.0,3.1305534061781544e-37,0.24710952766977,0.34585335380976256,-0.09874382613999255,15298,5509,Tmem178b,1.1192239955421245e-36,False
1393,41289626.0,3.82261540624476e-37,0.004130952083931965,0.02044901908724706,-0.016318067003315093,15298,5509,Bnc1,1.3648633336918302e-36,False
625,38717555.0,4.2355632419886404e-37,0.1860805749403649,0.3136159983851617,-0.1275354234447968,15298,5509,Syt6,1.510334480683042e-36,True
213,37839535.5,4.517546837238034e-37,0.41622043071551074,0.5663040441265038,-0.15008361341099308,15298,5509,Lpgat1,1.6087878385216178e-36,True
850,43830910.5,4.99411823387872e-37,0.04404037063791457,0.009762012438664687,0.03427835819924988,15298,5509,Draxin,1.7761915955342394e-36,False
1620,39054437.5,5.813633554058179e-37,0.12775796845070583,0.21919156664380265,-0.09143359819309682,15298,5509,Ptprr,2.0649724377076778e-36,False
655,39670113.0,5.966301552124873e-37,0.06696328641943132,0.12037637196805019,-0.05341308554861887,15298,5509,Ndst3,2.116450680293324e-36,False
2453,38882842.5,6.16502138217438e-37,0.14875748488848398,0.24562773707791427,-0.0968702521894303,15298,5509,Hdac9,2.1841105544361305e-36,False
2338,40080128.5,7.402891225144419e-37,0.05169501744749574,0.11083909412413627,-0.05914407667664053,15298,5509,Agtr1a,2.6192635835407485e-36,False
1148,43348193.0,1.0107866578792891e-36,0.02110202257965624,0.00012582087140314854,0.02097620170825309,15298,5509,Reg1,3.571707376356403e-36,False
1086,46272272.5,1.0463382029737301e-36,0.44590226319621123,0.32815515831085423,0.117747104885357,15298,5509,Plxna4,3.692561271139551e-36,True
2027,37715403.0,1.211311882863788e-36,0.5061879121579936,0.6430917512406976,-0.13690383908270398,15298,5509,Zbtb38,4.269249999526365e-36,True
582,37359093.5,1.2531696513921193e-36,1.2515128577064831,1.513398162226215,-0.2618853045197318,15298,5509,Fdps,4.411092659662093e-36,True
2263,37492359.0,1.683454040101314e-36,0.7703976241519477,0.9821893208169165,-0.21179169666496878,15298,5509,Mapt,5.9180550124384244e-36,True
1617,39459154.0,2.4756896418428734e-36,0.10251688921963764,0.17142868445073897,-0.06891179523110133,15298,5509,Kcnc2,8.69192704806195e-36,False
88,44234358.0,2.5743123860607127e-36,0.0717272421821943,0.023715810348275645,0.04801143183391865,15298,5509,Rnf152,9.026595353687243e-36,False
85,37748516.5,3.9129977221700115e-36,0.5146021970871897,0.6865694000048155,-0.1719672029176258,15298,5509,Pam,1.370300738813698e-35,True
1995,37441761.5,4.702551837967326e-36,1.0107268560751748,1.2434091640044038,-0.23268230792922906,15298,5509,Tmod2,1.644690444608777e-35,True
1268,46111675.5,8.153305596951225e-36,0.33071857845666225,0.21852190143312708,0.11219667702353517,15298,5509,Bcat1,2.84792986049318e-35,True
2462,38755173.5,8.341675695914776e-36,0.15748382214732212,0.22641193427253475,-0.06892811212521263,15298,5509,Stxbp6,2.91001059034782e-35,False
1036,39673305.5,9.045286716805905e-36,0.07140610951641514,0.1412723320207902,-0.06986622250437506,15298,5509,Rasa4,3.151447028084605e-35,False
2117,38371738.5,9.727060866587119e-36,0.2516664613140975,0.37653558228552947,-0.12486912097143199,15298,5509,Mgat4b,3.3846706704981896e-35,True
1991,39422363.5,1.0799751505410976e-35,0.09289389849142189,0.15342819957135562,-0.060534301079933725,15298,5509,Rab27a,3.753153795082468e-35,False
2067,38839760.0,1.7146019487509356e-35,0.18961631937405832,0.2942978293181455,-0.1046815099440872,15298,5509,Gm47135,5.951061332276407e-35,True
2383,38311322.5,1.775938523815731e-35,0.28092361626406986,0.41299320851283755,-0.1320695922487677,15298,5509,Ube2ql1,6.156136708030448e-35,True
837,44715739.5,2.0435815184292862e-35,0.24469843374716943,0.11309956802151018,0.13159886572565926,15298,5509,C1qc,7.074930953043161e-35,True
439,44100498.0,2.1567075549240848e-35,0.06440523995343621,0.020916910909336783,0.043488329044099425,15298,5509,Timp1,7.457136741741304e-35,False
738,40898225.0,2.2404919552696205e-35,0.012355172067047341,0.041574184520758305,-0.029219012453710964,15298,5509,Gm12454,7.737052396038398e-35,False
2411,37555692.0,2.2953690380340843e-35,0.7617698755546947,0.9541254566606284,-0.19235558110593376,15298,5509,Pik3r1,7.914736359964494e-35,True
2360,37476440.0,2.2977333344832937e-35,1.0732783803979502,1.2707576959234494,-0.19747931552549924,15298,5509,Card19,7.914736359964494e-35,True
1917,39077745.5,2.5597535852965897e-35,0.13282635113452043,0.2175308386274555,-0.08470448749293508,15298,5509,Pknox2,8.806196296586381e-35,False
836,44891445.0,3.109747318770558e-35,0.29564961299191317,0.14952543099423712,0.14612418199767604,15298,5509,C1qb,1.0684873011102356e-34,True
292,38501568.5,4.11220044153425e-35,0.21829207780559742,0.3184057095882965,-0.10011363178269908,15298,5509,Osbpl6,1.4111503397234847e-34,True
2350,37580042.0,4.3273775198388585e-35,0.7825130811968896,1.1149834366606362,-0.3324703554637466,15298,5509,Ly86,1.4831300146314884e-34,True
2387,39054788.0,4.664834833987712e-35,0.1295971295775873,0.21364775238530279,-0.0840506228077155,15298,5509,Mctp1,1.5967863918593732e-34,False
1531,38392747.5,5.675510941576804e-35,0.26266298711991914,0.37153096165460037,-0.10886797453468122,15298,5509,Sobp,1.9403153031515696e-34,True
2885,39671283.5,6.110619071926237e-35,0.07455918302537351,0.13420575120867284,-0.05964656818329933,15298,5509,Pdgfrb,2.086459820439233e-34,False
2703,38226173.5,6.740787207843152e-35,0.3107310941308566,0.43025367209991217,-0.11952257796905558,15298,5509,Bbx,2.29875972736297e-34,True
649,37744542.0,7.168625831543032e-35,0.5149664423459597,0.6310467237220221,-0.11608028137606241,15298,5509,Tmem56,2.441617889074744e-34,True
1883,39783400.5,7.380907272806266e-35,0.060967860908037894,0.11465967933978045,-0.05369181843174256,15298,5509,Casp1,2.510793705363823e-34,False
35,38217477.5,7.469071950188192e-35,0.33533316823029863,0.4367896629981743,-0.10145649476787566,15298,5509,Slc39a10,2.5376287930142488e-34,True
2065,39953840.0,7.561128009479884e-35,0.05389608752549833,0.10571558268034614,-0.051819495154847815,15298,5509,Gm47128,2.5657177550778517e-34,False
651,38870818.0,8.959513181623439e-35,0.17710721887264977,0.27267543132086125,-0.09556821244821148,15298,5509,Fnbp1l,3.0364645045526774e-34,False
1190,39951313.0,1.2721885966785935e-34,0.06497244131170395,0.1381592849866607,-0.07318684367495674,15298,5509,Tmem72,4.306232440490041e-34,False
2097,39120186.0,1.3509728240088188e-34,0.19430629952720893,0.3199934992786217,-0.12568719975141276,15298,5509,Hba-a2,4.567256704158368e-34,True
2088,38849910.5,1.4064562813000655e-34,0.15413722439298222,0.2369928987518066,-0.08285567435882438,15298,5509,Vstm2a,4.74896040661195e-34,False
2797,41188847.5,2.096431346913105e-34,0.006420344857821687,0.025090789475482024,-0.018670444617660337,15298,5509,Mymx,7.069962680403628e-34,False
2145,37549175.5,3.65969576613688e-34,1.186124747797193,1.4579835917507342,-0.2718588439535412,15298,5509,Vamp2,1.232668463101523e-33,True
2886,44612927.5,3.994346841755256e-34,0.15597220592588448,0.07160479693353433,0.08436740899235015,15298,5509,Csf1r,1.343731686617543e-33,False
2559,38176974.5,4.013262939544885e-34,0.36017332163184695,0.5241681790647996,-0.16399485743295267,15298,5509,Deptor,1.3484366264932754e-33,True
495,39429772.5,4.679235186081713e-34,0.13032556517926908,0.2542096600239754,-0.1238840948447063,15298,5509,Bex1,1.570270948948894e-33,True
662,39969369.0,6.223204145020955e-34,0.06173578325168723,0.10114952710815876,-0.039413743856471534,15298,5509,Gm42970,2.0858410951755284e-33,False
2494,39213637.0,6.424031231578363e-34,0.11926562427178217,0.190254067041519,-0.07098844276973684,15298,5509,Rps6ka5,2.1505171870706024e-33,False
471,38167013.5,6.836176500434598e-34,0.35392535595137714,0.49297200437846905,-0.1390466484270919,15298,5509,Prkx,2.2856898201330838e-33,True
1018,43878821.5,7.674343852815689e-34,0.05360142519855107,0.01407076233444133,0.03953066286410974,15298,5509,5930412G12Rik,2.562799809212565e-33,False
2179,38117653.0,8.382531335324889e-34,0.39546661564561136,0.5745312399044608,-0.1790646242588494,15298,5509,Lgals9,2.7958808783065327e-33,True
860,45215741.0,8.414636052806698e-34,0.18552264514939315,0.10515239543816937,0.08037024971122378,15298,5509,Gpr153,2.8031704755695882e-33,False
1271,40105032.5,8.674202233493975e-34,0.04829127477262691,0.09188484186364791,-0.043593567091021,15298,5509,Far2,2.886124465767156e-33,False
1347,38325432.5,8.987627403671737e-34,0.2576330588573372,0.3375733220830942,-0.07994026322575698,15298,5509,Kcnc1,2.9867753279516644e-33,False
506,38591703.0,1.1100236249437877e-33,0.21702368139482797,0.3039639235543334,-0.08694024215950541,15298,5509,Adgrg2,3.6843623958995865e-33,False
594,40565517.5,1.24060731649476e-33,0.030266994295193014,0.08705660426885693,-0.05678960997366392,15298,5509,9130204L05Rik,4.11280122498566e-33,False
990,43557466.0,1.370909360452807e-33,0.03802009405149029,0.006459829514113229,0.03156026453737706,15298,5509,Tmem119,4.539270097867345e-33,False
868,39673045.5,1.4556994010459906e-33,0.07655287758800779,0.13103520537861071,-0.05448232779060293,15298,5509,Steap2,4.8141933033383126e-33,False
1717,37890583.5,1.633121264420699e-33,0.5048899281658027,0.6541544815007276,-0.14926455333492494,15298,5509,Tmem184c,5.394428331148081e-33,True
1553,38558750.5,1.784333278821663e-33,0.21741488078399604,0.29469127141301704,-0.077276390629021,15298,5509,Zfp365,5.8867931454490324e-33,False
1701,38971230.5,2.0613716607630263e-33,0.1467251457774682,0.21822572930312079,-0.07150058352565258,15298,5509,Naf1,6.792592159261298e-33,False
2026,41213816.0,2.361590239848633e-33,0.006518678365099192,0.02616338352925634,-0.019644705164157145,15298,5509,Gm28729,7.772502173268366e-33,False
2966,39580779.0,2.4343714770951874e-33,0.0853194495379796,0.14792869902737762,-0.06260924948939803,15298,5509,Ifit2,8.002411045499203e-33,False
1940,39382996.0,2.9236418434783514e-33,0.11846337158067803,0.2077616719544166,-0.08929830037373858,15298,5509,Scn2b,9.599232223185224e-33,False
2395,38954212.0,3.7940948767632724e-33,0.1597702742990103,0.2505621239704984,-0.09079184967148807,15298,5509,Arsb,1.2442265573078598e-32,False
1862,46688061.0,4.320969304569407e-33,1.6135606104917903,1.4992702889239746,0.11429032156781571,15298,5509,Esd,1.415311502754171e-32,True
2705,38927367.0,4.4348829980042925e-33,0.18684406656986927,0.27406821587984087,-0.0872241493099716,15298,5509,Cblb,1.4508857654954233e-32,False
2813,44382569.0,5.6025860496534996e-33,0.0857054249179021,0.03537950477516416,0.05032592014273794,15298,5509,Tgif1,1.8307136016490228e-32,False
2989,40211193.5,6.077585684890502e-33,0.04561720952997881,0.09289686261708065,-0.04727965308710184,15298,5509,Psd,1.9835557098061484e-32,False
1907,39515107.0,7.031667335745839e-33,0.09230027791557571,0.158271550844988,-0.0659712729294123,15298,5509,Ntm,2.292206217314049e-32,False
2070,38028172.5,9.354153282383558e-33,0.5534020956557447,0.820876399950602,-0.2674743042948573,15298,5509,Tmem158,3.045667765157027e-32,True
789,43881615.5,1.0011381706861736e-32,0.04639251997764588,0.015530647361536289,0.030861872616109592,15298,5509,Cyp4b1,3.255782279223168e-32,False
1115,37825463.0,1.0663272584715517e-32,0.7086443013715514,0.9752292350623879,-0.26658493369083647,15298,5509,Osbpl3,3.4636639571492806e-32,True
1691,41000590.5,1.55744318477784e-32,0.011818618565207606,0.0353293868290563,-0.023510768263848694,15298,5509,C130073E24Rik,5.052914721669505e-32,False
2707,39968413.0,1.613786018612128e-32,0.06508577922072672,0.1301805988054179,-0.06509481958469118,15298,5509,Abi3bp,5.229508010549965e-32,False
2151,45023176.5,1.744256852143689e-32,0.1524154042986631,0.08669472048353132,0.06572068381513178,15298,5509,Fgf11,5.645612414926615e-32,False
2680,39785348.0,1.7783326037429965e-32,0.06795294825359798,0.12357955995956282,-0.05562661170596485,15298,5509,Kalrn,5.749101266237702e-32,False
121,38959501.0,1.8890950322626695e-32,0.18605809469830764,0.2863506645276115,-0.10029256982930385,15298,5509,Adora1,6.099970381627392e-32,True
597,43193314.5,2.0725456885876488e-32,0.019583316776363713,0.0,0.019583316776363713,15298,5509,Sprr2j-ps,6.684448653640589e-32,False
1354,39425529.5,2.674898578835511e-32,0.10882831994554587,0.19061564375347023,-0.08178732380792436,15298,5509,Mrgpra2b,8.617017212149732e-32,False
394,38902238.5,2.6951546902546375e-32,0.15985941899195585,0.22359517110353247,-0.06373575211157662,15298,5509,Kcns1,8.672056562172275e-32,False
1057,37657474.0,3.4063769206163695e-32,1.3964462405134805,1.650661496581385,-0.2542152560679045,15298,5509,Arpc1b,1.0947639104448614e-31,True
611,44767119.5,3.9910815696336484e-32,0.2639003703934338,0.12637655906576248,0.1375238113276713,15298,5509,Ctss,1.281174658796717e-31,True
2423,37810289.0,6.336456879029517e-32,0.7245157056529039,0.8679867569164637,-0.14347105126355975,15298,5509,Hcn1,2.031677557344165e-31,True
1024,38434202.0,7.573317940500313e-32,0.3151536671803986,0.4429043513251809,-0.1277506841447823,15298,5509,Galnt17,2.4254127127948893e-31,True
1258,44451156.5,7.658138866612587e-32,0.09992792652003511,0.04727102270875531,0.052656903811279805,15298,5509,Ptpro,2.449708748559699e-31,False
2803,40231933.5,7.78390847472743e-32,0.04014724149036187,0.08600889350622468,-0.04586165201586281,15298,5509,Kcnh8,2.487031504483589e-31,False
111,39983220.0,8.105712712794587e-32,0.06271342437786011,0.10571854705889078,-0.04300512268103067,15298,5509,Slc45a3,2.5868289696024733e-31,False
1533,43675754.0,8.505536781192548e-32,0.050219644895531414,0.010182030427340089,0.040037614468191325,15298,5509,Crybg1,2.711263764168021e-31,False
1392,38465289.5,8.716818277598897e-32,0.31491819620717065,0.4552427403973562,-0.14032454419018553,15298,5509,Homer2,2.7753781128327107e-31,True
2925,37740625.5,9.420105929666995e-32,1.0094997011429219,1.244880338451736,-0.2353806373088141,15298,5509,Ahnak,2.995812757865027e-31,True
2404,39631488.0,1.0503068918769071e-31,0.09142751812200195,0.15230129963370306,-0.060873781511701114,15298,5509,Arhgef28,3.3363407076461565e-31,False
457,39004893.5,1.1124690730541913e-31,0.16326151825608967,0.2509629411612554,-0.08770142290516572,15298,5509,Slitrk4,3.5297017573123125e-31,False
2588,38426411.5,1.256243849203934e-31,0.34687422892920594,0.48892629985372504,-0.1420520709245191,15298,5509,Nptxr,3.981259475750591e-31,True
2618,38617558.5,1.2679552908187837e-31,0.21951575933011055,0.29889875769516244,-0.07938299836505189,15298,5509,Asic1,4.013724213413627e-31,False
1089,38309976.5,1.3869216141854374e-31,0.3493620172963912,0.46452397067532036,-0.11516195337892915,15298,5509,Cald1,4.385237704967828e-31,True
516,39047668.5,1.5235434800594884e-31,0.17685383372052116,0.25853249707129666,-0.0816786633507755,15298,5509,Zfhx4,4.811652907578176e-31,False
2893,43201327.5,1.664947916330582e-31,0.018810326293490987,0.0005032834856125942,0.01830704280787839,15298,5509,Grp,5.252171339289667e-31,False
1962,40099242.0,2.2406526880271654e-31,0.05323872832028009,0.09992857351955496,-0.04668984519927487,15298,5509,Crabp1,7.060121084970388e-31,False
739,39657775.5,2.3930354457642914e-31,0.10819217817450319,0.16309643054006867,-0.05490425236556548,15298,5509,Tpm2,7.53159026946529e-31,False
1395,38806925.5,2.7447547049637996e-31,0.22675314315992545,0.3319019555484592,-0.10514881238853374,15298,5509,Tlnrd1,8.628625423075853e-31,True
2536,40751730.0,2.942790399994509e-31,0.023977454626998733,0.0647551160845439,-0.04077766145754517,15298,5509,Cdh9,9.240564574035571e-31,False
982,38414644.5,4.466878250441605e-31,0.386474877622847,0.5457187410407506,-0.15924386341790359,15298,5509,Lrrc8b,1.4010220200639667e-30,True
2379,40950250.5,4.4791062054894424e-31,0.012233682001867238,0.04309169093283342,-0.03085800893096618,15298,5509,Fbp1,1.4032480494860968e-30,False
1788,38447173.5,4.794342580047381e-31,0.3625422373582932,0.5060984740034431,-0.14355623664514988,15298,5509,Kcnma1,1.5002891254496095e-30,True
263,40375096.0,5.865244508148634e-31,0.03672170439617094,0.07851931979498468,-0.04179761539881374,15298,5509,Lypd6b,1.8333078548327445e-30,False
206,39476702.5,6.064013226563792e-31,0.12089283650339715,0.21632855618577368,-0.09543571968237653,15298,5509,Kcnk2,1.8932735359191748e-30,False
2577,38118248.0,7.582452087498686e-31,0.41761721751261105,0.555792225303916,-0.13817500779130498,15298,5509,Ly6h,2.364652960012418e-30,True
2477,40535447.0,8.056373891796192e-31,0.03348893124295819,0.08576967720834046,-0.05228074596538227,15298,5509,Gpx2,2.509587994767948e-30,False
1125,45903824.5,8.531379209070675e-31,0.41133439914477266,0.3402561923176597,0.07107820682711297,15298,5509,Pde1c,2.6545303909907048e-30,False
2056,40797078.5,9.109471958200899e-31,0.020506411421921677,0.050639077817611206,-0.03013266639568953,15298,5509,Gadl1,2.8311824779181204e-30,False
2300,38583776.5,1.2655271542788102e-30,0.2708271232972677,0.3753357735642175,-0.10450865026694978,15298,5509,Lyst,3.928736398357033e-30,True
352,37893158.5,1.4084554564886455e-30,0.8320618589097091,1.0632098568052464,-0.2311479978955373,15298,5509,Cds2,4.3674894257329314e-30,True
91,38775118.5,1.8594899600260147e-30,0.20493015144513602,0.293098655497329,-0.08816850405219298,15298,5509,Bcl2,5.759575357498472e-30,False
1094,41553976.5,1.9409898219678558e-30,0.0017636700248855309,0.012923800725593043,-0.011160130700707512,15298,5509,Gm7452,6.005211722943536e-30,False
2043,43537371.5,2.286340861880112e-30,0.03559076048485562,0.008387443009544993,0.02720331747531063,15298,5509,Col7a1,7.06569746581029e-30,False
2866,40667615.0,2.4027850898369774e-30,0.02321674942115959,0.05575224627467172,-0.03253549685351213,15298,5509,Stk32a,7.417175192668322e-30,False
805,40441504.0,2.497779976910365e-30,0.03407798333509799,0.06936393173830567,-0.03528594840320768,15298,5509,Cdca8,7.701722927677393e-30,False
1,44199479.0,2.5410190078753717e-30,0.08035262493326525,0.03527261505377877,0.04508000987948648,15298,5509,Rgs20,7.826224083940474e-30,False
997,39322747.5,3.1112770223797417e-30,0.14426952951513017,0.20637716554064867,-0.0621076360255185,15298,5509,Srrm4,9.571814011483233e-30,False
598,43118943.0,3.312853235085757e-30,0.017662802547307378,0.0,0.017662802547307378,15298,5509,Sprr1b,1.0180509660628704e-29,False
1592,38372829.5,4.255415838440033e-30,0.3935244003827174,0.5437460598951027,-0.1502216595123853,15298,5509,Uhrf1bp1l,1.3062359504077992e-29,True
75,41248585.0,4.952973647321073e-30,0.006973160912703458,0.03921962751468107,-0.03224646660197761,15298,5509,Trpm8,1.5184537836244613e-29,False
428,38007221.0,4.9578765220352615e-30,0.6348164045275371,0.8338079579210163,-0.19899155339347918,15298,5509,Praf2,1.5184537836244613e-29,True
929,38400279.5,8.626133201266576e-30,0.3242881537725043,0.40976477599692873,-0.08547662222442443,15298,5509,Pcdh7,2.638979228799115e-29,False
720,38515222.5,1.2249775535159074e-29,0.2692100613216217,0.3462087026584062,-0.07699864133678452,15298,5509,Calb1,3.7433671607441415e-29,False
1510,38110236.0,1.644939143198972e-29,0.6405561396852072,0.8283469393082189,-0.1877907996230117,15298,5509,Arfgef3,5.021103299831683e-29,True
483,38734913.0,2.2420017034887172e-29,0.2657247946040408,0.36846856215625795,-0.10274376755221715,15298,5509,5330434G04Rik,6.835980667827917e-29,True
2268,37923752.5,2.645839710179453e-29,1.062237717881126,1.377001131515103,-0.314763413633977,15298,5509,Pitpnc1,8.058320275435194e-29,True
571,44225571.0,3.0094764669170536e-29,0.11912931465797007,0.058368881663043846,0.06076043299492622,15298,5509,Npy2r,9.155637527272682e-29,False
654,44706742.0,3.771061031542217e-29,0.13467670423315528,0.07087271645463629,0.06380398777851899,15298,5509,Prss12,1.1459835468075516e-28,False
615,40959858.0,4.3655983434502985e-29,0.014009343794969122,0.037453563027646526,-0.023444219232677404,15298,5509,Hist2h2ac,1.3251844028120495e-28,False
1503,38281676.0,4.6480656203585244e-29,0.531907450460431,0.772322309530129,-0.24041485906969806,15298,5509,Rgs17,1.409363577791637e-28,True
1054,39586749.0,5.786464856987175e-29,0.09429510080821912,0.14299643354195868,-0.048701332733739555,15298,5509,Baiap2l1,1.7526003747353183e-28,False
1803,45049938.5,5.800268666184307e-29,0.2152497078032155,0.1535125146472827,0.06173719315593282,15298,5509,Cdhr1,1.7548379205767784e-28,False
101,43086545.5,5.927441319738908e-29,0.020610112894623864,0.00012582087140314854,0.020484292023220715,15298,5509,En1,1.7913317137553496e-28,False
69,43074871.0,6.69075031829628e-29,0.021627642040196886,0.0,0.021627642040196886,15298,5509,Gm29374,2.019779483503347e-28,False
2275,43769223.0,7.252178659358476e-29,0.05320000262937326,0.0209364457690967,0.03226355686027656,15298,5509,Sox9,2.1868476993765636e-28,False
2335,40454832.0,7.362248500037415e-29,0.03537653079015913,0.07069428737517347,-0.03531775658501434,15298,5509,2610307P16Rik,2.217593573524486e-28,False
2712,38810939.5,8.9990883863982e-29,0.2587631433569564,0.3922689137403106,-0.1335057703833542,15298,5509,Cadm2,2.707646505698468e-28,True
955,41256896.0,1.333085466214093e-28,0.007188246741917858,0.02746536587462599,-0.020277119132708132,15298,5509,Tmprss11c,4.0065810440610374e-28,False
840,40384517.5,1.5647067596421807e-28,0.042509309143615,0.08260445842401365,-0.04009514928039865,15298,5509,Sh2d5,4.6975554200014975e-28,False
1303,40929836.0,1.791043872074333e-28,0.017375663637630375,0.044271543355162694,-0.02689587971753232,15298,5509,Selenov,5.37116775232818e-28,False
2932,44586642.5,2.2399657608013137e-28,0.1685562082963169,0.0945992230457557,0.0739569852505612,15298,5509,AW112010,6.710083631754209e-28,False
607,41152060.5,2.4825729677780707e-28,0.010574700788980318,0.031141344194777796,-0.020566643405797478,15298,5509,Them5,7.4287057624431325e-28,False
1922,38027777.5,3.015383928040896e-28,0.9298121006271823,1.1531594142371853,-0.22334731361000293,15298,5509,Vwa5a,9.013196768515685e-28,True
2078,40600501.0,3.679672115710599e-28,0.030425514153885638,0.07016252994458455,-0.03973701579069891,15298,5509,Rasl10a,1.0986793926275641e-27,False
18,39642179.5,4.333675044139914e-28,0.1053789723256527,0.16211359099034886,-0.05673461866469616,15298,5509,Khdrbs2,1.2925410300679026e-27,False
1844,40486154.5,5.639831326300629e-28,0.04177585290457561,0.08352920820790442,-0.04175335530332881,15298,5509,Fam167a,1.6802765443825947e-27,False
968,38059282.0,7.259719888753738e-28,0.9028877688039305,1.1056981156185064,-0.20281034681457588,15298,5509,Parm1,2.1605368765768743e-27,True
1658,39431033.5,9.83353320860507e-28,0.12926138273834828,0.18634333538542563,-0.057081952647077355,15298,5509,Efnb2,2.923338404949442e-27,False
1914,40105992.0,1.1434985679762702e-27,0.06568362391247652,0.11493511192625583,-0.04925148801377931,15298,5509,Kirrel3,3.3957313609284465e-27,False
219,38885065.0,1.5422381905292157e-27,0.23855165581265317,0.33408113752315327,-0.0955294817105001,15298,5509,Fam107b,4.574860576027554e-27,False
1151,45769013.5,1.6939944093383084e-27,0.4236609356933989,0.3396447279085795,0.08401620778481939,15298,5509,Sema4f,5.019582567215898e-27,False
57,46150087.5,1.9066231932695976e-27,0.8700013353589524,0.7702710324115085,0.0997303029474439,15298,5509,Ptprn,5.6435221142774345e-27,False
2014,43836181.0,1.97720389175976e-27,0.0685362601519886,0.02788891946904618,0.04064734068294243,15298,5509,Bcl2a1b,5.846110966446425e-27,False
2639,38212936.5,2.2146403008337284e-27,0.6628670091825508,0.8628429932182505,-0.19997598403569972,15298,5509,Rbfox1,6.541081234103939e-27,True
1678,38341669.5,2.312100745220517e-27,0.556996290456324,0.7752538177381054,-0.21825752728178138,15298,5509,Dusp26,6.82157015984694e-27,True
1295,40744640.0,2.3464048765286355e-27,0.03486329186054341,0.09693932970412826,-0.06207603784358485,15298,5509,Ceacam10,6.915320406579545e-27,False
2914,43304088.0,2.6952366657318805e-27,0.027505989950772705,0.004781193113319645,0.02272479683745306,15298,5509,Rin1,7.93484637327954e-27,False
2496,38499887.5,2.7190751117201663e-27,0.4645046887709227,0.6070010036721656,-0.14249631490124287,15298,5509,Ifi27l2a,7.996419817800704e-27,True
442,44468324.5,2.817409094997459e-27,0.12385393101906943,0.06327471699757675,0.060579214021492675,15298,5509,Il13ra1,8.276706632457628e-27,False
62,38160835.0,2.8660876119642934e-27,0.7372560884026907,0.9509482947898262,-0.21369220638713549,15298,5509,Scg2,8.410675556569036e-27,True
1078,39807934.0,2.9026351313492556e-27,0.08601532413308076,0.1337293418082755,-0.047714017675194745,15298,5509,Cadps2,8.50879644613099e-27,False
1857,38882238.0,3.1097573525120223e-27,0.286506913161122,0.45638591152736824,-0.16987899836624626,15298,5509,Pdlim2,9.1061952453109e-27,True
1185,38512390.5,3.3665555260563086e-27,0.36657313371642947,0.47497874585732325,-0.10840561214089378,15298,5509,Atp2b2,9.847624987982892e-27,True
2521,40951803.0,4.006212569226704e-27,0.02309502343579125,0.06148342446418248,-0.03838840102839123,15298,5509,Ighg2c,1.17061873684135e-26,False
540,38031759.5,4.434086547461865e-27,2.1522089061595575,2.4304308127142753,-0.2782219065547178,15298,5509,Anxa5,1.2942611213776095e-26,True
1390,44413492.5,5.217855654460673e-27,0.11362969190080938,0.06631615909881022,0.04731353280199915,15298,5509,Prc1,1.5214110037260064e-26,False
2760,40776442.0,5.644990398233438e-27,0.022718125756423742,0.04987331512243874,-0.027155189366015,15298,5509,Pi16,1.6442011436814114e-26,False
871,38369796.0,5.713593276821141e-27,0.49002812208738666,0.6336766134381233,-0.14364849135073665,15298,5509,Adam22,1.662412511926151e-26,True
52,40109862.0,5.733904950301851e-27,0.069559072649917,0.13208043382850349,-0.06252136117858649,15298,5509,Igfbp2,1.6665494196679665e-26,False
403,38591093.5,5.8661184951498566e-27,0.35754588562760165,0.4737368370171109,-0.11619095138950924,15298,5509,Snx21,1.703167100237246e-26,True
2247,38713662.5,6.745406432670942e-27,0.28440723364305925,0.3713888745660668,-0.08698164092300753,15298,5509,Cntnap1,1.956382459528635e-26,False
433,39051758.0,7.023037791670141e-27,0.20559806688647517,0.2894777603279219,-0.08387969344144672,15298,5509,B630019K06Rik,2.0347466483281604e-26,False
1641,40548815.5,7.416249881647997e-27,0.03885124977622772,0.08179645064405901,-0.04294520086783129,15298,5509,Myo1a,2.146396129767965e-26,False
754,38046925.0,8.886102002136176e-27,2.9643191706925243,3.2964277601027487,-0.3321085894102245,15298,5509,Txn1,2.5690791729220337e-26,True
2783,38758865.5,1.4448366871303397e-26,0.289835261450453,0.41588546194557374,-0.12605020049512072,15298,5509,Ier3,4.172785997150453e-26,True
596,42994990.5,1.5257535225248832e-26,0.01510951065209943,0.0,0.01510951065209943,15298,5509,Sprr2i,4.401831101377168e-26,False
328,38561420.5,1.5965782599102402e-26,0.43727299341488785,0.6216119425026786,-0.18433894908779075,15298,5509,Disp2,4.601308262228142e-26,True
351,38426793.5,1.9418320114100907e-26,0.5168263512195272,0.7150357646869149,-0.19820941346738763,15298,5509,1700037H04Rik,5.59043215916484e-26,True
2579,40284677.5,2.2824053592183068e-26,0.046856888648120786,0.08136481164039945,-0.034507922992278665,15298,5509,Mafa,6.564015412683564e-26,False
784,38177232.0,2.5625471872959885e-26,0.9486994509375861,1.1347070697873534,-0.18600761884976724,15298,5509,Rnf11,7.361939660981648e-26,True
490,38606190.0,3.184249024498657e-26,0.38599997786763574,0.5256839444412005,-0.13968396657356474,15298,5509,Arxes2,9.138427158451025e-26,True
302,38841463.0,3.889256496158616e-26,0.31369574402961814,0.4900411761899831,-0.17634543216036497,15298,5509,Serping1,1.1150017313410706e-25,True
2616,38103095.0,4.093067423568688e-26,2.6901680890001827,2.9703218233597775,-0.2801537343595948,15298,5509,Prph,1.172203078896373e-25,True
1458,38872664.0,5.436927429438196e-26,0.2917598701190803,0.3958269994931953,-0.104067129374115,15298,5509,Tgfb1i1,1.555438966476304e-25,True
399,41413146.0,6.944144248391063e-26,0.005363651165401897,0.02162437200242805,-0.016260720837026153,15298,5509,Eppin,1.9845595109038198e-25,False
1568,40125839.0,7.24893605450007e-26,0.06308806546619207,0.10433034390198506,-0.04124227843579299,15298,5509,Trpm2,2.069503142907901e-25,False
255,44014641.0,1.209492292047725e-25,0.07203183446678692,0.03469838488736751,0.037333449579419406,15298,5509,Angptl2,3.449386255214315e-25,False
1040,38920236.0,1.2369925104229477e-25,0.2508957969451028,0.33250109316239246,-0.08160529621728968,15298,5509,Ache,3.524140120840377e-25,False
2131,39322691.0,1.2848454385656291e-25,0.17169479924815342,0.2496181186604093,-0.07792331941225589,15298,5509,Atpaf2,3.656662096229964e-25,False
338,40286637.5,2.6910118053542007e-25,0.055645459655400485,0.1071780441749881,-0.05153258451958761,15298,5509,Ctxn2,7.650641671147338e-25,False
588,45898813.5,5.641599259667693e-25,0.6442451807464074,0.5659001979610347,0.07834498278537261,15298,5509,S100a16,1.6022610566138255e-24,False
1674,41224028.0,9.379251588139084e-25,0.012916164615523766,0.04084317196960641,-0.027927007354082642,15298,5509,Chrnb3,2.6610221051411202e-24,False
1081,43501894.0,9.673110450569607e-25,0.05123070202012914,0.013766900211810785,0.037463801808318355,15298,5509,Flnc,2.7415499567158417e-24,False
2810,39432437.0,1.0803815411912385e-24,0.16063341603089068,0.22962707584500572,-0.06899365981411504,15298,5509,Efna5,3.0588442185901005e-24,False
2890,38524676.5,1.103715738299559e-24,0.5123384839253841,0.6753267417958565,-0.16298825787047244,15298,5509,St8sia3,3.121677915459456e-24,True
299,45950278.0,1.1715067153452933e-24,0.9444045205797,0.8319088597321806,0.11249566084751939,15298,5509,Fam171b,3.30999056453448e-24,True
1442,39494956.5,1.184496641179391e-24,0.13213694243864232,0.20837010489556215,-0.07623316245691983,15298,5509,Chp2,3.3432387137519444e-24,False
2118,43483391.0,1.2029358993302657e-24,0.05095304370784742,0.015742460776835894,0.03521058293101153,15298,5509,Ltc4s,3.391783180070388e-24,False
811,40479297.5,1.308395926736484e-24,0.040584150038487664,0.0791469000911231,-0.03856275005263544,15298,5509,Tmem54,3.6853376515183145e-24,False
694,38748726.5,1.6099421962702269e-24,0.4127136703475497,0.5247968158735692,-0.1120831455260195,15298,5509,Ddah1,4.53003282592497e-24,True
1716,39820873.0,1.7605441077760145e-24,0.10296349099112917,0.17935191618838414,-0.07638842519725497,15298,5509,Hmox1,4.948703118979856e-24,False
564,39534039.0,2.0174655440923003e-24,0.1355705832732259,0.1980889816324517,-0.06251839835922579,15298,5509,Slitrk3,5.665059818370063e-24,False
2048,40595823.5,2.4956267038639592e-24,0.1085211913585244,0.1929542255887065,-0.08443303423018211,15298,5509,Ngp,7.000552856479927e-24,False
65,38459468.0,2.9857615358620757e-24,0.6187319810189573,0.7216470186050045,-0.10291503758604714,15298,5509,Dner,8.366862500597109e-24,True
1088,39004827.5,3.1988356808873507e-24,0.2508774642714212,0.33859901651230206,-0.08772155224088085,15298,5509,Akr1b3,8.954775421931324e-24,False
1793,43800192.0,3.2376713833450956e-24,0.07084734399778199,0.034169468571559086,0.0366778754262229,15298,5509,Stab1,9.054224165080609e-24,False
2987,38321070.5,3.4625389226965216e-24,1.0757116474939956,1.2614928539894057,-0.18578120649541008,15298,5509,Scd1,9.673180749310507e-24,True
2162,38886749.5,5.090670018876227e-24,0.299587305717811,0.3992971775861888,-0.09970987186837782,15298,5509,Xaf1,1.4207125001659672e-23,False
194,43564220.5,5.498256508793424e-24,0.0430161345918815,0.01686020161706525,0.02615593297481625,15298,5509,Grem2,1.532898221360858e-23,False
1838,38436334.5,6.71026151456081e-24,0.687525216806672,0.7897220930820398,-0.10219687627536778,15298,5509,Atp8a2,1.8688966641877613e-23,True
1881,45405449.5,7.539790526848523e-24,0.42453191364481424,0.324027647672617,0.10050426597219725,15298,5509,Tmtc4,2.097795227968536e-23,True
2812,38892007.0,8.195631775209547e-24,0.3483866396471413,0.44420153274157953,-0.09581489309443825,15298,5509,Dlgap1,2.2779525310160686e-23,False
2122,39768611.5,8.855202085572684e-24,0.15393413120866586,0.2470120407884602,-0.09307790957979434,15298,5509,Gpx3,2.4587794623392172e-23,False
2094,38668319.5,1.0995816963400856e-23,0.5231402477993747,0.6943695590657469,-0.1712293112663722,15298,5509,Nsg2,3.0500567337628134e-23,True
892,39680858.5,1.2484658583107199e-23,0.12054805420436158,0.17484529002423108,-0.05429723581986949,15298,5509,Shh,3.4595279863017416e-23,False
1506,39291249.0,1.4650271815967326e-23,0.2423640659473264,0.3427907296980823,-0.10042666375075587,15298,5509,Plagl1,4.055515528003101e-23,True
424,41214674.0,1.5125056063685005e-23,0.016616770147732017,0.044277267380278956,-0.02766049723254694,15298,5509,Dgkk,4.182712672818856e-23,False
565,38580540.0,1.5726056148795083e-23,0.523394374409429,0.6334154250469559,-0.11002105063752687,15298,5509,Serpini1,4.3445215724196516e-23,True
1530,39278627.0,1.6695012925578513e-23,0.20542846301833997,0.29529515730818895,-0.08986669428984898,15298,5509,Mical1,4.6075540213377636e-23,False
89,43102394.0,1.7308969529230237e-23,0.021663490941892318,0.0038173863656037624,0.017846104576288557,15298,5509,Gm17634,4.772180611133538e-23,False
853,43634921.5,1.81858379373285e-23,0.06107168998598193,0.02243746068286243,0.03863422930311951,15298,5509,Gm13203,5.008888898146369e-23,False
2156,43959840.0,2.809405092585975e-23,0.08525659581716379,0.04309964543702526,0.04215695038013852,15298,5509,Cxcl16,7.730103549519761e-23,False
2723,45036938.5,3.2613156615733134e-23,0.2550187837178889,0.16835564240837736,0.08666314130951153,15298,5509,Bach1,8.964520939098505e-23,False
1638,41246829.5,3.5667353168573274e-23,0.010659034900287303,0.03145269105737962,-0.02079365615709232,15298,5509,Stac3,9.794197883137339e-23,False
2848,39681000.0,4.2292518954544046e-23,0.14160099796968542,0.20174850802782254,-0.06014751005813712,15298,5509,Lrrtm2,1.1601809362154258e-22,False
235,38991174.5,5.106553671090498e-23,0.39529678254557593,0.5259426954072325,-0.13064591286165655,15298,5509,Cacna1b,1.3994413116665842e-22,True
554,40976110.5,5.182363408303784e-23,0.022255218765142377,0.04936131334031908,-0.027106094575176706,15298,5509,Mab21l1,1.4187951873584433e-22,False
2185,43679557.0,5.322112314795902e-23,0.09972693177297753,0.046315102241116686,0.05341182953186085,15298,5509,Ccl12,1.4555977180966793e-22,False
1794,43718379.5,5.847498840142522e-23,0.06622329964625984,0.02636316225764677,0.03986013738861306,15298,5509,Tnnc1,1.5976932395394403e-22,False
2543,45177048.5,6.033915872352594e-23,0.29726005411320194,0.24462323055154395,0.052636823561658,15298,5509,Sema5a,1.6469820270343658e-22,False
2549,40856583.5,6.433049941648016e-23,0.025909148631412995,0.052917164690118666,-0.02700801605870567,15298,5509,Dpys,1.7541766291532725e-22,False
355,41226964.0,9.101171550383925e-23,0.011871961833404956,0.02873729830080148,-0.016865336467396522,15298,5509,Lrrn4,2.47925340540837e-22,False
2994,38936280.5,9.148210116994935e-23,0.3668649222968158,0.4799184895728346,-0.11305356727601884,15298,5509,Atrnl1,2.489587529351358e-22,True
1587,44346463.5,1.0131549857897828e-22,0.12444163314144033,0.08356768666567459,0.04087394647576574,15298,5509,Igf1,2.7544521730964774e-22,False
2844,44193871.0,1.0184638413832578e-22,0.11580973626659002,0.06093311395812134,0.05487662230846868,15298,5509,Epb41l4a,2.7661356565871004e-22,False
638,39037822.5,1.0735772737860816e-22,0.2811497026093599,0.37388886823403417,-0.09273916562467427,15298,5509,Gstm1,2.9129304006001325e-22,False
1781,40327586.0,1.1637171509815505e-22,0.08432932012250706,0.1321611565401518,-0.04783183641764473,15298,5509,Dnase1l3,3.1543770148013284e-22,False
532,45437654.0,1.2072647923462203e-22,0.45406035185668225,0.343808426351468,0.11025192550521423,15298,5509,Tnik,3.2691774327395176e-22,True
2572,44344979.0,1.2343805926690175e-22,0.2540339453493536,0.1536697896849898,0.1003641556643638,15298,5509,Ly6a,3.339298635954266e-22,True
539,42949299.5,1.4554094412102025e-22,0.02094390238373976,0.0013318092056103861,0.019612093178129373,15298,5509,Qrfpr,3.933344685484095e-22,False
2970,39403509.0,1.563868647591951e-22,0.24866155014277713,0.3353662356544906,-0.08670468551171345,15298,5509,Ifit1,4.222290968572543e-22,False
2984,40990068.5,1.6768173106214303e-22,0.020702303726048966,0.04349184517120757,-0.022789541445158604,15298,5509,Cpn1,4.522776473914805e-22,False
244,39231566.0,1.771226597666156e-22,0.2580528076797685,0.3421054204421333,-0.08405261276236481,15298,5509,Ralgds,4.772714034105357e-22,False
1985,39484131.0,1.8523722933745335e-22,0.17329198668422932,0.23249946599131185,-0.05920747930708253,15298,5509,Rora,4.986454943286761e-22,False
2222,43960925.5,2.396826400872233e-22,0.09007442285146593,0.04908949153272026,0.040984931318745664,15298,5509,Gngt2,6.445742582483341e-22,False
2385,44666263.0,2.415153811492234e-22,0.1764162743915612,0.1290738149657811,0.04734245942578011,15298,5509,Slc6a19,6.488649974883359e-22,False
987,44870396.0,2.573777366210678e-22,0.23392207276031937,0.15313247814767686,0.08078959461264251,15298,5509,Galnt9,6.908028554059082e-22,False
314,39507960.0,2.692702925005151e-22,0.17318211182037563,0.2568156299594121,-0.08363351813903647,15298,5509,Cd82,7.220139705773616e-22,False
905,45547646.5,3.185313758612206e-22,0.5820659426742288,0.4815407592577056,0.10052518341652322,15298,5509,Crmp1,8.532647531639946e-22,True
2365,45294545.0,3.846680883991853e-22,0.3736012718495011,0.2905529327040418,0.08304833914545928,15298,5509,Gadd45g,1.0294199821641604e-21,False
1925,39455396.5,4.319175693716111e-22,0.21513085640633486,0.29688936169965596,-0.0817585052933211,15298,5509,Scn3b,1.1538098164453848e-21,False
2119,39397456.5,4.319931451700454e-22,0.20370373089882188,0.28348411682267577,-0.07978038592385389,15298,5509,Rmnd5b,1.1538098164453848e-21,False
2050,40245325.0,4.522857790403117e-22,0.06699654063677978,0.10953104794901325,-0.042534507312233474,15298,5509,Dclk3,1.2068308348051245e-21,False
514,39925152.5,5.6359839175526265e-22,0.10314213916718483,0.14578734700636956,-0.042645207839184726,15298,5509,Frmpd4,1.5023797285093988e-21,False
1436,40118743.0,6.117811336166025e-22,0.08308047721478896,0.14369140510438144,-0.06061092788959248,15298,5509,Crym,1.6292321328543406e-21,False
1332,41170867.5,6.858621656562037e-22,0.016798136191763628,0.04135180742374102,-0.02455367123197739,15298,5509,2310002F09Rik,1.8247402948149e-21,False
1167,39087222.0,6.921846315817378e-22,0.3426025652377386,0.46363159458611897,-0.12102902934838039,15298,5509,Fbln2,1.839771591230372e-21,True
209,43569121.0,7.606696200850767e-22,0.05130720010295187,0.020940944831871675,0.030366255271080198,15298,5509,Vash2,2.0198363212938687e-21,False
2853,38496227.5,7.838794127520397e-22,1.5504641537306743,1.8546769733049173,-0.30421281957424307,15298,5509,Cystm1,2.0794473267476512e-21,True
437,43473901.0,9.351997425651627e-22,0.05047032940299094,0.019845166909638418,0.030625162493352523,15298,5509,Gpr34,2.4784605580578684e-21,False
549,41055142.0,9.389609401877593e-22,0.018459467454610388,0.04309311717671294,-0.024633649722102555,15298,5509,Mgst2,2.486019527021802e-21,False
2279,43809670.5,9.99595493027296e-22,0.08464964575567233,0.041050762465643625,0.0435988832900287,15298,5509,Cd300c2,2.6439977499319676e-21,False
2458,40936610.0,1.1229925985126378e-21,0.02748661444788835,0.06529147041994111,-0.03780485597205276,15298,5509,Scin,2.967521504282188e-21,False
331,43777889.5,1.1466703718931002e-21,0.07895633066463152,0.031654844062812534,0.04730148660181899,15298,5509,Chac1,3.027165508810453e-21,False
2904,40980683.5,1.845812793371991e-21,0.02961379523923963,0.06831944983755316,-0.03870565459831353,15298,5509,Galr1,4.8681754965018276e-21,False
1810,44886558.5,2.0136905260064774e-21,0.22934472879126003,0.18519206616096076,0.044152662630299266,15298,5509,Cdkn3,5.305822339718417e-21,False
499,38924973.5,2.0640562212876208e-21,0.393240025518513,0.5115860605736632,-0.11834603505515018,15298,5509,Pak3,5.433295250453939e-21,True
231,45379122.5,2.0854917954167666e-21,0.46523337761593136,0.36583703187035016,0.0993963457455812,15298,5509,Gpr158,5.484442365831593e-21,False
199,39143568.0,2.6985622321905985e-21,0.3029391939143096,0.4035459591024388,-0.10060676518812917,15298,5509,Itpkb,7.089882521653493e-21,True
752,39501547.5,2.8482515644181355e-21,0.18043900972790886,0.24562288672929233,-0.06518387700138348,15298,5509,Frrs1l,7.475976994897888e-21,False
2539,45013028.5,2.926903240733006e-21,0.3071183100624754,0.21054798933552463,0.09657032072695079,15298,5509,Myo10,7.675053080924997e-21,False
1272,38748554.5,4.10633691556882e-21,0.5554534830446107,0.6914941519833494,-0.13604066893873867,15298,5509,Rps4l,1.0757501402376171e-20,True
579,38704503.0,5.004355850561244e-21,0.6610236085617217,0.8333157732861378,-0.1722921647244161,15298,5509,Ntrk1,1.3097524642377991e-20,True
1822,42941334.5,5.266528416077913e-21,0.018047853929799126,0.0027777241762275565,0.01527012975357157,15298,5509,Trdc,1.3770511680662614e-20,False
375,40780280.5,5.395759713241686e-21,0.03558786624308217,0.06493757958518825,-0.029349713342106086,15298,5509,Cox4i2,1.4094940607178615e-20,False
2465,38594524.0,5.553270740566508e-21,1.196361836048837,1.3092007304681557,-0.1128388944193186,15298,5509,Akap6,1.4492552934589122e-20,True
1471,41300817.5,5.56405846927747e-21,0.010158484722294853,0.02845709872021788,-0.018298613997923027,15298,5509,Nkx6-2,1.4506863597210563e-20,False
1388,38771282.5,6.214409593550861e-21,0.5688947343305077,0.6890409417107668,-0.12014620738025905,15298,5509,Abhd2,1.6187057369868195e-20,True
1166,38968738.0,6.337195804651993e-21,0.3901669063591071,0.5137607172198837,-0.12359381086077659,15298,5509,Mgll,1.6491180328946908e-20,True
2587,38897169.5,1.0103440130491856e-20,0.503979108475982,0.6187953995016946,-0.11481629102571256,15298,5509,Csnk1e,2.6267023533170365e-20,True
780,38722665.0,1.041056923817103e-20,0.7737452556960285,0.9626628071455013,-0.18891755144947286,15298,5509,Ssbp3,2.7039797593920006e-20,True
2402,38644497.0,1.1525629684008985e-20,1.0148277976640714,1.17775412193095,-0.16292632426687859,15298,5509,Sv2c,2.990758746277474e-20,True
1704,39004592.0,1.2421867819975434e-20,0.3953604547569111,0.516401170673629,-0.12104071591671789,15298,5509,Nr2c2ap,3.22026620735856e-20,True
147,40653394.0,1.4186209889431872e-20,0.04804198782591694,0.08204402520592545,-0.03400203738000851,15298,5509,Tnr,3.674174625719334e-20,False
586,41470048.5,1.6638059439970052e-20,0.0061929845216471355,0.022113081721820697,-0.01592009720017356,15298,5509,Kcnn3,4.30511755613227e-20,False
1606,45366812.0,1.725997594563957e-20,0.5291355241899937,0.4474595044830257,0.08167601970696797,15298,5509,Kitl,4.4618179783860326e-20,False
2556,42797302.0,1.9809105673486477e-20,0.012290473997006458,0.00012582087140314854,0.01216465312560331,15298,5509,Colec10,5.115949387817329e-20,False
2907,42866540.0,3.730503572410489e-20,0.016657766131897372,0.0012582087140314852,0.015399557417865887,15298,5509,Fbxo15,9.625403085417629e-20,False
1415,40195082.5,3.754559427609556e-20,0.14566726371431726,0.22840133754080277,-0.08273407382648551,15298,5509,Hbb-bt,9.678341220086838e-20,False
2085,44568228.0,3.913933333754641e-20,0.21649655487817815,0.1328336431892825,0.08366291168889564,15298,5509,Grb10,1.007966823711765e-19,False
1074,40997188.5,4.0913262532658364e-20,0.028050439930418957,0.06279164401867174,-0.03474120408825278,15298,5509,Foxp2,1.0526601413623765e-19,False
2809,43520997.0,4.620888965745715e-20,0.05874206546149237,0.026035471061524682,0.03270659439996769,15298,5509,Adgre1,1.1877942971160274e-19,False
896,40786701.0,5.2128036994181854e-20,0.036442406768729035,0.0681395913981948,-0.03169718462946576,15298,5509,Gm19409,1.3386871472214777e-19,False
2831,39117727.0,6.31893334584075e-20,0.3647079792683114,0.4368358216759818,-0.0721278424076704,15298,5509,Zeb1,1.6212272702508866e-19,False
910,41091662.5,6.630093973879707e-20,0.02173840965006939,0.05050271815646657,-0.02876430850639718,15298,5509,C1qtnf7,1.6994664497245548e-19,False
2508,40229993.5,8.205685510725717e-20,0.09514998912264633,0.1498094823880958,-0.05465949326544947,15298,5509,Rit1_ENSMUSG00000048251,2.1013623475500786e-19,False
1859,41043890.5,9.246467761148249e-20,0.02733811009956225,0.0547535024826681,-0.027415392383105853,15298,5509,Cysltr2,2.365677205494898e-19,False
1387,44200170.0,9.893147851408719e-20,0.13758624513639475,0.08730784964318732,0.05027839549320744,15298,5509,Mfge8,2.52876255828064e-19,False
1157,41354979.0,1.033124884718249e-19,0.010514974684249365,0.03250000819785109,-0.02198503351360172,15298,5509,Cyp26b1,2.638278767231009e-19,False
639,38806609.0,1.0442516824188123e-19,0.7891271089518835,0.9235772970879547,-0.13445018813607112,15298,5509,Fam102b,2.6642055516935183e-19,True
1637,38999580.0,1.26779171528351e-19,0.44122297322598175,0.5466968516487759,-0.10547387842279415,15298,5509,Ddit3,3.2315101037282385e-19,True
1127,39776877.0,1.401576543197665e-19,0.15929664820743808,0.24382352418148454,-0.08452687597404646,15298,5509,Snca,3.569191662612303e-19,False
1099,43018299.0,1.593609404624649e-19,0.025042068639769408,0.00733034839412525,0.017711720245644158,15298,5509,Trbc2,4.054438810835735e-19,False
369,41587759.0,1.732147212294331e-19,0.003810303974477237,0.015625065750418107,-0.01181476177594087,15298,5509,Angpt4,4.402809131621743e-19,False
36,38967884.0,1.7341015925958879e-19,0.5034592310110925,0.6574161530064022,-0.15395692199530975,15298,5509,Tmeff2,4.403684174326605e-19,True
2364,39745623.5,1.775303130644518e-19,0.15417633533293393,0.2169503750341333,-0.06277403970119938,15298,5509,Cks2,4.504131783221481e-19,False
373,39001312.0,1.871291128166335e-19,0.4848056976267336,0.6089483132643556,-0.12414261563762202,15298,5509,H13,4.743263424962861e-19,True
1538,39716296.5,2.0346113394619077e-19,0.16821548953512125,0.23882062544619997,-0.07060513591107873,15298,5509,Dcbld1,5.152464827248442e-19,False
3,40218159.5,2.1536989249076273e-19,0.09282578215732927,0.13848692193408124,-0.04566113977675197,15298,5509,Sulf1,5.44899774248137e-19,False
289,40346687.5,2.335835455917594e-19,0.07530660993613715,0.11739313591575458,-0.04208652597961743,15298,5509,Hoxd1,5.90435302396915e-19,False
782,42912012.5,3.2228249248012914e-19,0.01897180795837329,0.0028630397742028216,0.01610876818417047,15298,5509,Fam159a,8.1388976632793455e-19,False
2602,42756001.0,3.230988028143235e-19,0.01323148788612379,0.00012582087140314854,0.013105667014720643,15298,5509,Adm2,8.151985476911207e-19,False
44,38991780.5,3.3225609093744925e-19,0.5787431099462632,0.717530655601186,-0.1387875456549228,15298,5509,Raph1,8.375303306119112e-19,True
2774,40240074.5,3.364401677028457e-19,0.08615331720075235,0.1343452972992303,-0.04819198009847796,15298,5509,Gpsm3,8.47296370780187e-19,False
1591,41128669.5,3.450988165645549e-19,0.026829692510603173,0.06255309604132318,-0.03572340353072001,15298,5509,Slc17a8,8.683029101233282e-19,False
2493,40639632.0,3.707137397816838e-19,0.04883577159598048,0.0824016027219596,-0.03356583112597911,15298,5509,Kcnk13,9.318952925578173e-19,False
616,43387527.0,3.81634136258693e-19,0.0483761296284569,0.02226417567613166,0.02611195395232524,15298,5509,Fcgr1,9.584658977663226e-19,False
2454,44127327.0,4.2468571298345175e-19,0.12080950963692605,0.07858066753134353,0.04222884210558252,15298,5509,Ahr,1.0656104816603123e-18,False
2688,42806269.0,4.2670847667477745e-19,0.012456011547014458,0.0010279470829798413,0.011428064464034616,15298,5509,Stfa2,1.0697045680160551e-18,False
635,39332677.5,4.614696602127073e-19,0.283408285450203,0.3465493313998763,-0.06314104594967329,15298,5509,Slc6a17,1.1557871068514234e-18,False
1932,40010587.5,4.640851422435631e-19,0.12941848288912963,0.1874836644183561,-0.05806518152922646,15298,5509,Nectin1,1.1612743495298674e-18,False
1289,40444783.0,4.836829797143181e-19,0.10817617897529963,0.18589537792346283,-0.0777191989481632,15298,5509,Pglyrp1,1.2092074492857951e-18,False
2842,39804351.0,4.987632026038254e-19,0.174887941927224,0.2508337974037914,-0.0759458554765674,15298,5509,Camk4,1.2457692777364955e-18,False
1566,39702886.0,5.472017608139843e-19,0.1877946023401455,0.2453935584516055,-0.05759895611145999,15298,5509,Adarb1,1.3655080436370868e-18,False
2004,43638842.0,5.533451951196312e-19,0.07147724178117992,0.03313856900078691,0.03833867278039301,15298,5509,Cd109,1.3795798620348145e-18,False
1201,40221779.5,7.458787412584675e-19,0.08228827453563232,0.12260154202065271,-0.040313267485020385,15298,5509,Rimklb,1.8579037862858915e-18,False
1748,39132873.0,8.032096599492353e-19,0.43122609050347877,0.5306096804483138,-0.09938358994483504,15298,5509,Bean1,1.998888462203056e-18,False
1547,43128647.5,9.211218934265078e-19,0.02974088063498806,0.010785654470525027,0.018955226164463032,15298,5509,Gm47595,2.29024398047409e-18,False
168,43788154.5,9.81970220893293e-19,0.08345832940943416,0.045535819381727544,0.03792251002770662,15298,5509,Ddr2,2.4393174878684434e-18,False
1817,44610707.0,1.0841282483183767e-18,0.28126893266974407,0.19174586451492726,0.08952306815481681,15298,5509,Rnase4,2.6906449720061346e-18,False
1764,39428854.0,1.1368382796400033e-18,0.3134158671125594,0.40490136884113015,-0.09148550172857073,15298,5509,Gan,2.818905435009437e-18,False
358,38875267.5,1.237316359662086e-18,0.8228261678221475,1.037973091330678,-0.21514692350853049,15298,5509,Pcsk2,3.0652719598512728e-18,True
2711,43959549.0,1.4289844528399388e-18,0.10022220122795239,0.07720512514595937,0.02301707608199302,15298,5509,Htr1f,3.5368981706038305e-18,False
1622,39497361.5,1.4523360751713217e-18,0.2497496189669267,0.31122035325033365,-0.061470734283406936,15298,5509,Kcnmb4,3.591445900175013e-18,False
2237,40948012.0,1.5083330105100807e-18,0.029625663672513996,0.06101886293471462,-0.03139319926220062,15298,5509,Krt25,3.726549940149116e-18,False
2939,43762427.5,1.647340821720074e-18,0.11055102011708087,0.0691322108198817,0.04141880929719917,15298,5509,Ms4a6c,4.066315114985923e-18,False
1740,39526995.0,1.8108035988795555e-18,0.2532676582203905,0.3299824171246145,-0.07671475890422402,15298,5509,Cpne2,4.465778036912159e-18,False
1432,38793126.5,2.009818984553361e-18,3.1389189172892578,3.4165261976641714,-0.27760728037491367,15298,5509,Calca,4.952121552030129e-18,True
2520,38867465.5,2.043079672091529e-18,0.9501199676493316,1.0895723202614431,-0.13945235261211153,15298,5509,Crip1,5.02954356721002e-18,True
254,44694550.5,2.315913681095881e-18,0.26493114751055863,0.19272774201732132,0.07220340549323731,15298,5509,Fam129b,5.696064674278089e-18,False
2836,41386508.5,2.507850911799484e-18,0.01080845470117094,0.025772114212322023,-0.014963659511151084,15298,5509,Ttr,6.162598601771418e-18,False
1159,43931537.5,2.6745547586856973e-18,0.10753439716441075,0.06039460216273878,0.04713979500167197,15298,5509,Tgfa,6.566344043990468e-18,False
396,40755896.5,3.1415342889343856e-18,0.07397702644463576,0.1272385816436157,-0.053261555198979946,15298,5509,Slpi,7.705915946399591e-18,False
397,41511824.0,3.269063227582597e-18,0.0068777339832051905,0.022648014034288396,-0.015770280051083205,15298,5509,Gm14317,8.01154832207742e-18,False
2460,39798627.5,3.861286331453654e-18,0.17625714609130758,0.25171004852302814,-0.07545290243172056,15298,5509,Dock4,9.45444773189413e-18,False
770,38920074.5,4.102654131267119e-18,0.8161481560226767,0.933861541907887,-0.1177133858852103,15298,5509,Slc24a2,1.0036457110031817e-17,True
1935,45129748.0,4.311933215060686e-18,0.4581803111980165,0.38235739481253095,0.07582291638548555,15298,5509,Mcam,1.0538996732074152e-17,False
161,39597881.5,4.607266220826859e-18,0.24504480001903972,0.3066642758791846,-0.06161947586014488,15298,5509,Pogk,1.1250779566037016e-17,False
45,44889572.0,4.7262233636826735e-18,0.33087794478373816,0.2940756762232992,0.036802268560438944,15298,5509,Nrp2,1.1530973148681634e-17,False
2414,38979570.0,4.741865730233306e-18,0.7014231376881241,0.8530401658032642,-0.1516170281151401,15298,5509,Elovl7,1.155882600016764e-17,True
1249,41540861.5,5.191976719670958e-18,0.005591749768449161,0.017819262957672388,-0.012227513189223226,15298,5509,Gm5886,1.2644751850667917e-17,False
2590,41409650.0,5.486336643183819e-18,0.013612303115910539,0.031214628816238744,-0.017602325700328207,15298,5509,Cacna1i,1.3349760426252441e-17,False
2975,42765356.5,6.4906732696685665e-18,0.016758317691303745,0.0009543465914009406,0.015803971099902805,15298,5509,Cyp26a1,1.5779547904483137e-17,False
330,40112634.5,6.660478454579114e-18,0.11888322825124889,0.17515627597610717,-0.05627304772485828,15298,5509,Rhov,1.617798274713488e-17,False
1782,39474333.0,6.713931534224843e-18,0.3054677506717819,0.3807061806081585,-0.07523842993637658,15298,5509,Ptprg,1.629334760080297e-17,False
1507,45327188.5,6.7225674193394536e-18,0.8295819528062331,0.7446245469515324,0.0849574058547008,15298,5509,Phactr2,1.6299842102742383e-17,False
2227,41519879.5,7.501593488147856e-18,0.006271685842363957,0.020012602983857698,-0.01374091714149374,15298,5509,Prr15l,1.817259361389228e-17,False
2824,40248097.5,7.880648948598677e-18,0.10317848075552444,0.15981110763985787,-0.05663262688433343,15298,5509,Kcnk12,1.9073960065856093e-17,False
2941,43216137.5,8.747006221429906e-18,0.03698147739435766,0.015599134243210178,0.021382343151147485,15298,5509,Ms4a6d,2.1152132639797342e-17,False
336,40006371.0,9.353409504199152e-18,0.1310400088136697,0.18490578461137513,-0.053865775797705434,15298,5509,Shf,2.2598564482318622e-17,False
2923,40733521.5,1.0015292682480096e-17,0.050722668275563536,0.08450182560671617,-0.03377915733115263,15298,5509,Flrt1,2.4176368478890613e-17,False
510,41490520.5,1.0607107352475724e-17,0.007138718326327746,0.020309995222861203,-0.013171276896533458,15298,5509,Grpr,2.5582397362452475e-17,False
2620,44406116.0,1.0700975091786906e-17,0.19069082609538845,0.1485074582123615,0.042183367883026957,15298,5509,Mettl7a3,2.5786050111045982e-17,False
434,40135471.5,1.0995456059923182e-17,0.10753424114271626,0.14602207167577338,-0.03848783053305713,15298,5509,Lancl3,2.6472334792156602e-17,False
2945,43729013.5,1.221495580629496e-17,0.10274267433592356,0.05711365292585145,0.04562902141007211,15298,5509,Mpeg1,2.9382501433787786e-17,False
429,39219793.0,1.3166329960634123e-17,0.4375260926687667,0.5696803050507864,-0.1321542123820197,15298,5509,Kcnd1,3.164315680345723e-17,True
566,39891671.0,1.3488745738681524e-17,0.16185039634091933,0.21455585134400354,-0.05270545500308421,15298,5509,Fstl5,3.238956944275151e-17,False
216,42839515.5,1.500774258840775e-17,0.01714808589807175,0.0023905965566598224,0.014757489341411927,15298,5509,Lamb3,3.6005417525697536e-17,False
2020,39217771.5,1.5615324315667746e-17,0.45461149689993846,0.5546001900136721,-0.09998869311373365,15298,5509,Slc9a9,3.743024715455853e-17,False
1737,45120943.0,1.6805224950787004e-17,0.5457370451108489,0.4474614446024329,0.09827560050841594,15298,5509,Mt2,4.0247189352366423e-17,False
2972,42707014.0,1.7001321063594268e-17,0.010146030916307265,0.0002516417428062971,0.009894389173500967,15298,5509,Ankrd1,4.0681201320149014e-17,False
2860,41186306.5,1.9648399100528147e-17,0.01760687388583516,0.041680675381444876,-0.024073801495609715,15298,5509,Pcdhga5,4.697410099645497e-17,False
236,40927046.0,1.9833289813455935e-17,0.03275702359847013,0.05860497583848366,-0.02584795224001353,15298,5509,Ptgds,4.737471409589693e-17,False
180,39388693.0,2.1515525025633244e-17,0.3425551464529173,0.4536859050897686,-0.11113075863685129,15298,5509,Igsf8,5.134813345995368e-17,True
425,39512804.0,2.2909579274290132e-17,0.30861927692754365,0.3675595159419441,-0.05894023901440043,15298,5509,Clcn5,5.462746234976766e-17,False
1491,40619416.0,2.365220799770749e-17,0.07859707432413558,0.1476851991900967,-0.06908812486596112,15298,5509,Th,5.634911922798779e-17,False
2413,41251313.5,2.5975077072947244e-17,0.020354065784550276,0.03957131929340839,-0.019217253508858112,15298,5509,Htr1a,6.180994052249937e-17,False
13,40401464.5,2.598955451585897e-17,0.08048042173851669,0.11988914771230041,-0.039408725973783726,15298,5509,Kcnq5,6.180994052249937e-17,False
2617,41221281.5,2.6149962309709577e-17,0.02430839813712253,0.06238150808729613,-0.0380731099501736,15298,5509,C1ql4,6.213739958041329e-17,False
2706,39017564.0,2.9299738656041175e-17,0.7809582619304624,0.9978355548657233,-0.21687729293526092,15298,5509,Alcam,6.956144550718109e-17,True
308,39437168.5,4.468854687310285e-17,0.3385883531405385,0.40045845936521285,-0.06187010622467437,15298,5509,Madd,1.0600448889673572e-16,False
765,40117469.0,5.969982196762496e-17,0.12432328047341953,0.17336952298968597,-0.049046242516266436,15298,5509,Ptprd,1.4148961272223075e-16,False
1762,40528918.5,6.245745130072127e-17,0.07271582175986317,0.10897668197727656,-0.036260860217413385,15298,5509,Cntnap4,1.4789708165149148e-16,False
1509,44754426.0,6.975379282684065e-17,0.32715742619403526,0.23913361586641618,0.08802381032761908,15298,5509,Cited2,1.650316811257865e-16,False
2730,41629474.0,7.125744594507771e-17,0.004145538536495319,0.014294023608302802,-0.010148485071807482,15298,5509,Kcnj6,1.6844348717354152e-16,False
1893,40532123.5,8.363298125883101e-17,0.06671893437994857,0.09469132715960904,-0.027972392779660474,15298,5509,Olfm2,1.975269462373945e-16,False
1662,39136440.5,8.752191639858044e-17,0.5794222652289478,0.6592775241812978,-0.07985525895235002,15298,5509,Atp11a,2.0653359909414796e-16,False
1633,39391896.0,1.113669683564761e-16,0.42547192461164574,0.5295846336933849,-0.1041127090817392,15298,5509,Srgap1,2.6257642970255356e-16,True
2459,39627236.0,1.1718013199728364e-16,0.25211409936994317,0.2965686825058136,-0.04445458313587042,15298,5509,Ifrd1,2.7604449699618493e-16,False
1953,39122441.5,1.3048822230479368e-16,0.7505955027293937,0.8917298969202787,-0.14113439419088503,15298,5509,Ncam1,3.0713019621653246e-16,True
526,39900264.5,1.317672558641471e-16,0.18512191592169347,0.2509706312617082,-0.06584871534001474,15298,5509,Cp,3.0987398520072424e-16,False
2290,39222823.0,1.323235829345168e-16,0.5552783604114911,0.695144864911964,-0.1398665045004729,15298,5509,Rac3,3.109149478744875e-16,True
2864,40339566.0,1.6099816477941217e-16,0.09483983494990973,0.14451180473750938,-0.04967196978759965,15298,5509,Pou4f3,3.7796564864522946e-16,False
2474,40515458.0,2.1554324430316288e-16,0.07603459049077906,0.11668295839504829,-0.040648367904269234,15298,5509,1700086L19Rik,5.055838534898374e-16,False
1275,40844897.5,2.307592587910463e-16,0.044602100286282136,0.07513205677940385,-0.030529956493121714,15298,5509,Pirb,5.408111163611925e-16,False
2382,40592092.5,2.6342518433894566e-16,0.06934695642547613,0.11000359877103269,-0.04065664234555656,15298,5509,1700001L19Rik,6.168389376429934e-16,False
2235,39483080.5,3.4263838045867664e-16,0.3532945364832627,0.4251090022237284,-0.07181446574046568,15298,5509,Igfbp4,8.016389825102486e-16,False
241,42642414.5,3.532622209911176e-16,0.009645930717825992,0.0,0.009645930717825992,15298,5509,Dbh,8.257881832570143e-16,False
1077,39772651.5,3.982347346208131e-16,0.29363088706666624,0.38458769920918895,-0.09095681214252271,15298,5509,Cav1,9.301212631835387e-16,False
1217,41581576.5,4.2858183994313173e-16,0.005990578335132073,0.018608338307361583,-0.01261775997222951,15298,5509,Gnb3,1.0001461879218986e-15,False
1594,42693153.0,4.679269550988781e-16,0.012478666087076531,0.0007549252284188912,0.01172374085865764,15298,5509,RF01962,1.0910317324769238e-15,False
2701,40669838.5,5.066558303295724e-16,0.16993603195299678,0.25863033945492114,-0.08869430750192436,15298,5509,Retnlg,1.1803268278972575e-15,False
2778,43818152.5,5.85339812014519e-16,0.16042063274854867,0.0840587408629309,0.07636189188561777,15298,5509,Aif1,1.3624718177529444e-15,False
2698,44679072.5,6.573344871719574e-16,0.31603511390374167,0.2726572252548012,0.04337788864894049,15298,5509,Plcxd2,1.528749848992605e-15,False
1480,45058067.0,6.938481805906481e-16,0.6762358906895485,0.6177144080644851,0.058521482625063403,15298,5509,Rnh1,1.6122980237174364e-15,False
1975,41229079.5,7.421370587633031e-16,0.019249943552466214,0.03719407824609631,-0.017944134693630095,15298,5509,Rec114,1.7230431712373801e-15,False
1656,39507139.0,8.165594653939675e-16,0.4702965652593879,0.6384867633282073,-0.1681901980688194,15298,5509,Ctxn1,1.8942240354983044e-15,True
309,40083380.5,1.3085931896141416e-15,0.1455122250936289,0.1952318480119552,-0.049719622918326295,15298,5509,A330069E16Rik,3.03305285897854e-15,False
781,40154762.0,1.3204216246027276e-15,0.15030742384995271,0.19370792383989996,-0.043400499989947244,15298,5509,Lrp8,3.0578773440207116e-15,False
1614,39517561.5,1.346304463851392e-15,0.3354515777053335,0.42479953391702013,-0.08934795621168662,15298,5509,Csrp2,3.115179956542773e-15,False
1050,41479922.0,1.4266250503187465e-15,0.008886698691018338,0.022279765232060107,-0.013393066541041769,15298,5509,Card11,3.2982413462567807e-15,False
372,40816658.5,1.5199332639719246e-15,0.046742927239048375,0.07972536468123774,-0.032982437442189365,15298,5509,Nrsn2,3.51099449067839e-15,False
1679,43836732.0,1.7124836684671968e-15,0.11061412856593808,0.06791075922877668,0.0427033693371614,15298,5509,Rnf122,3.952441209500239e-15,False
2456,39563931.0,1.733524626937715e-15,0.38658519316596596,0.4915908869597246,-0.10500569379375863,15298,5509,Sostdc1,3.997630568865641e-15,True
890,44833446.0,1.7420767108710303e-15,0.39230499262935475,0.35359007941480086,0.03871491321455389,15298,5509,Asic3,4.01396782159416e-15,False
1038,45094840.5,1.836608407467715e-15,0.8904091747582362,0.8291825609814485,0.06122661377678773,15298,5509,Ap1s1,4.228218850525421e-15,False
2817,43396377.0,2.0523441913393503e-15,0.06838469051692889,0.039981994239117954,0.028402696277810932,15298,5509,Rasgrp3,4.720909472929456e-15,False
1409,40411751.0,2.1006981424990876e-15,0.09498999299266517,0.14133295156153558,-0.04634295856887041,15298,5509,Arap1,4.828075142634458e-15,False
1551,41229838.0,2.568378836204529e-15,0.020779192426126202,0.042014854982815084,-0.02123566255668888,15298,5509,Gm48146,5.897998418991929e-15,False
2509,43230515.0,2.7805600290466663e-15,0.04664095112899541,0.019283893391876087,0.027357057737119325,15298,5509,Hhipl1,6.379892348525698e-15,False
1155,42653620.0,3.8358801158740235e-15,0.009934881103816285,0.0007763053401735443,0.009158575763642741,15298,5509,Cd207,8.793907893474815e-15,False
105,40928730.5,3.985162152819323e-15,0.04134724634029681,0.06861056763265215,-0.02726332129235534,15298,5509,Thsd7b,9.12849119594711e-15,False
1597,39947537.5,4.472010708801835e-15,0.20326294481404777,0.270740797306392,-0.06747785249234423,15298,5509,Tmcc3,1.0235104007174075e-14,False
1378,44864516.5,4.695759515792058e-15,0.5549705723989208,0.43043841838821056,0.12453215401071022,15298,5509,Apba2,1.073821260509304e-14,True
2981,40459166.0,4.99243323174815e-15,0.09033233696724347,0.13804602519587061,-0.04771368822862715,15298,5509,Slit1,1.1407105170285037e-14,False
2173,40450400.5,5.178369054333979e-15,0.08769913488453948,0.11955320781289579,-0.031854072928356306,15298,5509,Coro6,1.1822069585645603e-14,False
603,41695945.5,5.2637716975907735e-15,0.003390599033842287,0.012143148839009564,-0.008752549805167278,15298,5509,Crct1,1.2007018843128245e-14,False
420,41449209.0,5.58591493698658e-15,0.013141739427155526,0.026622061539364895,-0.01348032211220937,15298,5509,Chrna4,1.2731231127215244e-14,False
922,41564143.0,5.873211961708813e-15,0.007295076585847208,0.018906840475753337,-0.011611763889906129,15298,5509,2900064K03Rik,1.3374883193400169e-14,False
2372,39329190.0,6.618902182959098e-15,0.5840575357172859,0.680433806416793,-0.09637627069950705,15298,5509,Spock1,1.506048042461991e-14,False
1206,43209142.0,6.9913457033853685e-15,0.04606684439984319,0.02337266120908942,0.02269418319075377,15298,5509,C3ar1,1.589470531900165e-14,False
297,40412567.5,7.454399529485458e-15,0.10869659389515322,0.1481109605540527,-0.03941436665889948,15298,5509,Frzb,1.6933374346464057e-14,False
2128,41412426.5,8.534338177928283e-15,0.01232660873706666,0.02725543395875122,-0.01492882522168456,15298,5509,Fam183b,1.9370468810484527e-14,False
560,42792321.5,8.707903678776875e-15,0.016270017316148393,0.00367018538244596,0.012599831933702434,15298,5509,Ptx3,1.97480236827983e-14,False
416,41705865.0,9.463303817989102e-15,0.0036855547267648147,0.012665762335338738,-0.008980207608573924,15298,5509,Ctcflos,2.1443360349793035e-14,False
1727,39715552.0,1.03874304387449e-14,0.3086916809006013,0.3687283126880411,-0.06003663178743984,15298,5509,Adgrl1,2.351789921354909e-14,False
1162,40605296.5,1.1852233130555304e-14,0.07672741625601304,0.10528434332730637,-0.028556927071293328,15298,5509,Prokr1,2.6812123748609392e-14,False
1640,41581214.0,1.2834443752145868e-14,0.008082994394938346,0.019801802976386947,-0.011718808581448602,15298,5509,Nxph4,2.901008567117269e-14,False
2093,45075653.0,1.3129565044470129e-14,2.184498956019402,2.1980522098419257,-0.013553253822523814,15298,5509,Rtn4,2.96526510294185e-14,False
2371,43795033.0,1.4754036753134726e-14,0.1429165149260644,0.09881956038806837,0.044096954537996016,15298,5509,Tgfbi,3.3293969075761944e-14,False
1931,43472269.5,1.5174863573922093e-14,0.07212956788921605,0.040595505329810384,0.03153406255940567,15298,5509,Tecta,3.4215376648538275e-14,False
2682,40252742.0,1.5567331773856576e-14,0.1512328592732237,0.19612405129302976,-0.04489119201980607,15298,5509,Adcy5,3.507137759596189e-14,False
2696,43478201.5,1.5645527992768486e-14,0.06931058543638373,0.040818398400875595,0.028492187035508133,15298,5509,Ccdc80,3.5218534205943877e-14,False
108,42870160.0,1.567281136426057e-14,0.020309416880158294,0.007889700908618291,0.012419715971540003,15298,5509,Fcmr,3.52509367444512e-14,False
880,40756134.0,1.594853566774741e-14,0.06534949491588607,0.10798681594860249,-0.04263732103271642,15298,5509,Sema3e,3.584161466827376e-14,False
1924,41382604.5,1.679948515255935e-14,0.017234678829135083,0.038309731200392015,-0.021075052371256932,15298,5509,AW551984,3.772298184913779e-14,False
2293,42940323.0,1.9801678141961688e-14,0.0339568663805775,0.009405929936209891,0.02455093644436761,15298,5509,Sectm1b,4.442788327995506e-14,False
90,40483313.0,2.295298889667891e-14,0.09438757213229977,0.13636041417394967,-0.0419728420416499,15298,5509,Tnfrsf11a,5.145608576427608e-14,False
876,42599585.5,2.3843028742419654e-14,0.008359336927923934,0.0002516417428062971,0.008107695185117636,15298,5509,Gm5861,5.340760328461732e-14,False
1889,41489063.0,2.4414928184823294e-14,0.00992725562844195,0.023410706683392537,-0.013483451054950586,15298,5509,Gpr83,5.464388591284101e-14,False
553,40031729.0,2.6754591428617245e-14,0.18197323203145313,0.2505648850794511,-0.068591653047998,15298,5509,Nbea,5.983140438043187e-14,False
716,40801623.5,2.934623862650136e-14,0.08222461471655419,0.13908922537843113,-0.05686461066187694,15298,5509,Car8,6.557349889173302e-14,False
21,43950345.5,3.346515427776855e-14,0.18373845911260503,0.12583666501705829,0.057901794095546744,15298,5509,Ptpn18,7.471607914260978e-14,False
343,41474667.5,3.61750119161521e-14,0.010915630640211048,0.02360497294117914,-0.012689342300968092,15298,5509,Ckap2l,8.070037323872429e-14,False
2659,44721011.5,4.1808137335609426e-14,0.4376483470015265,0.38683816470952104,0.05081018229200546,15298,5509,Etv5,9.319091736991995e-14,False
2834,40565826.5,4.4099030810988896e-14,0.09645407173386722,0.15948537816587433,-0.0630313064320071,15298,5509,Zfp521,9.821730396421386e-14,False
1174,40627665.5,4.754040289733193e-14,0.09986756779212043,0.16262250263459452,-0.06275493484247409,15298,5509,Fam19a4,1.057957704834848e-13,False
2717,41542465.5,4.81060434522022e-14,0.00940899737460762,0.020170989435169533,-0.010761992060561913,15298,5509,Chodl,1.069675031233927e-13,False
2851,43447706.0,4.818571003579948e-14,0.06588060694450407,0.039973606179028155,0.02590700076547591,15298,5509,Tmem173,1.070576092184497e-13,False
994,39262519.5,4.9528337561027035e-14,2.6282461875139114,2.8847675832957775,-0.25652139578186617,15298,5509,Dynll1,1.099513013225722e-13,True
2249,39387335.5,5.0446437798900454e-14,0.7140207381618053,0.8452640665739294,-0.13124332841212405,15298,5509,Vat1,1.1189862723438179e-13,True
2736,39926251.5,5.468867031282692e-14,0.2479735311387003,0.3370278200386243,-0.089054288899924,15298,5509,Agpat4,1.2121030251667878e-13,False
2080,40740246.5,6.033720198984618e-14,0.07875854058605372,0.12041740242366945,-0.04165886183761573,15298,5509,Aebp1,1.3362125298965937e-13,False
2370,42781148.5,6.056961029853111e-14,0.018574679886434898,0.004924089045357947,0.013650590841076952,15298,5509,Cxcl14,1.3402741437417686e-13,False
2815,40113812.0,6.332832528782485e-14,0.1805199261136413,0.24726425205624564,-0.06674432594260435,15298,5509,Lclat1,1.4001856884575666e-13,False
1118,43965060.0,6.975518182452243e-14,0.14945483162677034,0.11726083326997211,0.03219399835679823,15298,5509,Creb5,1.5410373367533834e-13,False
113,40393774.5,8.372590015382908e-14,0.12032822342575926,0.16315315535701544,-0.04282493193125618,15298,5509,Klhdc8a,1.8481867386660414e-13,False
524,41348664.5,8.623581270157504e-14,0.016891696291467164,0.03489330718757459,-0.01800161089610743,15298,5509,Dnajc5b,1.9020560301516753e-13,False
217,39659122.5,9.008018598200761e-14,0.37298082767837576,0.45896547520120035,-0.08598464752282459,15298,5509,Plxna2,1.985248256734817e-13,False
2009,41434249.0,9.403159650278486e-14,0.01361544721352685,0.031744014847045386,-0.018128567633518534,15298,5509,Mrap2,2.0706635783825813e-13,False
350,40942625.0,9.470691329740918e-14,0.04472208108751229,0.07415631685698075,-0.029434235769468457,15298,5509,Siglec1,2.0838568613709907e-13,False
129,43448162.0,1.0091142998927463e-13,0.0648563197852693,0.03940823245918968,0.025448087326079623,15298,5509,Gm19705,2.2185913265326857e-13,False
1017,41233615.5,1.168334390747115e-13,0.028447694298259243,0.0527640345444932,-0.02431634024623396,15298,5509,Tmem132c,2.5665819748541043e-13,False
2107,39372113.0,1.3333537487906527e-13,1.016770986086716,1.1750653301770282,-0.15829434409031218,15298,5509,Cyfip2,2.926743581815759e-13,True
660,39370679.5,1.3366965890826718e-13,0.9776051739065148,1.0945165211010797,-0.11691134719456486,15298,5509,Camk2d,2.931728284796397e-13,True
2676,41605498.5,1.3551560603988418e-13,0.008639842496188273,0.024931221053902247,-0.016291378557713974,15298,5509,Slc51a,2.969833193261885e-13,False
985,39632764.5,1.4030099433445678e-13,0.43090290315712537,0.5199219754610599,-0.08901907230393452,15298,5509,Gm10419,3.072243550878617e-13,False
2416,39508756.5,1.4267832120784786e-13,0.5924371148044234,0.7236578856241548,-0.13122077081973138,15298,5509,Il6st,3.121801668027711e-13,True
2153,41266268.5,1.4610427618648108e-13,0.030057152968287204,0.06051160638726689,-0.030454453418979684,15298,5509,Mgl2,3.194206198001805e-13,False
2516,43114160.0,1.6072873759926777e-13,0.03983993954875725,0.019082421927855968,0.020757517620901285,15298,5509,5033406O09Rik,3.511126975511161e-13,False
1690,44187354.0,1.6410550536216126e-13,0.2279336595266716,0.16563706436790973,0.062296595158761875,15298,5509,Casp3,3.58203158152842e-13,False
469,39449776.0,1.7566212844421424e-13,0.765298524297777,0.9591254955434716,-0.1938269712456946,15298,5509,L1cam,3.8312274425432694e-13,True
1891,40287113.5,1.8931476579171312e-13,0.1496528475026785,0.2000828310467904,-0.050429983544111906,15298,5509,Fat3,4.125704258488728e-13,False
1569,42730788.5,1.9722028678260859e-13,0.015022514378731033,0.003271342656481862,0.011751171722249171,15298,5509,Dnmt3l,4.294565958204096e-13,False
1344,39335681.5,2.115939175405276e-13,2.5201408449302893,2.729633851682408,-0.20949300675211857,15298,5509,Ftl1,4.603893114346405e-13,True
1334,41420575.0,2.376170776737537e-13,0.014950803921143225,0.03272806350110476,-0.017777259579961534,15298,5509,Klk8,5.165999264210782e-13,False
2518,43397472.0,2.3977914802539803e-13,0.07627473072240636,0.045646234642744865,0.03062849607966149,15298,5509,Pld4,5.208863938438948e-13,False
831,40525026.5,2.5747076390402065e-13,0.09254507422352012,0.12428547327266787,-0.031740399049147744,15298,5509,Runx3,5.588750311726163e-13,False
884,41195487.5,2.606548408885163e-13,0.02735765199332644,0.04988951492531074,-0.022531862931984302,15298,5509,Hgf,5.653378190563776e-13,False
163,40770632.5,2.6554346872355247e-13,0.06438610891783268,0.10243621749162601,-0.03805010857379333,15298,5509,Rxrg,5.75484458763008e-13,False
1171,41060863.5,2.708430159029485e-13,0.03733271119632084,0.06161223607755822,-0.02427952488123738,15298,5509,Adamts9,5.865048681667175e-13,False
1921,39853151.0,2.931163045453902e-13,0.26582355062132706,0.31508062834920814,-0.04925707772788107,15298,5509,Olfr889,6.342350418762992e-13,False
1960,43708382.5,2.9903335319119107e-13,0.11181145258638742,0.0907569422946742,0.02105451029171322,15298,5509,Gldn,6.465266568995316e-13,False
2745,41218099.5,3.129785279508037e-13,0.027724031319113163,0.05924129175594251,-0.03151726043682935,15298,5509,Cldn9,6.761423964813966e-13,False
2838,39541067.0,3.3352515285762626e-13,0.6773969070182368,0.778873368574463,-0.10147646155622614,15298,5509,Celf4,7.199615572735658e-13,True
1880,43238613.0,3.700130728844082e-13,0.05741774875451368,0.033528003903114376,0.023889744851399303,15298,5509,Gpr183,7.980960207719688e-13,False
2558,43771611.5,3.750018401596153e-13,0.12242857931604921,0.09206654750667788,0.03036203180937133,15298,5509,Nov,8.082190960098881e-13,False
486,41226853.0,3.877002639824719e-13,0.0250949784199762,0.044612621801521125,-0.019517643381544925,15298,5509,Pcdh11x,8.349293086551658e-13,False
349,40795273.5,4.121033700727329e-13,0.06590085526382582,0.09666337878430768,-0.030762523520481866,15298,5509,Slc4a11,8.867841991730326e-13,False
2699,40062718.5,4.2807192629809403e-13,0.2183888698955027,0.27494450486475236,-0.056555634969249646,15298,5509,Nectin3,9.204219484475528e-13,False
2816,43235475.0,4.996269596217722e-13,0.05256505969717347,0.03073380837599383,0.021831251321179638,15298,5509,Ltbp1,1.0734326273099347e-12,False
1967,40126708.0,5.864792845546093e-13,0.19655244359340324,0.25855725077242026,-0.06200480717901702,15298,5509,Lingo1,1.259043048082305e-12,False
1600,39974837.0,6.42058585687182e-13,0.3173829598068705,0.39098419837467346,-0.07360123856780298,15298,5509,Socs2,1.3772786132191707e-12,False
551,43414476.0,6.504158372407351e-13,0.07960694853702088,0.04577578751342791,0.03383116102359297,15298,5509,Sertm1,1.394112315715839e-12,False
1869,39694118.5,6.818349258034775e-13,0.400601478772448,0.4826354165594275,-0.08203393778697948,15298,5509,Pcdh9,1.460312076799147e-12,False
1778,41231241.5,6.961361052109985e-13,0.027152924696628944,0.04833195398881156,-0.021179029292182613,15298,5509,Capn9,1.489774841746542e-12,False
1311,41242545.0,7.490566712276046e-13,0.025553470752991282,0.04586811430598122,-0.02031464355298994,15298,5509,Spint2,1.6017748208033609e-12,False
1612,40019592.5,9.863523240036301e-13,0.2600078459521174,0.32123634880478125,-0.061228502852663846,15298,5509,Ppfia2,2.1075575048046315e-12,False
1830,41709927.0,1.0367806398785406e-12,0.005280409105549438,0.014904908577983633,-0.009624499472434194,15298,5509,Cma1,2.213579274057618e-12,False
1147,42652589.5,1.124369319137487e-12,0.010983816726456944,0.0023597562885902274,0.008624060437866716,15298,5509,Reg3b,2.3987130170366827e-12,False
2534,41080181.0,1.2450135564252813e-12,0.041148770607645525,0.06940596772410053,-0.028257197116455003,15298,5509,Prlr,2.6540234425745475e-12,False
932,42996991.5,1.2518060043539266e-12,0.030490012530700352,0.014248803585668726,0.016241208945031626,15298,5509,9130230L23Rik,2.666424783417437e-12,False
214,41031788.5,1.2578728806854836e-12,0.05278095485258722,0.08390471263073769,-0.03112375777815047,15298,5509,Irf6,2.6772625125873912e-12,False
948,41689131.0,1.2902750244835761e-12,0.005159373618442546,0.014260928390151783,-0.009101554771709236,15298,5509,Nmu,2.7440919066583053e-12,False
544,44436078.5,1.3319601393049172e-12,0.3360007675076328,0.2811301816884671,0.05487058581916571,15298,5509,Plk4,2.8305446627808456e-12,False
2734,40390366.0,1.3339381717230093e-12,0.12543647997216206,0.1780238458635175,-0.05258736589135543,15298,5509,Sytl3,2.8325472823466076e-12,False
2967,40599769.5,1.6358348360443013e-12,0.1042882018721654,0.14681821833070066,-0.042530016458535255,15298,5509,Ifit3,3.470914101304239e-12,False
2332,40967621.0,1.6676521254044989e-12,0.048548356569453006,0.06959680568484712,-0.021048449115394115,15298,5509,Gpld1,3.535681056574655e-12,False
1071,40924689.5,1.9917963017094127e-12,0.05300387296230021,0.07465624999769069,-0.021652377035390476,15298,5509,Nxph1,4.219645921901815e-12,False
1769,43196403.0,2.0077431059841972e-12,0.05604337855600036,0.0344979738219525,0.02154540473404786,15298,5509,Irf8,4.2501373025284665e-12,False
2478,39665625.5,2.0724509256776413e-12,0.5066271441069827,0.6035036959659854,-0.09687655185900268,15298,5509,Rab15,4.383722569008777e-12,False
1055,40156301.0,2.2621724094987585e-12,0.23465562204442908,0.32742573655321133,-0.09277011450878225,15298,5509,Nptx2,4.778500742754573e-12,False
818,40379246.5,2.2625807904450355e-12,0.1812160001426012,0.2565516333680644,-0.07533563322546322,15298,5509,Serinc2,4.778500742754573e-12,False
1274,44627985.0,2.3932373093867394e-12,0.6072870101836628,0.5641844707718522,0.043102539411810636,15298,5509,Myadm,5.050543241645627e-12,False
972,43695587.5,2.520226924051767e-12,0.124160573316337,0.08877735818035011,0.035383215135986884,15298,5509,Anxa3,5.314433798983487e-12,False
1572,41579410.5,2.5370074501135027e-12,0.00892409170369542,0.01950924626206607,-0.010585154558370651,15298,5509,Misp,5.345697516225292e-12,False
1718,41731350.5,2.6833775689745927e-12,0.004097560423338031,0.011879791989806904,-0.007782231566468872,15298,5509,Ttc29,5.649759546686306e-12,False
2547,42578434.5,2.797521310049573e-12,0.008741431452497726,0.001080167462804089,0.007661263989693637,15298,5509,AC122397.2,5.885554448450448e-12,False
225,40040537.0,2.8623736728898943e-12,0.263191662693164,0.3140141598979199,-0.0508224972047559,15298,5509,Pfkfb3,6.017365100195128e-12,False
300,41916826.5,3.092569708675591e-12,0.0006608396938127467,0.004624531973846901,-0.003963692280034154,15298,5509,Zswim2,6.496296584660324e-12,False
1824,40020346.0,3.6038876924140217e-12,0.2808941859438658,0.3718023561185601,-0.09090817017469432,15298,5509,Slc7a7,7.564568563892825e-12,False
2028,42980108.0,3.646632634040655e-12,0.032676343496394325,0.016209318287596038,0.016467025208798287,15298,5509,C430002N11Rik,7.64842044026165e-12,False
967,41550300.0,3.7877123021201155e-12,0.010550791021235009,0.02258894581363901,-0.012038154792404,15298,5509,Btc,7.93823229601419e-12,False
2327,41698767.0,3.834943708509664e-12,0.005438133730651496,0.017203667954884642,-0.011765534224233147,15298,5509,Hist1h2ab,8.031065116978507e-12,False
126,39643474.0,4.2434973681067606e-12,0.6820842431776283,0.8180634454971305,-0.13597920231950222,15298,5509,Nav1,8.87985103425554e-12,True
2136,41344303.0,4.3964639422196255e-12,0.023563977945297816,0.0391493159843657,-0.015585338039067882,15298,5509,Adora2b,9.192911989274216e-12,False
701,43325098.0,4.460612828318715e-12,0.10168933487927019,0.05808749105708242,0.04360184382218777,15298,5509,Adgrl4,9.319920615318323e-12,False
230,39841084.0,4.5918447622173396e-12,0.37558289537788114,0.4429532231555032,-0.06737032777762203,15298,5509,Etl4,9.586790400507194e-12,False
2958,39757058.5,4.7051746337604005e-12,0.4171844500142373,0.47822308419647747,-0.06103863418224015,15298,5509,Ermp1,9.815905891178258e-12,False
1868,44425858.0,5.209664523726627e-12,0.4214256215594096,0.3832788866396693,0.0381467349197403,15298,5509,Pcdh17,1.0860085725908786e-11,False
2316,41355596.0,5.880875820691322e-12,0.025911097597325166,0.04430114185881376,-0.018390044261488592,15298,5509,Hist1h2ap,1.2249958392681466e-11,False
749,40667515.5,6.302949637899901e-12,0.11283350059441308,0.14676155102906893,-0.033928050434655854,15298,5509,Grin3a,1.3119153165644011e-11,False
2049,41319064.0,7.060679298874364e-12,0.06686113296038632,0.11809138504663369,-0.051230252086247374,15298,5509,Ltf,1.4685139074084704e-11,False
1092,41007259.0,7.503317707479662e-12,0.05195519168293842,0.08082575273558809,-0.028870561052649672,15298,5509,Chrm2,1.559390116258121e-11,False
2567,41673779.0,7.688546005854454e-12,0.006959930735486518,0.021487780218384236,-0.014527849482897717,15298,5509,Kcnk9,1.596672234321331e-11,False
2624,43254081.5,8.32277132050144e-12,0.06516566779307205,0.03832872103880607,0.026836946754265976,15298,5509,Acvrl1,1.727069769466725e-11,False
114,39988605.0,8.764661707350665e-12,0.32773139334728857,0.38472679876661386,-0.056995405419325296,15298,5509,Cntn2,1.817388155390756e-11,False
1911,41013391.5,8.98603337320648e-12,0.05377873490889734,0.09789163206529865,-0.04411289715640131,15298,5509,Barx2,1.8618788845242212e-11,False
1140,41684161.0,9.46026782661013e-12,0.006519170979616566,0.017121150999821453,-0.010601980020204887,15298,5509,Smyd1,1.958654996652438e-11,False
278,40912088.5,1.2273104577347866e-11,0.06853695506143964,0.09916080875583623,-0.03062385369439659,15298,5509,Scn3a,2.53910295151637e-11,False
143,41315725.5,1.2960306680243874e-11,0.031296919299733585,0.055506164294729085,-0.0242092449949955,15298,5509,Cacna1e,2.6792470725976567e-11,False
1219,39553931.0,1.305804047596399e-11,2.5681251050731086,2.8622340925585066,-0.29410898748539793,15298,5509,Cd9,2.697412439710084e-11,True
2296,44442275.0,1.3952652568135696e-11,0.4939050490731617,0.4022801459809475,0.09162490309221416,15298,5509,Klf6,2.8800380961397077e-11,False
874,42485408.0,1.415187875461936e-11,0.005992866904437608,0.0,0.005992866904437608,15298,5509,Gm6455,2.9189584007453954e-11,False
1688,40186378.5,1.4269717536950345e-11,0.26909045827950356,0.30843616756559517,-0.0393457092860916,15298,5509,Sorbs2,2.941045777208681e-11,False
2075,43019611.5,1.5264316438159585e-11,0.0412580300628548,0.021867115803371136,0.019390914259483662,15298,5509,Ccr5,3.14366757969627e-11,False
2573,43684377.0,1.791354368976001e-11,0.29775135215943466,0.20634935248765826,0.0914019996717764,15298,5509,Ly6c1,3.686496763844517e-11,False
2483,43808089.5,2.2358773998647367e-11,0.17131419874752177,0.12624429401875478,0.045069904728766985,15298,5509,Fos,4.5978381117519206e-11,False
1955,39630266.0,2.3129585627347032e-11,1.032561232729725,1.1286236874704778,-0.0960624547407527,15298,5509,Cryab,4.752773605619394e-11,False
2601,41000778.0,2.407404187721942e-11,0.05301255922601092,0.07718208225638314,-0.024169523030372217,15298,5509,Mlc1,4.9431309710356696e-11,False
2965,42918533.0,2.5731493462718557e-11,0.03348654174020942,0.01529833562944657,0.018188206110762856,15298,5509,Ch25h,5.2782903185959074e-11,False
1464,41645028.5,2.5744933400391005e-11,0.007872778800091835,0.018845201434904583,-0.010972422634812748,15298,5509,Cpxm2,5.2782903185959074e-11,False
1649,41210186.5,2.7382200070888057e-11,0.041133954064846504,0.07239628481491285,-0.03126233075006635,15298,5509,Mcemp1,5.609761587556467e-11,False
2219,40521554.0,2.9252324525644896e-11,0.13686719314139031,0.16957104066601147,-0.03270384752462116,15298,5509,Itga3,5.988406255811287e-11,False
98,43355509.0,3.095332291593045e-11,0.09172540973825655,0.04772727157764166,0.04399813816061489,15298,5509,Inhbb,6.331887672032144e-11,False
2209,40360437.0,3.1145259123727486e-11,0.1593395936841001,0.20283578315849649,-0.043496189474396374,15298,5509,Coil,6.366388916546686e-11,False
779,39825540.5,3.234876082877139e-11,0.5160034969183754,0.580367050148353,-0.06436355322997755,15298,5509,Plpp3,6.607457869058234e-11,False
1032,40425033.5,3.26132284785371e-11,0.1706928217668478,0.2129055027737547,-0.042212681006906894,15298,5509,Stx1a,6.65650596185067e-11,False
1039,42561053.5,3.4546354905079974e-11,0.009138112429634877,0.0015098504568377823,0.0076282619727970945,15298,5509,Serpine1,7.045807655883201e-11,False
1644,40794765.5,3.648157307200269e-11,0.08694129201453556,0.12091027319548212,-0.03396898118094656,15298,5509,Timeless,7.434955465866421e-11,False
1380,44190592.0,3.6748103266412147e-11,0.28004545554302207,0.2362739684623276,0.04377148708069448,15298,5509,Aldh1a3,7.483697872943948e-11,False
796,43956880.0,3.728388950595981e-11,0.22154366963319108,0.16201391346897415,0.059529756164216935,15298,5509,Slc2a1,7.587160550505958e-11,False
2438,39831761.0,3.731858462398498e-11,0.5070677543790751,0.644600602258998,-0.13753284787992281,15298,5509,Hpcal1,7.588574642869807e-11,True
1777,40284655.0,3.858881776552784e-11,0.18655274577819939,0.23449428956410662,-0.04794154378590723,15298,5509,Gm29773,7.841041351316392e-11,False
1974,41608277.0,3.8978966374570906e-11,0.009398126159530647,0.0200891937481245,-0.010691067588593854,15298,5509,Islr2,7.91443749327776e-11,False
819,43690330.0,3.929836447071577e-11,0.1767552026534447,0.12545636963716852,0.05129883301627616,15298,5509,Laptm5,7.973369942686026e-11,False
2206,40348661.0,4.430305586020515e-11,0.1719487950879249,0.21333224603969952,-0.04138345095177462,15298,5509,Ppm1e,8.982124371954121e-11,False
839,43023476.5,4.4795202788376535e-11,0.04727196699571584,0.02551587675196548,0.021756090243750362,15298,5509,Wnt4,9.075176268608136e-11,False
1997,41161343.0,4.861619139404511e-11,0.04078877139178471,0.06846856086810059,-0.02767978947631588,15298,5509,Hcrtr2,9.841989893613129e-11,False
2203,41131722.0,5.2338338107920336e-11,0.10989966162561686,0.17742227617588746,-0.0675226145502706,15298,5509,Wfdc21,1.0587674166062287e-10,False
1003,41336146.0,5.434333490568801e-11,0.02259729917146078,0.03739250710475022,-0.01479520793328944,15298,5509,Tbx3os2,1.0985145673840111e-10,False
2552,40240680.5,5.866199405415789e-11,0.231932362422639,0.3429888695654016,-0.11105650714276258,15298,5509,Rspo2,1.1849376199270443e-10,True
2940,43212350.5,6.301201314695919e-11,0.06725525857892427,0.045289426572085435,0.021965832006838833,15298,5509,Ms4a6b,1.2718660956231245e-10,False
1934,41495564.0,6.442008415731712e-11,0.0161123043569892,0.033642120139818626,-0.017529815782829427,15298,5509,Gm26737,1.2993283935860053e-10,False
1060,43471531.5,6.538762429009474e-11,0.20812584301664702,0.14708123897336153,0.06104460404328549,15298,5509,Flt1,1.3178714254488513e-10,False
1355,41338320.5,6.69703195789118e-11,0.03388578520376289,0.06627098637645323,-0.032385201172690344,15298,5509,Mrgpra3,1.34877631847072e-10,False
359,41425445.5,7.121491246906279e-11,0.022682614564484085,0.04109989605122058,-0.018417281486736495,15298,5509,Ovol2,1.4332066637445677e-10,False
2728,40443197.0,7.915942399462131e-11,0.15056783902422471,0.2030830382067636,-0.052515199182538885,15298,5509,Cbr3,1.5919192987153625e-10,False
267,44318175.5,8.224217895756088e-11,0.3940763436360926,0.38988606489825045,0.004190278737842168,15298,5509,Rprm,1.6526991877217414e-10,False
924,40181380.5,8.550784882398225e-11,0.22997238918262367,0.26529071637393975,-0.035318327191316085,15298,5509,Lgi2,1.7170628967224042e-10,False
2644,42679596.5,8.863816882903916e-11,0.01714016925062594,0.005296396554371949,0.011843772696253991,15298,5509,Shisa9,1.7786162270537208e-10,False
1478,41202184.0,9.374405614502824e-11,0.06610311262116556,0.1179106793868356,-0.05180756676567004,15298,5509,Ifitm6,1.879692034872817e-10,False
1708,40591047.0,9.446554813865468e-11,0.13059707547735838,0.16398267375587447,-0.03338559827851609,15298,5509,Ifi30,1.892771239261689e-10,False
1581,43887914.0,1.0225732411265634e-10,0.20113067420464822,0.15038741620613327,0.05074325799851495,15298,5509,Slc41a2,2.0473922507182654e-10,False
415,43652377.0,1.0475732598060056e-10,0.13129058901314092,0.09934726962655861,0.031943319386582306,15298,5509,Fam210b,2.0959128497215985e-10,False
1738,44593657.0,1.1182327177548642e-10,1.611615552934446,1.5111490123001081,0.10046654063433791,15298,5509,Mt1,2.235648013932422e-10,True
1609,40683613.5,1.247503780322509e-10,0.10355219781466729,0.14142209818723342,-0.03786990037256613,15298,5509,Mgat4c,2.4922738051001184e-10,False
1898,39796004.0,1.2985984924879314e-10,0.7608157930678286,0.8597535889266432,-0.09893779585881457,15298,5509,Elavl3,2.5924575744193376e-10,False
814,43853429.0,1.3448854499405756e-10,0.22326717551765884,0.16322970136924286,0.06003747414841598,15298,5509,Marcksl1,2.6829042345641676e-10,False
2168,40537012.0,1.4215713863699206e-10,0.16432800912099363,0.20250909165935407,-0.038181082538360445,15298,5509,Rflnb,2.8338175960070936e-10,False
1182,41391362.5,1.4251106079738275e-10,0.02185067606359871,0.04145338952356593,-0.019602713459967218,15298,5509,Cpne9,2.838803723822591e-10,False
507,44372301.0,1.5400007637176157e-10,0.549978119337089,0.5646530197378368,-0.014674900400747815,15298,5509,Ppef1,3.065430923411702e-10,False
2985,42449599.5,1.5918704725018398e-10,0.005739075884858144,0.0,0.005739075884858144,15298,5509,Pkd2l1,3.1663750853036597e-10,False
1753,41423371.0,1.6007030748607937e-10,0.0200371126823642,0.03638343614551918,-0.01634632346315498,15298,5509,Agrp,3.1816300216164756e-10,False
2299,40401685.5,1.730048108479676e-10,0.176223601078551,0.2144181626581282,-0.03819456157957718,15298,5509,Ryr2,3.4362248196745925e-10,False
271,42567862.5,2.2644133893899432e-10,0.01094561558089787,0.0021389548138535247,0.008806660767044346,15298,5509,Gm13571,4.494318301873363e-10,False
1948,41045300.5,2.3453859222758113e-10,0.0666658445083243,0.10432780552184942,-0.03766196101352512,15298,5509,Nxpe2,4.651653732722512e-10,False
1828,44501059.5,2.3924628086694923e-10,0.9393535221104785,0.8956291083165036,0.04372441379397496,15298,5509,Dhrs1,4.741583899790624e-10,False
2506,43796087.5,2.7443049083805226e-10,0.22474164105591377,0.1633405121988577,0.061401128857056064,15298,5509,D430019H16Rik,5.434955774381411e-10,False
1328,41098979.5,2.887056623202228e-10,0.05237517796187955,0.08106713213364906,-0.028691954171769514,15298,5509,Gm45768,5.713531016250429e-10,False
2700,41854151.0,2.959579074168467e-10,0.005682950918517879,0.018828295033921607,-0.013145344115403728,15298,5509,Retnla,5.852819065691075e-10,False
1356,41942493.0,3.0199777669409454e-10,0.000706149353935635,0.004698132465425802,-0.003991983111490167,15298,5509,Mrgprc1-ps,5.967947393485177e-10,False
537,41091417.0,3.039373235918883e-10,0.06462070406912811,0.10243191652952582,-0.03781121246039772,15298,5509,Kcnmb2,6.001939205948119e-10,False
2674,40049417.5,3.0935728679713757e-10,0.5492266267543545,0.6152322481546513,-0.06600562140029675,15298,5509,Apod,6.104561178861265e-10,False
1823,41676913.0,3.2697166625387194e-10,0.00774550473404169,0.015831650824343246,-0.008086146090301557,15298,5509,Trac,6.447494644587886e-10,False
630,41441622.0,3.3449308209737447e-10,0.04709066472686048,0.08219778955384335,-0.035107124826982875,15298,5509,Chil3,6.59105604853256e-10,False
1306,41873177.5,3.4180641268686075e-10,0.0021219285504014145,0.007202231077350243,-0.005080302526948828,15298,5509,Nccrp1,6.730313453553378e-10,False
2212,40223365.0,3.591413098083452e-10,0.29779517872165695,0.4284111975691633,-0.13061601884750634,15298,5509,Tmem100,7.066557426804491e-10,True
1411,42447481.0,3.598412283309443e-10,0.007644112795871623,0.00012582087140314854,0.007518291924468474,15298,5509,Phox2a,7.075239104853577e-10,False
1322,42447464.0,3.6059868448235586e-10,0.005719941064283381,0.00012582087140314854,0.005594120192880232,15298,5509,Hamp,7.085038807896863e-10,False
893,42664946.0,3.9747777092508033e-10,0.015492792116870274,0.005272761492535874,0.0102200306243344,15298,5509,Il6,7.800643008913712e-10,False
2314,41722422.0,3.9759036030807e-10,0.0059254190850644255,0.01716314415983568,-0.011237725074771256,15298,5509,Hist1h3i,7.800643008913712e-10,False
2779,43105129.0,4.0018923623374815e-10,0.05302283974657772,0.03295417259740194,0.02006866714917578,15298,5509,H2-Q7,7.846004022217213e-10,False
1657,41798658.0,4.0207650373911077e-10,0.004419847546882976,0.011347759832453223,-0.006927912285570248,15298,5509,Slc10a2,7.877358436436016e-10,False
878,42528594.5,4.231040980711845e-10,0.008397759379545199,0.0015834509484166834,0.006814308431128515,15298,5509,4933402N22Rik,8.283390896382889e-10,False
363,43330759.0,4.670675541668026e-10,0.1303461287944868,0.07841181876707265,0.05193431002741414,15298,5509,Cd93,9.137551935952826e-10,False
1010,40747098.0,4.800079433979135e-10,0.10451819110178591,0.13379403990011093,-0.029275848798325024,15298,5509,Kdm2b,9.384000894877008e-10,False
634,40504607.0,4.868186200726716e-10,0.1791055054470065,0.2206560232116714,-0.041550517764664896,15298,5509,Kcnc4,9.510349470705406e-10,False
2112,43150079.0,4.90935119111613e-10,0.06190375833940414,0.039879076769071736,0.022024681570332404,15298,5509,Ifi47,9.583922560815571e-10,False
2069,42758120.0,5.097981560380073e-10,0.020447560661145097,0.011243277577514296,0.0092042830836308,15298,5509,Clec3b,9.945063885620184e-10,False
215,41291634.0,5.531989067938254e-10,0.03211917908860148,0.0547902078806442,-0.02267102879204272,15298,5509,Traf3ip3,1.078402715667222e-09,False
2016,43450196.0,5.65988786893487e-10,0.12480271461423807,0.08596490575554237,0.0388378088586957,15298,5509,Ctsh,1.1025493818758455e-09,False
2704,40232802.5,5.892496271356597e-10,0.2861503732759716,0.33619683858278515,-0.05004646530681356,15298,5509,Dubr,1.1470446478405902e-09,False
229,43204242.5,6.144284174396705e-10,0.08715977244425854,0.06588254079274496,0.021277231651513587,15298,5509,Mrc1,1.195207483426386e-09,False
188,43035709.0,6.238969542824761e-10,0.045797420913956215,0.03169355641692399,0.014103864497032222,15298,5509,Ifi204,1.2127634470238607e-09,False
1970,40566122.0,7.368639547310074e-10,0.15279850962522437,0.17861491030179974,-0.02581640067657537,15298,5509,Sema7a,1.4313372984299042e-09,False
185,44405310.5,7.60635633892028e-10,0.7835575483208415,0.7112177171405085,0.07233983118033294,15298,5509,Ackr1,1.4764644845242703e-09,False
83,40996314.5,7.763480293419012e-10,0.06402786619303127,0.09630054758999597,-0.032272681396964695,15298,5509,Bok,1.5058949363475885e-09,False
427,40454620.0,8.044791559579515e-10,0.1942264479788202,0.267674507409301,-0.0734480594304808,15298,5509,Plp2,1.5593554156945412e-09,False
2963,43068471.5,8.384295051411708e-10,0.08967573528897152,0.07445021003956014,0.015225525249411384,15298,5509,Acta2,1.6240118247599876e-09,False
1913,40746484.5,8.491924819759121e-10,0.11811260185414524,0.1420851471155864,-0.02397254526144116,15298,5509,Ets1,1.643695285353234e-09,False
612,43211491.0,9.4392902898463e-10,0.06806010040327999,0.046727070595961914,0.021333029807318077,15298,5509,Ecm1,1.8257750313104409e-09,False
1254,41247991.0,9.929433130678883e-10,0.041862469075545805,0.06717700538289814,-0.025314536307352337,15298,5509,Plbd1,1.9192225874492398e-09,False
1861,40989523.0,1.1060621490100754e-09,0.0696307912114598,0.09891699137829099,-0.029286200166831186,15298,5509,Htr2a,2.136355916343613e-09,False
2246,43752088.0,1.1400897865462573e-09,0.19265726523876883,0.1498679987151237,0.04278926652364512,15298,5509,Cavin1,2.2005261582244274e-09,False
2090,43896131.5,1.182188274176559e-09,0.24444075826983988,0.19020626966774964,0.054234488602090236,15298,5509,Slc1a4,2.2801727291064096e-09,False
1407,41817952.5,1.265914544154836e-09,0.003429021485463552,0.009508115745776967,-0.006079094260313415,15298,5509,Kcne3,2.439940999480956e-09,False
1405,44262496.0,1.3224237870274266e-09,0.5629572958112423,0.505354450061516,0.057602845749726295,15298,5509,Arrb1,2.5470627165633886e-09,False
945,40440717.0,1.3416034006221824e-09,0.23208635221891852,0.2992925639343303,-0.06720621171541177,15298,5509,Kit,2.5821852925416386e-09,False
946,43219342.5,1.3801743596983301e-09,0.10862963996629899,0.07211986310844386,0.03650977685785513,15298,5509,Kdr,2.654554763554805e-09,False
2150,43150321.5,1.3843413149716465e-09,0.06782512505202425,0.045256085009600634,0.022569040042423612,15298,5509,Cd68,2.6606981703776903e-09,False
2882,43619567.5,1.3956205975354244e-09,0.37599174613351555,0.31936649192875655,0.056625254204759,15298,5509,Cd74,2.6804932122608047e-09,False
794,42960120.0,1.5517381586665906e-09,0.0466260774070387,0.02588187343091887,0.020744203976119834,15298,5509,Tie1,2.9782483255811403e-09,False
2229,40432544.5,1.5647885158470917e-09,0.21785974514884526,0.25950483227650645,-0.041645087127661184,15298,5509,Srcin1,3.0011897551485247e-09,False
1552,43436783.0,1.8256765821044529e-09,0.10459937443514278,0.07829675958774555,0.026302614847397224,15298,5509,Pbld1,3.4991068339563268e-09,False
1253,42786470.5,2.0816088290068255e-09,0.026154473159835188,0.012803093464094903,0.013351379695740285,15298,5509,Emp1,3.986834837068395e-09,False
1623,41031558.5,2.1703539255336457e-09,0.06429465509144629,0.08240956415430031,-0.018114909062854026,15298,5509,Kcnmb4os2,4.153896421507713e-09,False
608,40917215.0,2.4440421901498076e-09,0.09335140631769721,0.12861280491385932,-0.035261398596162105,15298,5509,Celf3,4.674444328713094e-09,False
897,40478127.0,2.454079554820473e-09,0.2074930250712942,0.27205040645345685,-0.06455738138216266,15298,5509,Cgref1,4.690361692825991e-09,False
2355,42692669.5,2.6384517806691906e-09,0.02730683725109182,0.011043294000080516,0.016263543251011307,15298,5509,Edn1,5.039221801766925e-09,False
1839,40282321.0,2.7976706097515314e-09,0.3630047478250282,0.42145504679546786,-0.058450298970439685,15298,5509,Amer2,5.33958766062138e-09,False
1707,41633165.0,2.834051628112552e-09,0.012995315807183784,0.024043551050269518,-0.011048235243085734,15298,5509,Pde4c,5.405251884859016e-09,False
925,41879031.0,2.9399598627288296e-09,0.0021595389664625705,0.008462736236753586,-0.006303197270291015,15298,5509,Slc34a2,5.603338135584216e-09,False
2283,40859018.5,2.9534236113025502e-09,0.09092873671243488,0.12013349340108812,-0.02920475668865323,15298,5509,Birc5,5.625079092557434e-09,False
1814,43918395.0,2.9986438368376145e-09,0.2584174265977241,0.2148136655009077,0.04360376109681641,15298,5509,Pnp_ENSMUSG00000115338,5.707230962944243e-09,False
2034,43511164.0,3.1429617621361923e-09,0.16248243090213021,0.12604695122450435,0.036435479677625865,15298,5509,Trf,5.977613237859671e-09,False
828,42981175.0,3.145076946720317e-09,0.05537814878818665,0.032187174897178296,0.023190973891008354,15298,5509,Grrp1,5.977613237859671e-09,False
2721,43269580.0,3.212970707541953e-09,0.083612047584534,0.05837289961333984,0.025239147971194156,15298,5509,Adamts1,6.102413114671696e-09,False
1855,43852419.5,3.36783986493329e-09,0.23580728774461732,0.19406474490812994,0.04174254283648737,15298,5509,Loxl2,6.392117994859507e-09,False
1542,44209697.5,3.411503924443769e-09,0.5481184994629794,0.5655730529848823,-0.017454553521902838,15298,5509,Pkib,6.470501548788979e-09,False
2068,41697958.5,3.4350242095612207e-09,0.007956654546532667,0.01636163288065885,-0.008404978334126182,15298,5509,Kif15,6.5105968213097286e-09,False
919,40900080.5,4.023921865863913e-09,0.0886383832040103,0.1138049419117441,-0.025166558707733808,15298,5509,Slit2,7.621486359513713e-09,False
845,42964653.0,4.1495703413600765e-09,0.04472361111326841,0.024969672515897195,0.019753938597371217,15298,5509,Fam131c,7.854031061328587e-09,False
2800,41540622.0,4.175722059705635e-09,0.017241820766153163,0.034578448399759314,-0.01733662763360615,15298,5509,Trem3,7.898063508502705e-09,False
261,40576654.0,4.7639279102847285e-09,0.16966562709653837,0.2314442953369345,-0.06177866824039613,15298,5509,Arhgap15,9.004383437891315e-09,False
2083,40868994.5,5.08862968734874e-09,0.09767211865975454,0.13009695703833135,-0.032424838378576806,15298,5509,Adcy1,9.611465604211882e-09,False
2537,41220755.0,5.1131674047306935e-09,0.04373349304278497,0.06274396470007439,-0.01901047165728942,15298,5509,Cdh12,9.651147585878845e-09,False
823,40006505.5,6.209915489677228e-09,0.7353113590577789,0.8661801090555746,-0.13086874999779574,15298,5509,Zdhhc18,1.1713185423632565e-08,True
1795,42780635.0,6.417352512837817e-09,0.028707305229175906,0.013745724949099477,0.01496158028007643,15298,5509,Galnt15,1.2096112420821108e-08,False
602,42502934.0,6.477100822118281e-09,0.008192610971308337,0.001887313071047228,0.006305297900261109,15298,5509,Lce1g,1.2200324206951445e-08,False
1189,41628231.0,6.6859492917324115e-09,0.010995808494673298,0.020451877747070645,-0.009456069252397347,15298,5509,Rho,1.2585045638601614e-08,False
865,40831183.5,7.840163909962223e-09,0.12008188159588597,0.159052175623649,-0.038970294027763044,15298,5509,Isg15,1.4747488510142144e-08,False
1324,43945101.0,7.969555613207985e-09,0.35152545817519687,0.3165334209655903,0.034992037209606586,15298,5509,Fxyd5,1.4980573609707107e-08,False
2196,42703219.5,8.15798460218556e-09,0.044025411019052205,0.023726643727744374,0.02029876729130783,15298,5509,Ccl5,1.531378056429347e-08,False
1144,39935972.5,8.158017653446283e-09,3.188386526226521,3.414468963409794,-0.22608243718327303,15298,5509,Tmsb10,1.531378056429347e-08,True
2912,42593404.5,8.618500824654992e-09,0.013426249751616407,0.004676752353671149,0.008749497397945259,15298,5509,Clcf1,1.616707802155789e-08,False
2845,43495624.5,8.753223945844968e-09,0.23018971824164583,0.18913716246928564,0.041052555772360194,15298,5509,Gfra3,1.6408545230901978e-08,False
464,41654167.5,8.869381946030853e-09,0.00980657759882196,0.020177073039306125,-0.010370495440484165,15298,5509,Xlr4b,1.6614903850955056e-08,False
2575,41486192.0,9.315133536968333e-09,0.03100076260240455,0.05684562527959395,-0.025844862677189398,15298,5509,I830127L07Rik,1.7437980988096094e-08,False
2951,43337539.5,1.0576613663708465e-08,0.15469837061150207,0.12857955822271633,0.026118812388785745,15298,5509,Anxa1,1.978593595775831e-08,False
2415,40779366.5,1.0632009985922984e-08,0.12265233377862696,0.15754539575678975,-0.03489306197816279,15298,5509,Plk2,1.9875972188311253e-08,False
1825,41669632.0,1.1389919579604971e-08,0.012643592743160912,0.026433113740526655,-0.013789520997365743,15298,5509,Cebpe,2.1278299214630873e-08,False
1402,40251694.5,1.2277571853053968e-08,0.37803270143520284,0.4416335210660491,-0.06360081963084624,15298,5509,Capn5,2.292092765740792e-08,False
2309,42730858.0,1.3096313994056932e-08,0.022444613770713728,0.012931790721130666,0.009512823049583062,15298,5509,Olfr1369-ps1,2.4432754961627362e-08,False
2530,43266571.5,1.3259290434141815e-08,0.09712533117809108,0.07254791953316207,0.024577411644929006,15298,5509,Fyb,2.4719945015254168e-08,False
710,40774015.5,1.372192339051772e-08,0.12400580332749639,0.17399649360851818,-0.04999069028102179,15298,5509,Negr1,2.5565027570208425e-08,False
1601,43793551.0,1.3906916521286345e-08,0.3555360222667866,0.3711908935223657,-0.015654871255579073,15298,5509,Dcn,2.5892046756785672e-08,False
1990,43454950.0,1.5832376698862264e-08,0.12780747683970456,0.11217566773162135,0.015631809108083206,15298,5509,Gm37234,2.9456836919311765e-08,False
2,41695398.0,1.6143220513737902e-08,0.011257406315619998,0.0204441103263854,-0.009186704010765401,15298,5509,Oprk1,3.001475737938352e-08,False
1061,43750842.5,1.8659745275365965e-08,0.24831941000612406,0.1925357954902869,0.05578361451583716,15298,5509,Mtus2,3.467011095660728e-08,False
1593,44047806.0,1.924766336800808e-08,0.5079186242548509,0.5038548653160193,0.0040637589388315964,15298,5509,Anks1b,3.5738193694163e-08,False
1488,41060488.5,1.9385423699092178e-08,0.08476007292233191,0.11805125344897933,-0.033291180526647424,15298,5509,Lsp1,3.596956161263033e-08,False
2276,41551260.0,1.9447152694594874e-08,0.023132785875675653,0.04125924391279692,-0.01812645803712127,15298,5509,Sstr2,3.605963567438439e-08,False
642,40817387.0,2.1639954276561087e-08,0.13159649682695393,0.1583596841888811,-0.026763187361927177,15298,5509,S1pr1,4.0098424760429925e-08,False
2242,42386874.5,2.17883072419669e-08,0.005449352299050742,0.00012582087140314854,0.005323531427647593,15298,5509,Krt16,4.0345985312646896e-08,False
1502,42904120.0,2.238456746136296e-08,0.0499186495270598,0.03144948808314747,0.01846916144391233,15298,5509,Myct1,4.142205142545852e-08,False
385,42877655.5,2.3138572531139245e-08,0.03807344249317065,0.02214713801512226,0.015926304478048388,15298,5509,Tgm2,4.278836772999719e-08,False
2258,42419594.0,2.3176937516810958e-08,0.0056833985276391235,0.0007027048485946434,0.00498069367904448,15298,5509,Gfap,4.283035412734998e-08,False
2308,41599763.0,2.32966791192705e-08,0.014701954980933699,0.026094292937840286,-0.011392337956906588,15298,5509,Gpr141,4.302256407238678e-08,False
1759,41293935.5,2.4635097120878278e-08,0.0650801288595401,0.10041858350904724,-0.035338454649507134,15298,5509,Hp,4.546355642753178e-08,False
940,41932445.0,2.51388788077867e-08,0.0015548974933574827,0.005673859168581395,-0.004118961675223912,15298,5509,Slc10a4,4.6361991597637644e-08,False
1339,41553914.5,2.8405266137654783e-08,0.021114528162165577,0.035297344132144935,-0.014182815969979359,15298,5509,Napsa,5.2350675799518756e-08,False
2398,40839842.5,2.9558307375795423e-08,0.13107267865150307,0.17293430841363572,-0.041861629762132646,15298,5509,Pde8b,5.443903749010134e-08,False
1196,43031981.5,3.156610792428106e-08,0.06103663057719705,0.037352747991316694,0.023683882585880354,15298,5509,Il17ra,5.809778275431272e-08,False
2434,41036423.5,3.2115171225233676e-08,0.07685037521876009,0.10965451671943549,-0.0328041415006754,15298,5509,Greb1,5.906858998050713e-08,False
1989,40474280.0,3.4878878445616786e-08,0.24121012930999694,0.2818257192680924,-0.04061558995809547,15298,5509,Cgnl1,6.410869122900666e-08,False
1199,42369719.0,3.569362431941356e-08,0.004347206456137671,0.0,0.004347206456137671,15298,5509,Gm7298,6.556216421329489e-08,False
641,40480313.5,3.716779582720821e-08,0.23021876432839922,0.2662945028810464,-0.036075738552647174,15298,5509,Ntng1,6.822410844792916e-08,False
1714,43293692.5,3.8055508471421344e-08,0.13628002290390462,0.09169151851936931,0.04458850438453531,15298,5509,Klf2,6.980671741739596e-08,False
1760,40183945.0,3.8804125278806345e-08,0.527568151308514,0.5817694049592755,-0.05420125365076156,15298,5509,Aars,7.113222696885748e-08,False
2841,41916186.0,4.0146020017024264e-08,0.001782475232916109,0.00597772129121194,-0.004195246058295831,15298,5509,Proc,7.354277611959903e-08,False
1399,43604244.5,4.1325570323788195e-08,0.2066918105226383,0.16260489126550723,0.04408691925713107,15298,5509,Ctsc,7.565290149635925e-08,False
467,42366964.5,4.304001841424897e-08,0.0041428700834609195,0.0,0.0041428700834609195,15298,5509,Dusp9,7.873876278459595e-08,False
86,41387714.5,4.5414912290628385e-08,0.0333023497544813,0.05336073843557957,-0.02005838868109827,15298,5509,B230216N24Rik,8.302793122651647e-08,False
27,42634251.5,4.73075776437565e-08,0.016185443113726394,0.007371211032961515,0.008814232080764879,15298,5509,Nms,8.64012702946767e-08,False
829,40058060.0,4.7323255174195864e-08,2.0638982331814595,2.3323314710507215,-0.268433237869262,15298,5509,Stmn1,8.64012702946767e-08,True
2622,42727882.0,4.784093709179396e-08,0.023728856330827212,0.012803093464094903,0.01092576286673231,15298,5509,Galnt6,8.728816740897699e-08,False
2554,40821576.0,4.8603285447909855e-08,0.13391749919801602,0.18327455611470841,-0.0493570569166924,15298,5509,Kcnv1,8.861999046668896e-08,False
674,41642099.5,5.1917154508764494e-08,0.013004905796891245,0.024117154368654945,-0.0111122485717637,15298,5509,Cenpe,9.459921224614984e-08,False
421,42899480.5,5.3210053388966236e-08,0.05410805426139192,0.033703398716083736,0.02040465554530818,15298,5509,Sox18,9.689047671026808e-08,False
264,41361940.0,5.4889767800056995e-08,0.0359738844483736,0.05156809899342602,-0.015594214545052422,15298,5509,Lypd6,9.988257813250557e-08,False
1479,41429199.5,5.701863643764045e-08,0.032412085625149925,0.059141421846732614,-0.02672933622158269,15298,5509,Pkp3,1.0368748048999112e-07,False
2969,41272454.0,5.734847993020114e-08,0.04644762069059251,0.06668093616746483,-0.02023331547687232,15298,5509,Ifit3b,1.0421800173362134e-07,False
851,41312270.5,6.302849353388012e-08,0.04103824351395094,0.0575223485765548,-0.01648410506260386,15298,5509,Disp3,1.1446409682281682e-07,False
963,43116408.5,6.35746982696972e-08,0.13069722365625186,0.11003804763152769,0.02065917602472417,15298,5509,Pf4,1.1537942917559512e-07,False
1321,41888478.0,6.554426417645527e-08,0.002496323830913476,0.007843859099547861,-0.005347535268634385,15298,5509,Ffar2,1.188750414606135e-07,False
2124,41106497.0,6.730112246583554e-08,0.08743611236275263,0.10256838614266454,-0.015132273779911914,15298,5509,Gria1,1.219804969808219e-07,False
1352,43112143.0,7.18120131787978e-08,0.08161335066416371,0.0537953914188313,0.02781795924533241,15298,5509,Ptpn5,1.3007010334040529e-07,False
689,43113277.5,7.38066020172429e-08,0.07904030180798735,0.05485442511421452,0.024185876693772833,15298,5509,Gbp2,1.3359434580884138e-07,False
376,41461894.5,7.405807212712159e-08,0.026391167851483564,0.04063371133105988,-0.014242543479576313,15298,5509,Tpx2,1.3396086459502484e-07,False
663,43680888.0,7.711478156037512e-08,0.23399962128930488,0.2028694226749859,0.031130198614318982,15298,5509,Tifa,1.3939783712334828e-07,False
2649,40550989.0,7.812734341455674e-08,0.23132864551894375,0.2864575979700828,-0.05512895245113905,15298,5509,Ydjc,1.4113493014452622e-07,False
1776,40439148.5,8.722281410212353e-08,0.32177799729958934,0.37883954654703134,-0.057061549247442,15298,5509,Rhou,1.5746164790053324e-07,False
2884,41800593.0,8.863273845737987e-08,0.005460330715619191,0.012454421016916975,-0.006994090301297784,15298,5509,Slc6a7,1.5990141139903294e-07,False
1850,41769021.5,8.98059234105263e-08,0.006811995043931505,0.01575926858963655,-0.008947273545705046,15298,5509,Esco2,1.6191114075661796e-07,False
1263,43089852.0,9.640395082064722e-08,0.12792009779359279,0.08596381767169795,0.04195628012189484,15298,5509,Slco1a4,1.736922302335113e-07,False
2574,41382172.5,9.845679045618546e-08,0.061244438987087715,0.1020279536074563,-0.04078351462036858,15298,5509,Ly6c2,1.772740762986618e-07,False
2822,40465029.5,1.0791920916238406e-07,0.32800156125169305,0.3521906237727143,-0.024189062521021265,15298,5509,Epas1,1.941835770125792e-07,False
134,41345754.5,1.1419511977606038e-07,0.04166899663941495,0.05990996223304892,-0.018240965593633966,15298,5509,Kcnt2,2.053409944691158e-07,False
1768,41821124.5,1.214908508786363e-07,0.0047718833620825525,0.01100109599102294,-0.006229212628940387,15298,5509,Fam92b,2.1831634504143906e-07,False
2270,41124749.0,1.2594910696360496e-07,0.06796006621193035,0.09167371263357581,-0.02371364642164546,15298,5509,Cacng5,2.2617912511192355e-07,False
1559,41217385.5,1.317311068937686e-07,0.053151532885921664,0.07502733303755782,-0.021875800151636156,15298,5509,Gstt2,2.364072029884889e-07,False
1138,41746175.0,1.349346894370005e-07,0.019653973915949727,0.042118414488134005,-0.022464440572184278,15298,5509,Igkc,2.4199762335094844e-07,False
570,41418623.5,1.407069235449828e-07,0.03730476236213248,0.05846024811924733,-0.021155485757114845,15298,5509,Gucy1a1,2.521844271923512e-07,False
423,41668183.0,1.4241164612072502e-07,0.016148372664397843,0.03285681152339715,-0.016708438858999308,15298,5509,Bmp15,2.550725947217963e-07,False
1073,41887189.5,1.484702650281991e-07,0.0029195092601429365,0.007834194094189572,-0.0049146848340466355,15298,5509,Vwde,2.6575011443201867e-07,False
1012,41704614.5,1.5787666930625106e-07,0.00989955823909249,0.01856431550488311,-0.008664757265790619,15298,5509,Wdr66,2.8240202129012203e-07,False
2312,41863998.0,1.6203750100213008e-07,0.0036855547267648147,0.010989023519218193,-0.0073034687924533786,15298,5509,Hist1h2bn,2.8965527139923253e-07,False
2672,42450539.5,1.6247599488254375e-07,0.007699309269671296,0.002086734434029277,0.0056125748356420195,15298,5509,Lrrc15,2.902494095387049e-07,False
815,42903345.5,1.6402649844742985e-07,0.05814310405043304,0.039169014197878535,0.018974089852554506,15298,5509,Fam167b,2.9282798515255916e-07,False
462,41775544.5,1.7015535508583448e-07,0.006823027239212953,0.014638745542963084,-0.007815718303750132,15298,5509,Xlr4a,3.035713608348058e-07,False
247,41679129.5,1.7239490749680431e-07,0.012358741267299245,0.020269326595680405,-0.00791058532838116,15298,5509,Prrx2,3.0736640938967394e-07,False
1634,42498442.5,1.860211481458634e-07,0.011377618404790641,0.004139769940165373,0.007237848464625268,15298,5509,Avpr1a,3.3144484702210837e-07,False
606,40323553.0,1.895917218961124e-07,0.5024061960005368,0.5751652755750257,-0.0727590795744889,15298,5509,Them4,3.375868225168408e-07,False
1033,41835317.5,1.920264404631665e-07,0.005000734317228053,0.011741552469798265,-0.0067408181525702125,15298,5509,Ccl24,3.416996191716073e-07,False
1394,41835364.0,1.9286704855791974e-07,0.00612691443023269,0.01412258102676023,-0.00799566659652754,15298,5509,Tmc3,3.4297228726001984e-07,False
1610,42632181.5,2.1732874835009064e-07,0.01897638775192127,0.00981423281848893,0.009162154933432339,15298,5509,Gm47033,3.86221005027614e-07,False
806,43188242.0,2.1987950291853171e-07,0.11464995455056282,0.08811227439041307,0.02653768016014975,15298,5509,Rspo1,3.9050028602739235e-07,False
1463,41622674.5,2.320061833439348e-07,0.018084174311590765,0.0344967992245811,-0.016412624912990333,15298,5509,Gpr26,4.1176957264481614e-07,False
1860,43050169.0,2.439109330347003e-07,0.07252093653635057,0.05122365315250239,0.021297283383848183,15298,5509,Lpar6,4.3261764062899177e-07,False
2542,40724293.5,2.460161198640583e-07,0.1820289818505845,0.24905459208959818,-0.06702561023901368,15298,5509,Cmbl,4.36068754263253e-07,False
1802,42982855.5,2.464437709068234e-07,0.0802315474449764,0.05301494764675916,0.027216599798217243,15298,5509,Mmrn2,4.3654385584855054e-07,False
979,42975027.0,2.7761312769585744e-07,0.05207066555045101,0.03743606738323145,0.014634598167219563,15298,5509,Ibsp,4.91438125726971e-07,False
2231,40793451.0,2.914159288593064e-07,0.1653405958633697,0.20280600224839543,-0.03746540638502574,15298,5509,Stac2,5.155385287388118e-07,False
2532,40210342.5,3.0132065015269625e-07,1.1774499705310577,1.3415618811734695,-0.16411191064241182,15298,5509,Lifr,5.327162108388005e-07,True
986,41699286.5,3.4126617652735777e-07,0.014292170642593641,0.024332409250019588,-0.010040238607425946,15298,5509,P2rx2,6.029476697689429e-07,False
2176,40241859.5,3.551625344905573e-07,0.9104038943142142,1.0514603461267396,-0.14105645181252535,15298,5509,Flot2,6.270945976963682e-07,True
581,41742684.5,3.608437172406024e-07,0.008242951422458558,0.015844174489525124,-0.0076012230670665665,15298,5509,Bglap2,6.367145591309985e-07,False
2926,41404286.5,3.9745577044709773e-07,0.038773845259786735,0.0523524253905682,-0.013578580130781462,15298,5509,Scgb1a1,7.008649465975579e-07,False
50,41879282.5,4.1251805363084597e-07,0.003375200545718822,0.008037962003581556,-0.0046627614578627335,15298,5509,Gm37181,7.269567504383786e-07,False
1385,41284714.5,4.3275386025173923e-07,0.05672011657007244,0.07434832816468594,-0.017628211594613495,15298,5509,Isg20,7.621260835727668e-07,False
667,41587104.5,4.550373783230984e-07,0.021776194946759437,0.036975913700744996,-0.015199718753985559,15298,5509,Col25a1,8.008540731748225e-07,False
2189,43184175.5,4.5686646949396155e-07,0.11823248580327837,0.09291621846001383,0.025316267343264545,15298,5509,Slfn5,8.035561376630129e-07,False
0,42917125.0,4.5936356687413284e-07,0.07845844460823259,0.051271543915579094,0.027186900692653497,15298,5509,Sox17,8.074288916457284e-07,False
771,42331156.0,4.928530878251147e-07,0.00339481778930951,0.0,0.00339481778930951,15298,5509,Wincr1,8.657374407204168e-07,False
2666,41321691.0,4.970769125118865e-07,0.051869892464320694,0.07072128096294737,-0.01885138849862668,15298,5509,Masp1,8.725965055969253e-07,False
2390,41038324.0,5.111393856779417e-07,0.09271025108716785,0.1152613584769988,-0.022551107389830946,15298,5509,Hapln1,8.967070043804814e-07,False
692,41414349.0,5.137650362636395e-07,0.03903238331368156,0.05408186261070875,-0.015049479297027192,15298,5509,Col24a1,9.007354962699064e-07,False
2130,41767790.0,5.197503037687291e-07,0.00910015591846296,0.016758262151831956,-0.007658106233368996,15298,5509,Obscn,9.106451510618028e-07,False
1343,41650250.5,5.206191309350273e-07,0.016186386204094724,0.030029979098495724,-0.013843592894401,15298,5509,Dkkl1,9.115834334873877e-07,False
1282,41946117.5,5.340879091597885e-07,0.0016611327051107992,0.0058615654251670795,-0.004200432720056281,15298,5509,Vmn1r89,9.345684143007176e-07,False
2576,42926483.0,5.387940341793777e-07,0.07746062985621203,0.06713948728378408,0.010321142572427958,15298,5509,Ly6g,9.42200564885293e-07,False
783,41166253.5,5.402884420804026e-07,0.07323097076535645,0.10864139531309373,-0.03541042454773728,15298,5509,Rab3b,9.442101527730998e-07,False
1031,41346498.0,5.425497972233521e-07,0.043580355694502866,0.06395777358345724,-0.02037741788895437,15298,5509,Abhd11os,9.475566381902095e-07,False
1261,41514552.0,5.949462358413893e-07,0.02940977163410295,0.040826013305195814,-0.011416241671092866,15298,5509,Pde3a,1.0384032897423099e-06,False
726,40837604.0,6.020058708068419e-07,0.1659342292485416,0.207779740546653,-0.0418455112981114,15298,5509,Cnr1,1.050054883071883e-06,False
2201,43022082.5,6.188261674128518e-07,0.08985364355306555,0.0750934150379375,0.014760228515128052,15298,5509,Wfdc17,1.0787059068668895e-06,False
1840,42776431.0,6.217787824534087e-07,0.03757473667439243,0.024020082168992884,0.013554654505399544,15298,5509,Tnfrsf19,1.0831624012803011e-06,False
1220,42848928.5,6.265309506643181e-07,0.05032523132139576,0.031724150340659805,0.018601080980735957,15298,5509,Vwf,1.0907461171654424e-06,False
1346,40280469.0,6.348668354974233e-07,0.9267726957210661,1.0401742963953917,-0.11340160067432559,15298,5509,Emp3,1.1045552131586849e-06,True
181,42771654.0,6.565885532516438e-07,0.0350548614588775,0.022666892851627842,0.012387968607249656,15298,5509,Slamf9,1.1416209110891582e-06,False
443,41412150.5,7.476369519290561e-07,0.05099055959287436,0.07882860779804822,-0.02783804820517386,15298,5509,Zcchc12,1.2991023275260283e-06,False
1230,43352159.0,7.567001341895062e-07,0.18900674390656905,0.13601035051982524,0.052996393386743806,15298,5509,Clec2d,1.314015788576698e-06,False
1158,40337162.5,7.745552778169669e-07,0.74797385366076,0.8485680394576828,-0.10059418579692281,15298,5509,Add2,1.3441679472267796e-06,True
2164,40759591.0,7.912353913612317e-07,0.2902541251284913,0.3858078997840554,-0.09555377465556408,15298,5509,Trpv1,1.372244004675313e-06,False
2589,43095108.5,8.649124357246992e-07,0.09049009078240161,0.0671522264869492,0.023337864295452412,15298,5509,Pdgfb,1.4990719339081448e-06,False
2269,42478179.0,8.678001122412101e-07,0.010838859505655917,0.0037437858740248615,0.007095073631631056,15298,5509,Gm11714,1.5031243236096957e-06,False
1731,41696591.5,8.960416416729123e-07,0.012954766788186925,0.021454969129462566,-0.008500202341275642,15298,5509,Cbln1,1.5510594240350731e-06,False
852,41866484.0,9.48101656966677e-07,0.0057536365548287415,0.01628955369628987,-0.01053591714146113,15298,5509,Angptl7,1.6401379075293244e-06,False
1582,41066902.5,1.058712209311146e-06,0.0965315926050766,0.1295126465152364,-0.03298105391015979,15298,5509,1500009L16Rik,1.8303273656548572e-06,False
1293,43158565.0,1.0628410675087784e-06,0.11390821148420335,0.08233042790673722,0.03157778357746613,15298,5509,Plaur,1.8363046870729683e-06,False
2492,42865009.5,1.1184071084061935e-06,0.05179106416065153,0.033374190586077344,0.018416873574574187,15298,5509,Gpr65,1.93108803124428e-06,False
1579,42929970.5,1.1804369332566486e-06,0.05946058308189384,0.0514021421125941,0.008058440969299745,15298,5509,Gm26710,2.0369053706352897e-06,False
2753,41350655.0,1.2086656128704828e-06,0.052949003777099796,0.07154494085157974,-0.018595937074479943,15298,5509,Cacna1h,2.0843004105931718e-06,False
1513,41821293.5,1.3228458765624894e-06,0.006658460302431738,0.013118875542165157,-0.006460415239733419,15298,5509,Myb,2.2797627425320785e-06,False
1105,42814429.0,1.3331695313020643e-06,0.05002994798229924,0.03300475257427481,0.017025195408024434,15298,5509,Gimap4,2.2961074736216284e-06,False
1008,40854807.5,1.3517074035055207e-06,0.1541044490207026,0.1822026029292812,-0.028098153908578588,15298,5509,P2rx4,2.326570011697671e-06,False
1980,41810437.0,1.3589453647343668e-06,0.006524738595070708,0.01308497176522863,-0.006560233170157921,15298,5509,Cilp,2.337556963866977e-06,False
774,42798939.0,1.3864804169283946e-06,0.047303884737055844,0.028245771416875686,0.019058113320180158,15298,5509,Tek,2.3834217098046256e-06,False
2288,41736589.0,1.5887424412266464e-06,0.009772373902667915,0.01813366104323788,-0.008361287140569966,15298,5509,Npb,2.7294036286148728e-06,False
1918,42713523.5,1.6340679346506876e-06,0.03329557266980397,0.020867754038379465,0.012427818631424507,15298,5509,Robo4,2.80550897757039e-06,False
787,42650096.5,1.7548473451830665e-06,0.024872275548715135,0.01371693478206796,0.011155340766647174,15298,5509,Trabd2b,3.0109833683034422e-06,False
569,41539792.5,1.8155172529807948e-06,0.028312027017096782,0.04397053989235574,-0.01565851287525896,15298,5509,Gucy1b1,3.1131283303463784e-06,False
1198,41494716.0,1.8449673508778949e-06,0.0357454538354411,0.04909302952034467,-0.013347575684903572,15298,5509,A2m,3.1616451783527834e-06,False
316,40360530.0,1.8580800023437748e-06,0.9097417345304095,0.9865151862745069,-0.07677345174409733,15298,5509,Gm13889,3.1821219827239975e-06,False
1379,40757704.5,1.913429288733625e-06,0.24224149370913065,0.25544747789778105,-0.013205984188650405,15298,5509,Tjp1,3.274861767638589e-06,False
33,43368297.0,2.023963894352983e-06,0.22673676473261398,0.20569611593686457,0.021040648795749406,15298,5509,Col3a1,3.460288840158839e-06,False
1495,43852019.0,2.0243006011898144e-06,0.6407697577933809,0.5930992630936507,0.04767049469973017,15298,5509,Cttn,3.460288840158839e-06,False
1485,40361612.0,2.0482023179490496e-06,0.9996537161040159,1.1560260229308128,-0.15637230682679693,15298,5509,Ap2a2,3.4989589878767336e-06,True
1269,40655430.5,2.0943265362153265e-06,0.33138597467742414,0.4140825813769388,-0.08269660669951467,15298,5509,Bhlhe41,3.5755200228145555e-06,False
980,43923117.5,2.1582134098967286e-06,1.173938924740104,1.122825943576131,0.051112981163973004,15298,5509,Spp1,3.6822917505100144e-06,False
54,41587873.0,2.2150575691132673e-06,0.026051320073463245,0.040921087736498114,-0.014869767663034869,15298,5509,Cxcr2,3.776921727883283e-06,False
501,41727207.0,2.2497246244886357e-06,0.019061643557370347,0.03369095066896053,-0.014629307111590183,15298,5509,Alas2,3.8336428959354635e-06,False
1440,40534810.5,2.315730500802875e-06,0.41508882290407073,0.4933642568617444,-0.07827543395767367,15298,5509,Gga2,3.943663088229055e-06,False
895,41529061.0,2.321094888014565e-06,0.030214849810770987,0.043945967040749476,-0.013731117229978489,15298,5509,Cenpa,3.950338841767165e-06,False
2593,40486349.0,2.3269485106131143e-06,0.49031760307098204,0.5618547059402934,-0.07153710286931136,15298,5509,Tspo,3.957838418238102e-06,False
103,41895184.0,2.4175898659005814e-06,0.0037674453640046735,0.00821165670839902,-0.004444211344394346,15298,5509,Gm38073,4.1094520094705345e-06,False
1537,41613814.5,2.5162893699004907e-06,0.021999685076845313,0.0331134983850428,-0.011113813308197489,15298,5509,Lilr4b,4.274566103526611e-06,False
1444,41786978.5,2.6340513418872813e-06,0.008753423220714079,0.015450691717799808,-0.0066972684970857295,15298,5509,Cacng3,4.471837628840295e-06,False
1686,41756933.0,2.7560444230717685e-06,0.010181710001880447,0.019066907989986188,-0.00888519798810574,15298,5509,Gm6213,4.676043112345712e-06,False
1139,42035221.0,2.774159574901885e-06,0.00031716762086021814,0.0026188080866733905,-0.0023016404658131725,15298,5509,Tex37,4.703860159551553e-06,False
1919,43146686.5,2.820066783588895e-06,0.14746877486700222,0.10605685466852181,0.041411920198480404,15298,5509,Esam,4.778737703293449e-06,False
1400,42926837.5,2.89256956708782e-06,0.07301203703772899,0.050849620331649296,0.022162416706079692,15298,5509,Fzd4,4.898562084201354e-06,False
174,43352946.5,3.0239115172928868e-06,0.341555173562286,0.2926665327111048,0.048888640851181164,15298,5509,Fcer1g,5.117820544428246e-06,False
340,41975618.0,3.1424504837331507e-06,0.001393493499840692,0.004121248488234307,-0.002727754988393615,15298,5509,Gpat2,5.315152797161513e-06,False
2245,40877676.0,3.211835590312771e-06,0.18157914395151759,0.20123040438338866,-0.01965126043187107,15298,5509,Stat5b,5.4291534854792514e-06,False
993,40737111.0,3.402111643239814e-06,0.29241447691245787,0.32112048850386427,-0.0287060115914064,15298,5509,Oasl2,5.747236160754102e-06,False
877,42321373.0,3.4248810235245323e-06,0.00342132224140182,0.0002516417428062971,0.0031696804985955227,15298,5509,Gm6465,5.782129382308392e-06,False
155,41537221.0,3.4270949476286676e-06,0.03305761884779425,0.04669310203835459,-0.013635483190560342,15298,5509,Sell,5.782297767899078e-06,False
2798,41656942.0,3.4820367218618242e-06,0.017858010087418837,0.02783268604469724,-0.009974675957278405,15298,5509,Ptcra,5.871375113620277e-06,False
2426,43019215.5,3.820176342206368e-06,0.08251655699313078,0.06048958276607233,0.022026974227058446,15298,5509,Adcy3,6.43757381141985e-06,False
2861,41171905.5,3.824949952849779e-06,0.08544701726450826,0.10544401625616232,-0.019996998991654052,15298,5509,Spry4,6.441649089312898e-06,False
2748,42864941.5,4.055638876717948e-06,0.07356316647070046,0.04912035641468543,0.024442810056015035,15298,5509,Tmem204,6.825952201737593e-06,False
151,41809858.5,4.060903603236191e-06,0.01013351696582469,0.023087535755029708,-0.012954018789205018,15298,5509,Myoc,6.830609689330247e-06,False
392,41643429.5,4.335259117014638e-06,0.019570629075471434,0.032848893178305555,-0.013278264102834121,15298,5509,Ada,7.287605215141386e-06,False
71,43125029.0,4.361358450926228e-06,0.1185139441292812,0.09266621457332266,0.025847729555958543,15298,5509,Efhd1,7.326975038871765e-06,False
1747,42970504.5,4.501226799974021e-06,0.1219383758562945,0.08671236421558856,0.035226011640705934,15298,5509,Cdh5,7.557308347408806e-06,False
2301,42944389.0,4.6342825165320285e-06,0.070714861163412,0.05284329695070527,0.017871564212706727,15298,5509,Gng4,7.775928026205583e-06,False
109,42298102.0,4.729677304750608e-06,0.0031498331189047236,0.0,0.0031498331189047236,15298,5509,Il24,7.931126565599578e-06,False
2469,42627687.0,4.867461686393318e-06,0.02528760315621619,0.01522699008794909,0.010060613068267102,15298,5509,Clec14a,8.157173843312331e-06,False
2495,41676602.0,4.954064159567451e-06,0.018626157446085815,0.027965585851371648,-0.009339428405285833,15298,5509,Gpr68,8.297223194376594e-06,False
956,42306980.5,5.01857276300596e-06,0.0029263226999571615,0.00012582087140314854,0.002800501828554013,15298,5509,Tmprss11b,8.400120261212546e-06,False
1595,43233363.5,5.0772298949505765e-06,0.14551373422375122,0.12080860487878252,0.0247051293449687,15298,5509,Elk3,8.493103218770536e-06,False
1205,40748436.5,5.176756501271655e-06,0.282282350746644,0.3206982269922869,-0.03841587624564291,15298,5509,Slc2a3,8.65429647370292e-06,False
591,40405164.5,5.761224351891004e-06,3.7017607513866633,4.000339385581782,-0.29857863419511865,15298,5509,S100a6,9.625503116934573e-06,True
2847,41154160.5,5.931996997888841e-06,0.10686679376822936,0.13244474488241428,-0.025577951114184927,15298,5509,Egr1,9.901498244488359e-06,False
2633,41775061.0,5.933658362967612e-06,0.010228286494305993,0.017185648700493796,-0.006957362206187803,15298,5509,Itgb7,9.901498244488359e-06,False
2531,41190461.5,6.030275346219115e-06,0.11056842303378468,0.15441875113381817,-0.04385032810003349,15298,5509,Osmr,1.0056587238969074e-05,False
1173,43285408.5,6.231905672109152e-06,0.1530331634177309,0.13639013802818722,0.01664302538954368,15298,5509,Fam19a1,1.0386509453515254e-05,False
1831,41905516.0,6.342968339723113e-06,0.004391463934865673,0.011117542245749656,-0.006726078310883983,15298,5509,Mcpt4,1.0565175645032105e-05,False
2770,43173079.0,6.423000054415387e-06,0.2719254512099134,0.2374917726884432,0.034433678521470196,15298,5509,H2-Ab1,1.0691969049802851e-05,False
2968,41603208.0,6.477510089258376e-06,0.02248837216939405,0.03456299329393537,-0.012074621124541319,15298,5509,Ifit1bl1,1.0776149692288114e-05,False
436,40712010.0,6.6218183054090505e-06,0.3253835789840543,0.34251005082148467,-0.01712647183743038,15298,5509,Cask,1.1009527699266719e-05,False
1049,43752736.0,6.659283537277446e-06,0.5880314214871273,0.5455829168462939,0.042448504640833384,15298,5509,Eif3b,1.1065091418258697e-05,False
1389,41976133.0,6.970845718491169e-06,0.0013592898036866492,0.004520091214198406,-0.003160801410511757,15298,5509,Wdr93,1.1575751694033604e-05,False
1446,41685632.5,7.55205422219911e-06,0.01677925331236754,0.026200145966016452,-0.009420892653648913,15298,5509,Gsg1l,1.253329386997243e-05,False
305,42565770.0,7.5809231532251085e-06,0.02138246110602595,0.011901172101561558,0.009481289004464393,15298,5509,Aplnr,1.257357478718658e-05,False
2849,41937262.5,8.265518606866753e-06,0.0027366465485311633,0.006775406743140137,-0.004038760194608974,15298,5509,Mzb1,1.3700723266533678e-05,False
527,41910386.5,8.382256661428901e-06,0.004396607802862727,0.011360784635573277,-0.00696417683271055,15298,5509,Cpa3,1.3885809793463383e-05,False
1341,40822865.0,8.464809249460858e-06,0.27435443078947414,0.3107651451285442,-0.03641071433907006,15298,5509,Atf5,1.4014075845808382e-05,False
2250,42637507.5,8.545799273208298e-06,0.0259068544102096,0.016041340902425746,0.009865513507783853,15298,5509,Gm26316,1.413960133830895e-05,False
790,41471447.0,8.681680408419603e-06,0.036703539920031274,0.048118457903995104,-0.01141491798396383,15298,5509,Ccdc163,1.4355741183208955e-05,False
1999,41140294.0,8.998042735491965e-06,0.12058934364914305,0.1589763286709331,-0.03838698502179004,15298,5509,Mlip,1.4869877269831133e-05,False
2267,42890012.5,9.080336225041802e-06,0.09174252443461195,0.058732559854889,0.03300996457972295,15298,5509,Pecam1,1.4996811337855876e-05,False
1372,42597145.0,9.221939457232402e-06,0.022006945611460774,0.012841343787441362,0.009165601824019412,15298,5509,Atp10a,1.5221487275516366e-05,False
2353,40501803.5,9.257963513281362e-06,0.8837870355180067,1.036283717410682,-0.1524966818926753,15298,5509,Gcnt2,1.5271731127155925e-05,True
1145,41955584.5,9.317947431540918e-06,0.0021714569659915255,0.006656995927013855,-0.00448553896102233,15298,5509,Dnah6,1.536141424066571e-05,False
1333,42002216.5,9.621036595589838e-06,0.0010456026714209408,0.0034921441312185646,-0.0024465414597976236,15298,5509,Klk11,1.5851527162010968e-05,False
242,41901481.0,9.728971407553135e-06,0.007018404440317435,0.019232874455262023,-0.012214470014944589,15298,5509,Fcnb,1.6019709090703083e-05,False
2215,41836971.5,9.85685620614652e-06,0.006455227995131043,0.01181258814567601,-0.005357360150544967,15298,5509,Chad,1.6220518486047374e-05,False
675,42739002.0,9.930087228653764e-06,0.0432205146918411,0.030296153112231536,0.012924361579609564,15298,5509,Slc39a8,1.6331201786150357e-05,False
827,42475826.5,1.0062434528020702e-05,0.01293405125761095,0.006110143659106444,0.006823907598504506,15298,5509,Gm7534,1.65389173282071e-05,False
104,41634710.5,1.1601037763732379e-05,0.02541486645746645,0.03983510842393344,-0.014420241966466987,15298,5509,Lypd1,1.905635932961445e-05,False
1301,43147010.0,1.185242772456093e-05,0.16585860718727297,0.1474007333287116,0.018457873858561374,15298,5509,Prx,1.9457616942781598e-05,False
1621,42907038.0,1.2086537011889276e-05,0.09626442684766265,0.06977922566203448,0.026485201185628165,15298,5509,Ptprb,1.983004122826465e-05,False
2777,43792740.0,1.2143781486373154e-05,1.313493996755641,1.3250239153312426,-0.011529918575601705,15298,5509,Clic1,1.9912015806493154e-05,False
410,40790640.0,1.2204833720086172e-05,0.27558640751052865,0.3032308415486042,-0.027644434038075538,15298,5509,Ptpn1,2.0000131949931506e-05,False
2755,40491385.0,1.2586678786889162e-05,1.215042254039372,1.3139319522507986,-0.09888969821142668,15298,5509,Arhgdig,2.0613512863558e-05,False
120,41629089.0,1.266533452754581e-05,0.02336319363599918,0.03619222602407732,-0.012829032388078136,15298,5509,Chil1,2.0729916177640807e-05,False
1294,41606950.5,1.2948187560380247e-05,0.04413015609154187,0.06471694632445908,-0.020586790232917214,15298,5509,Cd177,2.1180199149306204e-05,False
1886,41576335.5,1.3081423130518051e-05,0.0598078481565928,0.08521550824812295,-0.02540766009153015,15298,5509,Mmp8,2.1385351023291613e-05,False
1947,41781182.5,1.32064562414476e-05,0.013897632600340923,0.028578767730369596,-0.014681135130028673,15298,5509,Gm40518,2.1576856523512057e-05,False
2101,41733767.0,1.3953872062102139e-05,0.01479924410629702,0.02404580882715747,-0.00924656472086045,15298,5509,Hmmr,2.278438214319364e-05,False
2473,41466529.5,1.4010176987490137e-05,0.0486116259795921,0.06404660626555621,-0.015434980285964107,15298,5509,Syt16,2.2862669487342198e-05,False
405,41500559.0,1.4241601693334034e-05,0.06976018649119504,0.09294454653988862,-0.023184360048693578,15298,5509,Mmp9,2.3226464300100528e-05,False
332,41692257.0,1.4513082715212951e-05,0.022593892929968513,0.03655356916603536,-0.013959676236066847,15298,5509,Nusap1,2.365511396073148e-05,False
1673,43326571.5,1.5122519984536432e-05,0.20536272684512044,0.1681477803891837,0.03721494645593673,15298,5509,Eif4ebp1,2.4633765430439036e-05,False
1854,41560921.5,1.5891667393675762e-05,0.03237560114766485,0.04529456108549116,-0.01291895993782631,15298,5509,Ebf2,2.587125614387096e-05,False
1986,40498201.0,1.7020960170971516e-05,2.313211377501959,2.499225333878839,-0.1860139563768799,15298,5509,Anxa2,2.7693233829629447e-05,True
2030,40935276.5,1.711110328939883e-05,0.17967082825893124,0.208289054483248,-0.028618226224316756,15298,5509,Rbp2,2.782334571730428e-05,False
1368,40578538.0,1.7224239914600373e-05,0.7384911932145692,0.8587448941604864,-0.12025370094591714,15298,5509,Slc17a6,2.7990669142265016e-05,True
2927,43392852.0,1.728010294231612e-05,0.24954616003155422,0.2237657603062996,0.025780399725254616,15298,5509,Fads3,2.8064775265578735e-05,False
2183,42657992.0,1.924806938637478e-05,0.03437688600704121,0.026262754260864798,0.008114131746176412,15298,5509,Ccl7,3.1242415294798235e-05,False
1034,41952009.5,2.0023159403995555e-05,0.002416810474636545,0.006131523770861096,-0.003714713296224551,15298,5509,Gm43123,3.248122240209244e-05,False
1383,40644107.5,2.0422185631490033e-05,0.47169789671940004,0.5223721260684089,-0.05067422934900884,15298,5509,Sv2b,3.310887830594264e-05,False
2386,43445055.5,2.063151654035637e-05,0.2675614486805536,0.24281932656701025,0.024742122113543347,15298,5509,Pcsk1,3.3428434678835704e-05,False
4,41075931.0,2.082590930217908e-05,0.13713610320813663,0.15944516307292522,-0.022309059864788594,15298,5509,Slco5a1,3.3723423292752983e-05,False
2134,41894505.0,2.085423094032172e-05,0.005845215451766712,0.011710605455975982,-0.00586539000420927,15298,5509,Mfap4,3.374930273478101e-05,False
686,41002774.5,2.1549424443997676e-05,0.17602148001696188,0.1956037778652949,-0.019582297848333013,15298,5509,Gbp7,3.485374089552551e-05,False
766,41535206.5,2.1617135264382082e-05,0.03877022855185504,0.05113512435610168,-0.012364895804246642,15298,5509,Tyrp1,3.494259157688239e-05,False
1315,43256452.0,2.1879731536140327e-05,0.38339767856768464,0.33340071460978243,0.04999696395790221,15298,5509,Tyrobp,3.5346169965353684e-05,False
472,41576835.5,2.2521451593770567e-05,0.03142196563850843,0.04610783371146816,-0.014685868072959733,15298,5509,F630028O10Rik,3.636137550706169e-05,False
118,41648712.5,2.2587490794765295e-05,0.02535988287276467,0.036759486491200956,-0.011399603618436286,15298,5509,Prelp,3.644648219686317e-05,False
2038,40754640.5,2.317337527147949e-05,0.35233439304752817,0.407195330286836,-0.05486093723930785,15298,5509,Cpne4,3.736980033460873e-05,False
1457,42459043.5,2.5418468549677474e-05,0.012696800205081496,0.007701522555154759,0.004995277649926738,15298,5509,Cox6a2,4.096612344335173e-05,False
348,41899050.0,2.635399162982866e-05,0.0045583562686286475,0.009987365308854667,-0.00542900904022602,15298,5509,Avp,4.2448861665242275e-05,False
587,42629838.0,2.6887193014301145e-05,0.03108198307217951,0.019773616519097592,0.011308366553081917,15298,5509,She,4.3282208884116326e-05,False
1755,43392278.0,2.7791227890103878e-05,0.3075686809245113,0.3262903273661834,-0.018721646441672124,15298,5509,Smpd3,4.469807125564925e-05,False
240,41875772.0,2.7799422013111288e-05,0.00932953731696169,0.01788945857160869,-0.008559921254647001,15298,5509,Mymk,4.469807125564925e-05,False
885,43155991.0,2.8239858084403624e-05,0.15359932824249134,0.12228682979414555,0.031312498448345785,15298,5509,Sema3c,4.537956043527844e-05,False
1501,41509846.0,2.974265371008707e-05,0.03956540079897974,0.05238611702651178,-0.012820716227532045,15298,5509,Esr1,4.776638749095017e-05,False
170,42751084.0,3.0181058333941387e-05,0.0491276195464236,0.035888200547693865,0.013239418998729734,15298,5509,Fcgr2b,4.844201557707141e-05,False
975,41939178.0,3.0894656671496164e-05,0.0034160740469904127,0.007423636261829111,-0.004007562214838698,15298,5509,Bmp3,4.9558290907062764e-05,False
1406,41044462.0,3.104232700849385e-05,0.1550974593022223,0.1893135167355174,-0.034216057433295116,15298,5509,Tpbgl,4.97659814585174e-05,False
1357,42000632.0,3.1065951517363384e-05,0.0012986554241276927,0.00439141168297167,-0.0030927562588439774,15298,5509,Gm18349,4.977467920327408e-05,False
1445,43138144.0,3.109731229716422e-05,0.14204267455768424,0.11681400910611724,0.025228665451567003,15298,5509,Il4ra,4.9795754761559804e-05,False
2867,40573152.5,3.137752516168788e-05,1.1296104875281037,1.258398380753441,-0.12878789322533724,15298,5509,Dpysl3,5.021505635881589e-05,True
2319,41963674.0,3.17978979893786e-05,0.0022244658701761465,0.006680630988849931,-0.004456165118673784,15298,5509,Hist1h2af,5.085804152102366e-05,False
2517,40799240.0,3.1967269016766736e-05,0.36044288198306496,0.38422510819242145,-0.023782226209356494,15298,5509,Cep170b,5.109905362995735e-05,False
2391,41647532.5,3.227398914733561e-05,0.02527246424544988,0.03628188816846251,-0.011009423923012632,15298,5509,Vcan,5.155920579320262e-05,False
832,43133026.0,3.521092140952797e-05,0.23803583916985152,0.2108924485808366,0.02714339058901491,15298,5509,Ncmap,5.621825455636836e-05,False
2035,41827556.5,3.710227970251513e-05,0.00845846752779155,0.01640362604067308,-0.00794515851288153,15298,5509,Bfsp2,5.920346265249643e-05,False
2039,42419473.0,3.7326344470722097e-05,0.009681902119796934,0.004892440218502841,0.004789461901294092,15298,5509,Col6a5,5.952626946205535e-05,False
702,42741145.0,3.807399262279771e-05,0.050352772403926695,0.03910421261150793,0.011248559792418768,15298,5509,Ifi44,6.0683199197757425e-05,False
1461,42267802.5,3.812248935291428e-05,0.00228088149426788,0.0,0.00228088149426788,15298,5509,Hmx3,6.0725106802691066e-05,False
1291,41320360.0,3.9106961524240926e-05,0.0838348690078447,0.10247685770956802,-0.018641988701723317,15298,5509,Apoc1,6.225700801443476e-05,False
1425,41523960.0,3.919074515855551e-05,0.04099602341840182,0.05327757566228919,-0.01228155224388737,15298,5509,Tub,6.23540942458693e-05,False
2393,40775681.5,3.9970697292019994e-05,0.41694269727876654,0.46172095065075525,-0.04477825337198871,15298,5509,Serinc5,6.355805644981087e-05,False
2954,42344177.0,4.037006362659316e-05,0.005626244636674676,0.0015098504568377823,0.004116394179836894,15298,5509,Tmem252,6.415579547863584e-05,False
912,42847273.0,4.0936502398720433e-05,0.10109775456797152,0.07123785354572973,0.029859901022241786,15298,5509,Prom1,6.50181963185252e-05,False
1111,40614510.0,4.120968759605241e-05,0.8347090666887553,0.9567082283848003,-0.12199916169604497,15298,5509,Tmem176b,6.541410074010641e-05,True
1137,42005539.0,4.195637602928364e-05,0.0014276971959947349,0.004662987146236708,-0.0032352899502419733,15298,5509,Gm30211,6.65607241531849e-05,False
1577,43168386.0,4.232255838318736e-05,0.17274881673250864,0.1413891682493544,0.03135964848315423,15298,5509,Sbno2,6.710272300174923e-05,False
759,41915275.5,4.2764294646045856e-05,0.0057350849450954365,0.01275369634107831,-0.007018611395982873,15298,5509,Orm1,6.776381567609237e-05,False
1384,40631716.5,4.2875085169374264e-05,0.7443558266820559,0.8119727597594444,-0.06761693307738847,15298,5509,Ntrk3,6.79000335484879e-05,False
2720,42814670.0,4.3527170075295534e-05,0.09255757732077445,0.06572990716176533,0.026827670159009123,15298,5509,Cyyr1,6.889282995135028e-05,False
252,42879562.5,4.386341864853477e-05,0.09064475931393864,0.06367518293338638,0.026969576380552265,15298,5509,Eng,6.938487565282972e-05,False
558,41309611.0,4.394745702456861e-05,0.09403288588873185,0.12047571556298066,-0.02644282967424881,15298,5509,Gpr149,6.947762714577754e-05,False
2169,41164487.0,4.4850532192396285e-05,0.13257675824653017,0.16135916189456065,-0.028782403648030475,15298,5509,Nxn,7.086435906770874e-05,False
2248,40921389.0,4.488426554546473e-05,0.27646482779401377,0.30220670580207687,-0.0257418780080631,15298,5509,Ramp2,7.08767126251998e-05,False
2751,41978014.5,4.752080320717443e-05,0.0025945755770521626,0.007690413729773418,-0.005095838152721256,15298,5509,Tpsb2,7.49831182561255e-05,False
2873,41512829.0,4.753957113569346e-05,0.04144324340442515,0.053920240377696035,-0.012476996973270885,15298,5509,Lmnb1,7.49831182561255e-05,False
2771,43045128.0,4.770315278818858e-05,0.2718973417579229,0.2352548726228671,0.03664246913505581,15298,5509,H2-Aa,7.519776534622236e-05,False
954,40887118.5,4.958192050876405e-05,0.31091804864594397,0.3864535211510071,-0.07553547250506315,15298,5509,Epha5,7.811437361259775e-05,False
2857,41398533.0,5.2105572891829004e-05,0.06621550933641321,0.08202839891846583,-0.015812889582052625,15298,5509,Pcdhb17,8.204302927988044e-05,False
1109,42665939.5,5.2788094864875975e-05,0.038446814892353555,0.0280592834171622,0.010387531475191353,15298,5509,Gimap5,8.306987310439343e-05,False
684,41725725.5,5.399206167739925e-05,0.017441440848199024,0.026033819821185418,-0.008592378972986394,15298,5509,Bmpr1b,8.491563466802009e-05,False
2610,41306867.0,5.498942493904539e-05,0.08731175173196483,0.1090547713323017,-0.021743019600336866,15298,5509,Amigo2,8.643452713120065e-05,False
666,40777435.0,5.605604601778795e-05,0.41834100834532395,0.5099709248183554,-0.09162991647303143,15298,5509,Mcub_ENSMUSG00000027994,8.806047435878807e-05,False
1879,43085679.5,5.652907296559379e-05,0.14537183112795865,0.10984425311460963,0.03552757801334902,15298,5509,B930095G15Rik,8.875259159638292e-05,False
772,42782861.5,5.667148622060199e-05,0.05687422224129454,0.04469865584070802,0.012175566400586521,15298,5509,Cdkn2a,8.892513758654415e-05,False
2266,42680149.0,5.781573569338122e-05,0.04140742734518523,0.027614370614488085,0.013793056730697147,15298,5509,Icam2,9.066859926685644e-05,False
2952,40890792.0,5.9136631385419795e-05,0.2844694157320671,0.31949774699111505,-0.03502833125904797,15298,5509,Gda,9.265877477171643e-05,False
2795,42761257.5,5.915254872081057e-05,0.06882220852794971,0.0520661293291279,0.016756079198821806,15298,5509,Clic5,9.265877477171643e-05,False
1571,41903330.5,5.976734108293134e-05,0.004565169708442873,0.009049642584711751,-0.004484472876268878,15298,5509,Prss57,9.356821858146378e-05,False
2063,42508882.5,6.1403065880297e-05,0.01689297789240901,0.010025369287867346,0.006867608604541666,15298,5509,Cck,9.60740189831878e-05,False
1085,41545545.5,6.384038345133656e-05,0.04124479858992395,0.05773819266814639,-0.016493394078222444,15298,5509,Gm43154,9.983044524837362e-05,False
991,42815338.0,6.458288819008517e-05,0.06509942112937267,0.0503270428763952,0.014772378252977468,15298,5509,Selplg,0.00010093382811421882,False
2001,43526040.5,6.484676472278947e-05,0.5164131368702396,0.4618928020875057,0.05452033478273388,15298,5509,Rn7sk,0.00010128835038082765,False
2570,41860913.5,6.601295861545244e-05,0.014107424707662002,0.027299366483261298,-0.013191941775599295,15298,5509,Ly6d,0.00010305105126327764,False
2942,41992130.0,6.6715300626048e-05,0.0018210991269832762,0.004809528909282345,-0.002988429782299069,15298,5509,Ms4a2,0.00010408804746847763,False
2653,42910898.5,6.842524918272415e-05,0.1855754391765967,0.1297688081542197,0.055806631022376985,15298,5509,Cldn5,0.00010669501511673349,False
182,43635078.5,6.927491399101139e-05,1.183781680556464,1.264672108209892,-0.08089042765342791,15298,5509,Tagln2,0.00010795834174667587,False
1290,42268422.5,7.094922572072754e-05,0.0025946423952209856,0.00012582087140314854,0.002468821523817837,15298,5509,Apoc4,0.00011050463117664568,False
1873,43109015.0,7.153745014394301e-05,0.1513443604609634,0.12718958968213603,0.024154770778827356,15298,5509,Kctd12,0.00011135738539765744,False
2742,41693436.0,7.183930267234044e-05,0.0241157747033374,0.03570171254798038,-0.011585937844642982,15298,5509,Fpr2,0.00011176364778660472,False
1684,40793103.5,7.243843838084452e-05,0.4447919698267655,0.49043134217486817,-0.04563937234810267,15298,5509,Mfhas1,0.00011263168218965877,False
1770,42799109.0,7.304718890924597e-05,0.058826291785720804,0.04469992510174332,0.014126366683977487,15298,5509,Slc7a5,0.00011351367140158394,False
1772,41256358.0,7.408135429237864e-05,0.10753625972078008,0.13314766408892495,-0.025611404368144866,15298,5509,Cbfa2t3,0.00011505536853472776,False
1846,42029393.0,7.520023840351398e-05,0.0007514590140585233,0.003247912443689133,-0.0024964534296306098,15298,5509,Gm41177,0.00011672681727219678,False
2738,41649939.5,7.529736039840625e-05,0.035995340290169486,0.05846295644728412,-0.022467616157114637,15298,5509,Smoc2,0.00011681127662486733,False
2606,43620107.0,7.707491820687508e-05,1.0359054264885081,1.012153204515716,0.023752221972792142,15298,5509,Cntn1,0.00011950107783208806,False
1330,41910639.5,7.845195713955549e-05,0.00489092237761233,0.009007087210245793,-0.004116164832633463,15298,5509,Siglecg,0.00012156719704061432,False
2011,42453553.0,7.868907397292726e-05,0.015206425575604221,0.007907794585768473,0.0072986309898357485,15298,5509,Bcl2a1d,0.00012186558171911442,False
1286,40786792.0,7.981347350720655e-05,0.3901441951884648,0.4636090214803981,-0.0734648262919333,15298,5509,Gng8,0.00012353698361189017,False
1267,42256784.5,8.180888812541402e-05,0.002001324289468818,0.0,0.002001324289468818,15298,5509,Sox5os3,0.00012655390781844307,False
347,42985750.0,8.32767578091506e-05,0.10664962717951572,0.09279623375009263,0.013853393429423086,15298,5509,Cpxm1,0.00012875179910007173,False
970,42675976.5,8.337389124980095e-05,0.059427451450261085,0.04157464285094773,0.017852808599313354,15298,5509,Cxcl10,0.00012882914834361897,False
461,41263019.5,8.49584351174816e-05,0.10808644771827688,0.1346958518817959,-0.026609404163519007,15298,5509,Prrg3,0.0001312034557009103,False
2982,43171313.0,8.761735339917587e-05,0.1682793294966371,0.15854813568932138,0.009731193807315713,15298,5509,Crtac1,0.00013523333044398761,False
1573,42851092.5,8.864533525947746e-05,0.07263521669727964,0.06333164499961418,0.009303571697665464,15298,5509,Plppr3,0.00013674280424967337,False
533,42630937.0,9.191391701184592e-05,0.038961953877036846,0.026332773182954305,0.012629180694082542,15298,5509,Mecom,0.00014170493969977373,False
2858,41495165.5,9.235105879658002e-05,0.050698063645278076,0.06400339484866976,-0.013305331203391689,15298,5509,Pcdhb20,0.00014229867369501203,False
2979,43113307.0,9.267018686064289e-05,0.17118881371987582,0.15833527860777766,0.012853535112098163,15298,5509,Pdlim1,0.0001427100005990193,False
1345,41337734.5,9.390571618159294e-05,0.0941673622534455,0.10812440408209359,-0.013957041828648084,15298,5509,Rasip1,0.0001445313076852317,False
2294,43044772.5,9.578338184129528e-05,0.1340585890696944,0.11523578605414814,0.018822803015546258,15298,5509,Net1,0.0001473383292103164,False
798,42984050.0,9.630355045113568e-05,0.1381769697685425,0.12584806736290097,0.012328902405641523,15298,5509,Cldn19,0.0001480552054434267,False
2776,41076182.0,0.00010042336034857899,0.17797000229856694,0.20189856382719315,-0.023928561528626213,15298,5509,Vwa7,0.00015430218570413682,False
1650,42020227.0,0.00010305730353993054,0.0010310162188575855,0.0034399237513943167,-0.002408907532536731,15298,5509,Fcer2a,0.00015826037348776528,False
500,41551918.5,0.00010485797103308147,0.04884512250832934,0.06114529288262656,-0.012300170374297217,15298,5509,Dcx,0.00016093521367871932,False
2132,42403806.0,0.00010597627027159219,0.009681902119796932,0.005592286407273898,0.004089615712523034,15298,5509,Slc47a1,0.00016256034727582988,False
1009,42419165.5,0.00010890112939593042,0.010328834802201634,0.005180035839283743,0.005148798962917891,15298,5509,Gm43684,0.000166953244897909,False
2835,42311931.5,0.00011872664775930303,0.004550657024566914,0.0012059883342072377,0.0033446686903596764,15298,5509,Dsg2,0.0001819144995079517,False
1308,42620514.5,0.00012043004475484634,0.030931552391300028,0.026962118191516612,0.003969434199783416,15298,5509,Lgals7,0.00018442114916265663,False
981,42616190.0,0.00012103324132338986,0.036139769819648414,0.023701959323453807,0.012437810496194607,15298,5509,Gbp4,0.0001852411387909744,False
251,41435634.5,0.00012436630190567247,0.14190826226486083,0.20854228648922532,-0.06663402422436449,15298,5509,Lcn2,0.00019023592601343075,False
136,42324797.5,0.00012729341482511683,0.005677120894283531,0.0017092718198198319,0.003967849074463699,15298,5509,Rgs1,0.00019460452182598913,False
2243,41567086.0,0.00013316683046741813,0.03953284455024358,0.052511764789760176,-0.012978920239516599,15298,5509,Hap1,0.00020346998956893218,False
341,40791502.5,0.00013369959252912967,0.5977595225406152,0.654807366372008,-0.05704784383139283,15298,5509,Mal,0.00020416995285715782,False
680,41607321.0,0.00013640179836627023,0.03428807382270478,0.049584390668637915,-0.015296316845933133,15298,5509,Ddit4l,0.0002081802000735207,False
2641,41959392.0,0.00013665465039269236,0.0029152167359883167,0.006265789008870689,-0.003350572272882372,15298,5509,Rpl39l,0.00020844978740881966,False
1082,41686900.5,0.00014810994162167175,0.022880643997863992,0.03351627795933013,-0.010635633961466141,15298,5509,Tspan33,0.00022579748625154526,False
171,42838439.5,0.0001488268206184274,0.08164073766818616,0.0685847785756964,0.013055959092489758,15298,5509,Fcgr3,0.00022676398573336987,False
2192,41719655.0,0.00015038274320554554,0.02669940956776123,0.03677390774105587,-0.01007449817329464,15298,5509,Slfn4,0.00022900712843383468,False
2375,41612400.5,0.00015202332611241197,0.03338794068104079,0.044334822798962836,-0.010946882117922045,15298,5509,Gas1,0.00023137662599746617,False
1312,41666710.5,0.00016005535242535673,0.03272263313595632,0.0412693089902989,-0.008546675854342586,15298,5509,Ppp1r14a,0.0002434657335280037,False
1888,40863746.0,0.00016164627219406708,0.4361142194966665,0.47260808177482705,-0.03649386227816054,15298,5509,Amotl1,0.0002457490575045989,False
2092,41561915.0,0.00016237024405314185,0.0509370566667481,0.06916428264038721,-0.018227225973639107,15298,5509,Bcl11a,0.000246712565269635,False
2311,41968440.5,0.0001652693182885527,0.0027570758276819606,0.00637656401717604,-0.003619488189494079,15298,5509,Hist1h2ak,0.0002509781152244262,False
1323,42560079.5,0.00016555753164550183,0.02626737817670605,0.01733945118014295,0.008927926996563099,15298,5509,Lsr,0.0002512762758326568,False
476,42579259.5,0.00016569552716197325,0.031835294140001094,0.025563354797016692,0.006271939342984402,15298,5509,Slc7a3,0.00025134623781918844,False
1358,41984040.0,0.0001662083778453905,0.0023039792264530775,0.006545658704256775,-0.004241679477803698,15298,5509,Gm5734,0.0002519844309352234,False
1729,41098940.5,0.0001858685990600157,0.22092486326794944,0.2397776908368681,-0.01885282756891865,15298,5509,Neto2,0.0002816346916504947,False
976,41391409.5,0.0002028859035310611,0.07989371770926591,0.09593541330079773,-0.016041695591531818,15298,5509,Prkg2,0.0003072496933319225,False
440,41655514.0,0.00020328809872208572,0.02967190755028135,0.040474235853860514,-0.010802328303579165,15298,5509,Cfp,0.00030768840620083254,False
203,42762415.5,0.00021272473352069277,0.09729195755949917,0.07218371743715428,0.025108240122344888,15298,5509,C130074G19Rik,0.0003217932224441896,False
679,42823486.5,0.00022747942445403455,0.14083745854026533,0.10603568806935554,0.03480177047090979,15298,5509,Emcn,0.00034392273404189306,False
1829,41738696.5,0.00022882227527950237,0.020936842442796606,0.03134749628523587,-0.010410653842439267,15298,5509,Ltb4r1,0.0003457618358505188,False
2361,41719931.0,0.00022912299152895733,0.02695194300552996,0.038737117749053855,-0.011785174743523894,15298,5509,Aspn,0.00034602505899044634,False
2373,40892138.5,0.00022959951541311806,0.4190499972017531,0.45252385866189,-0.03347386146013687,15298,5509,Ntrk2,0.0003465533524585419,False
2051,43146615.0,0.00024233595462490063,0.24943412724522987,0.22164022992916024,0.027793897316069627,15298,5509,Stac,0.0003655757506338131,False
1661,43128028.0,0.00024893938849817915,0.1943321681651705,0.1735756028332837,0.0207565653318868,15298,5509,Col4a2,0.000375330334918699,False
2935,41962579.5,0.0002517169033771803,0.004415411388031677,0.009954270090703649,-0.005538858702671972,15298,5509,Ms4a1,0.0003793089425545941,False
1434,42850372.0,0.00025398891004603774,0.09442487476680729,0.0791839447393125,0.015240930027494784,15298,5509,Gpr139,0.000382521844149732,False
2900,42041963.0,0.0002543126526578004,0.0007061493539356349,0.002485577159993376,-0.001779427806057741,15298,5509,Dynap,0.00038279862686796043,False
1430,40879496.0,0.0002593922332078618,0.41662381921895913,0.458118866148041,-0.04149504692908185,15298,5509,Parva,0.00039022978978190434,False
2155,42458765.5,0.0002651709469435063,0.016107292711615945,0.009491245534185157,0.006616047177430789,15298,5509,Alox12,0.00039870398014870247,False
1046,43048082.5,0.0002704118607076056,0.1555916710274526,0.13692873905306524,0.01866293197438737,15298,5509,Elfn1,0.00040636068078862706,False
1694,42842337.0,0.0002762039484709654,0.09929394066475894,0.08430467978560524,0.014989260879153699,15298,5509,Hpgd,0.00041483679245913805,False
1969,42282597.5,0.00027754697650363315,0.004631883163621457,0.0007549252284188912,0.0038769579352025663,15298,5509,Cyp1a1,0.0004166251266396469,False
2488,41980481.0,0.0002802347775630499,0.0035501455919166097,0.007876995812989314,-0.0043268502210727046,15298,5509,Gm40538,0.0004204290272270661,False
2325,41904275.5,0.0002811376289100962,0.008932244600173417,0.02200598876486394,-0.013073744164690523,15298,5509,Hist1h3c,0.0004215523108931541,False
334,42270270.5,0.0002872285187678081,0.002888712283896006,0.0005032834856125942,0.002385428798283412,15298,5509,Duox2,0.00043044931442737266,False
1452,41899484.0,0.0002876419836822502,0.006599959427193022,0.011492664370239169,-0.004892704943046147,15298,5509,Spn,0.0004308328726018369,False
1170,42636833.0,0.0002982710108564867,0.041693203357622485,0.02880618404317419,0.012887019314448297,15298,5509,Fgd5,0.00044650860136425345,False
2302,41756361.0,0.00030386481091703506,0.01891159344261249,0.026299431620469504,-0.007387838177857015,15298,5509,Inhba,0.0004546336202724786,False
2461,43242635.5,0.0003076639248419637,0.26945946050662234,0.247757785375086,0.02170167513153634,15298,5509,Nrcam,0.00046006606585170627,False
1169,43068859.5,0.00031008203514906117,0.1879492049505414,0.15064592428142093,0.037303280669120475,15298,5509,Slc6a6,0.0004634286153730504,False
1124,40942936.0,0.0003106396364586722,0.46643849749336386,0.5244382204405026,-0.05799972294713873,15298,5509,Aqp1,0.00046400841382548795,False
2901,41413413.5,0.0003111435349809612,0.07654582182057966,0.08876884826179786,-0.012223026441218199,15298,5509,Pard6g,0.00046450740620793064,False
2167,42397476.5,0.0003192453064848821,0.010832865629012301,0.006091827056218725,0.004741038572793576,15298,5509,Doc2b,0.0004763425604125218,False
2522,41969574.0,0.0003217616138515317,0.0033222654102215985,0.007601677513056506,-0.004279412102834908,15298,5509,Ighd,0.00047983534017662994,False
2029,41175802.5,0.000321991433784919,0.17374901115950273,0.2043630484033451,-0.030614037243842374,15298,5509,Clstn2,0.0004799163876848793,False
2343,41321409.5,0.0003312582848126978,0.10445782984029711,0.1361798335951837,-0.031722003754886596,15298,5509,Serpinb1b,0.0004934593730733816,False
1743,41935717.0,0.0003411282803094794,0.005458626960592394,0.008698533575484063,-0.0032399066148916687,15298,5509,Ccl17,0.0005078855996986533,False
362,42902160.0,0.00035421138521754054,0.12465470083148478,0.10079667171385302,0.023858029117631754,15298,5509,Thbd,0.0005270773332807254,False
2551,41761661.5,0.00035936462403249076,0.019196324055167382,0.026080926591104656,-0.006884602535937274,15298,5509,Angpt1,0.0005344547290532149,False
1465,41136378.0,0.000361838133779477,0.2077285641073263,0.23831157929181157,-0.03058301518448528,15298,5509,Chst15,0.0005378409216776466,False
2139,41762578.5,0.0003898421288125353,0.019216769295256356,0.026075771485909217,-0.006859002190652861,15298,5509,Shisa6,0.0005789884530817838,False
2204,42609051.0,0.00038994395999146096,0.053018939672814354,0.0436209953114545,0.009397944361359857,15298,5509,Car4,0.0005789884530817838,False
1467,41799825.0,0.00040978109820920846,0.020738110559571168,0.035626166462639566,-0.014888055903068399,15298,5509,Mki67,0.0006081124816072627,False
1403,41679426.5,0.00043997815871327136,0.029997697633001297,0.039537568032836895,-0.009539870399835598,15298,5509,Omp,0.0006525706421262457,False
2656,41946750.5,0.00044038475127514094,0.0073870368149243715,0.013913509322891706,-0.006526472507967334,15298,5509,Iglc2,0.0006528196719444501,False
256,43404941.0,0.0004412455970022276,0.6172783233707066,0.5825407755893061,0.03473754778140059,15298,5509,Gsn,0.0006537414451793567,False
847,42532284.0,0.00044377650003179267,0.02937104486463265,0.020548714439786807,0.008822330424845842,15298,5509,Srarp,0.0006571352071396606,False
2629,42231994.0,0.00046199374167717156,0.0016653514605780221,0.0,0.0016653514605780221,15298,5509,Krt6a,0.0006837407378176754,False
1771,43149510.5,0.000533707696363807,0.2946518550834545,0.2838181760689256,0.010833679014528863,15298,5509,Cyba,0.0007894486476771293,False
904,41878393.0,0.0005475056348357556,0.008788900990199468,0.013515258469004485,-0.004726357478805017,15298,5509,Htra3,0.0008094204925815089,False
2955,42340555.5,0.0005531576392329161,0.007058256827404528,0.0030933014052544655,0.003964955422150062,15298,5509,Pgm5,0.0008173344912490685,False
631,41726092.5,0.0005551523174081563,0.02658290421695726,0.03984107279005905,-0.013258168573101792,15298,5509,AI504432,0.0008198388704704684,False
1639,41708357.5,0.0005648437586569483,0.034273355141900476,0.04551308670664572,-0.011239731564745246,15298,5509,Ndufa4l2,0.0008337008526318152,False
29,41953711.0,0.0005652169268396866,0.004445248791343704,0.008691509981218884,-0.00424626118987518,15298,5509,Il1rl1,0.0008338016693131299,False
2023,40992916.0,0.0005669343586309789,0.35922341232700716,0.397693510131369,-0.038470097804361836,15298,5509,Pcolce2,0.0008358843508656211,False
1129,41972992.5,0.0005739309568138148,0.0034846988426825735,0.007214754742532119,-0.003730055899849546,15298,5509,Tnip3,0.0008457441631927712,False
1426,43414283.5,0.0005812071928136892,0.8545304952718172,0.821048026475033,0.03348246879678418,15298,5509,Nrip3,0.0008560052085866667,False
1083,41638991.0,0.0005888532119356644,0.0380700740445585,0.051970005228257045,-0.013899931183698547,15298,5509,Strip2,0.0008667995342540593,False
2654,41969127.0,0.0005985119780211493,0.006763052639424287,0.011743404714354925,-0.004980352074930638,15298,5509,Iglc1,0.0008805434426508034,False
382,41366764.0,0.0006143495976542742,0.13419316118240984,0.15581978158344265,-0.021626620401032803,15298,5509,Myl9,0.0009033581449378709,False
1260,42049652.0,0.0006304620523233412,0.0008685827863966102,0.002464197048238723,-0.0015956142618421126,15298,5509,Rergl,0.000926552237025437,False
318,43361189.5,0.0006405146250946596,0.7175838226132842,0.7426346718679699,-0.025050849254685703,15298,5509,Cd44,0.0009408203542609528,False
1721,41702025.5,0.0006541148753557957,0.03489273163553448,0.0527093782889837,-0.017816646653449217,15298,5509,1700011L22Rik,0.0009602813655921102,False
1270,42733774.5,0.0006657341160616003,0.06385069286588327,0.04996675120632115,0.013883941659562117,15298,5509,Pthlh,0.0009768148108521872,False
2655,41947930.5,0.0006758141873553505,0.00658640529828379,0.011987542602656115,-0.0054011373043723245,15298,5509,Iglc3,0.0009910733525023503,False
1211,42397081.0,0.0006802255611678936,0.012534059799834579,0.00754945713323226,0.004984602666602319,15298,5509,Clec4n,0.0009970079902434025,False
164,42226485.0,0.0006809051553112103,0.0015824313843939774,0.0,0.0015824313843939774,15298,5509,Lmx1a,0.0009974695231795181,False
2978,41129471.5,0.0006955804052974584,0.2611692586900384,0.31106179690765445,-0.04989253821761608,15298,5509,Lgi1,0.001018422060218709,False
1213,41827487.5,0.0007201233557956677,0.01617015235208618,0.02489161445683376,-0.008721462104747581,15298,5509,Cd163,0.0010537920696100328,False
1143,43415160.5,0.0007326252969267601,1.3735209408443094,1.420362579123625,-0.046841638279315534,15298,5509,Reep1,0.001071513469034593,False
742,42281572.5,0.0007469862564966448,0.004126733328464742,0.001353189317365039,0.002773544011099703,15298,5509,Igfbpl1,0.0010919334107527118,False
2710,41586549.5,0.0007515414638662608,0.05496099675687893,0.06614865040160649,-0.011187653644727555,15298,5509,Col8a1,0.0010980052904242647,False
1550,43074996.0,0.0007660186795604724,0.2594504519469814,0.23844799377918732,0.021002458167794086,15298,5509,Srgn,0.0011185590435653454,False
1066,41095210.0,0.0008063404560873724,0.3297094513767278,0.35455139969260896,-0.024841948315881157,15298,5509,Gng11,0.0011768095770538758,False
337,42616448.0,0.0008187080200131098,0.04749265889352313,0.04304062242206118,0.004452036471461952,15298,5509,AA467197,0.0011942220985257895,False
176,42460946.5,0.0008866567603406855,0.0181694687840278,0.012535226714729394,0.005634242069298405,15298,5509,B930036N10Rik,0.0012926472492173638,False
2814,41019040.5,0.0008936331589964843,0.4126287703996887,0.4877226500935904,-0.07509387969390169,15298,5509,Lbh,0.001302123969022581,False
1360,41995676.0,0.0008996320946208976,0.002728947304469431,0.006184552709470856,-0.003455605405001425,15298,5509,Mrgprb12-ps,0.001310167081356845,False
1896,41015121.0,0.0009120920114019722,0.4589417712510056,0.4892982021782748,-0.030356430927269196,15298,5509,Ldlr,0.0013276059878575806,False
2059,41902541.0,0.0009172479064506959,0.008581001974885835,0.013217598982166482,-0.0046365970072806476,15298,5509,Scn5a,0.0013344005447567303,False
1428,41796398.5,0.0009182471605399975,0.018201917582834067,0.023930010326520992,-0.005728092743686925,15298,5509,Lyve1,0.0013351440638367323,False
1441,41930373.5,0.0009309432504705022,0.00627671663339129,0.01090406528665131,-0.00462734865326002,15298,5509,Plk1,0.0013528851169164844,False
1590,41266392.5,0.0009405222395566548,0.1616530432473895,0.1820261619328759,-0.020373118685486413,15298,5509,Ano4,0.0013660798328133036,False
1062,41018632.0,0.000953715122269838,0.4776817439554008,0.49109313171728913,-0.013411387761888327,15298,5509,Slc7a1,0.001384506825588114,False
409,42436862.0,0.0009544720160155755,0.017208631565973312,0.01067359880655632,0.0065350327594169925,15298,5509,Ptgis,0.0013848705378263124,False
1326,43066644.0,0.0009592002341868199,0.29087637685782564,0.25818301471812494,0.0326933621397007,15298,5509,Fxyd3,0.0013909929164904308,False
908,42412509.0,0.0009853919180970898,0.014573710301656771,0.010230150605088187,0.004343559696568584,15298,5509,Otop1,0.001428217750925035,False
1659,41785091.5,0.0009990246366984176,0.019613159100322033,0.024850453140985405,-0.005237294040663372,15298,5509,2900027M19Rik,0.001447209947759625,False
273,42011350.5,0.001005868352779189,0.002060190963210877,0.005004721635015615,-0.002944530671804738,15298,5509,Gm13582,0.0014562812567996616,False
1002,41500878.0,0.0010063515814813019,0.0731719605533007,0.09002273331413868,-0.016850772760837976,15298,5509,Tbx3,0.0014562812567996616,False
400,42036107.0,0.0010109548105927573,0.0013635823278412686,0.0046364934245770465,-0.003272911096735778,15298,5509,Wfdc10,0.0014621689090276,False
2957,41584043.5,0.0010176901817830954,0.051837948722337095,0.06213491909967156,-0.010296970377334465,15298,5509,Cd274,0.0014711324773661553,False
2678,42895285.0,0.001024561142110379,0.12433534013089183,0.10214362197560535,0.022191718155286477,15298,5509,Heg1,0.0014802824742059623,False
1259,42771042.5,0.0010670882570233669,0.08209666188011483,0.06407424770149968,0.01802241417861515,15298,5509,Eps8,0.0015409115010342706,False
1165,42450441.5,0.001079829019724785,0.018237732541639202,0.012861311630668342,0.005376420910970859,15298,5509,Gata2,0.0015584867382307584,False
2106,43185071.0,0.0011032559390320338,0.36233490519140077,0.33586554385172923,0.026469361339671538,15298,5509,Adam19,0.0015914583297745846,False
1790,41329901.0,0.001119790209761487,0.14785722624956668,0.17300736204237918,-0.0251501357928125,15298,5509,Wnt5a,0.0016144576824974526,False
959,41821959.0,0.0011276235627577051,0.014778795981498113,0.028356562119995585,-0.013577766138497472,15298,5509,Gm42622,0.0016248948599274626,False
825,43008940.0,0.0011476754818325018,0.378345077653685,0.3538737053286168,0.02447137232506824,15298,5509,Cd52,0.0016529186112753515,False
335,41947610.0,0.0011635761771682034,0.005155081094287927,0.009028467322000447,-0.00387338622771252,15298,5509,Duoxa1,0.0016749372866079139,False
2328,41998437.5,0.0012052510044065006,0.0027862487328086717,0.005894660643318099,-0.003108411910509427,15298,5509,Hist1h3b,0.0017340144645196104,False
189,42817582.5,0.0012180072299838515,0.11795413148986958,0.10347297947611228,0.014481152013757298,15298,5509,Mndal,0.0017514457276581671,False
650,41440911.5,0.001225443601590686,0.10166624107302706,0.1108223933764862,-0.009156152303459134,15298,5509,Arhgap29,0.0017612129534159359,False
1763,43293427.0,0.0012472334362459425,0.5528153398394383,0.5377653881604012,0.01504995167903711,15298,5509,Vat1l,0.0017915879454478217,False
239,41033912.0,0.001266633738350443,0.46380221905779995,0.49105086009532994,-0.027248641037529997,15298,5509,Egfl7,0.0018185004065031294,False
1021,41760472.0,0.0012882976746597032,0.024250522804708966,0.03311103858591803,-0.008860515781209066,15298,5509,Mmp17,0.0018486328122740232,False
319,42865690.0,0.0012903657011699673,0.1397709977364315,0.11878737279475421,0.020983624941677298,15298,5509,Lmo2,0.0018506293616674676,False
2859,41625055.0,0.0013061524858351396,0.04836719169764885,0.05765729314236522,-0.00929010144471637,15298,5509,Pcdhb22,0.0018722888096221733,False
2184,41744211.0,0.0013700104543794872,0.046144216680360305,0.06385731809105155,-0.017713101410691247,15298,5509,Ccl11,0.001962796538883131,False
2129,42029748.5,0.001402378520681056,0.0015448209683328218,0.003587124734552118,-0.002042303766219296,15298,5509,Btnl10,0.0020081179340642346,False
2195,41966906.5,0.0014235823234560274,0.004206172916054277,0.007886414474013823,-0.0036802415579595456,15298,5509,1700020L24Rik,0.002037413738698187,False
1805,41940157.0,0.001430276702885798,0.007428001731200564,0.013669340482391407,-0.006241338751190843,15298,5509,Ear2,0.0020459240493685446,False
698,42071350.5,0.0014410962902861103,0.00047960105332119345,0.001635671328240931,-0.0011560702749197375,15298,5509,Gm29771,0.002060323237811036,False
1973,41665327.5,0.0014502076358576005,0.05024133470943162,0.06659299137260491,-0.016351656663173286,15298,5509,Islr,0.0020722663971110434,False
2262,41969227.0,0.0014667322372363784,0.004301896796014783,0.007561172239628625,-0.0032592754436138417,15298,5509,Wnt3,0.0020947846834681433,False
2205,41942302.0,0.0014745930790109015,0.0055055666070546825,0.009344044551027355,-0.0038384779439726725,15298,5509,Prr11,0.00210491235443362,False
1561,41934135.5,0.0014898567386131226,0.011272013583870193,0.020108439136753014,-0.008836425552882821,15298,5509,Vpreb3,0.0021255911215998383,False
1555,41767132.0,0.0015079621288835215,0.02619699960019881,0.03646104672160035,-0.010264047121401543,15298,5509,Cdk1,0.002150300533105543,False
2481,43112217.0,0.0015278395199565427,0.2895811238181032,0.2506854880807505,0.03889563573735272,15298,5509,Pcnx,0.002177509685816125,False
1766,41689494.5,0.0015296365565615378,0.03376062440636658,0.041110739428765246,-0.007350115022398664,15298,5509,Kcng4,0.0021789354073936487,False
2320,42514030.5,0.0015318730806558555,0.026486915059769044,0.022666125788132763,0.003820789271636281,15298,5509,Hist1h1d,0.0021809853594970145,False
2731,42485702.0,0.0015341679631660776,0.025433811122023593,0.018986026674115093,0.0064477844479085,15298,5509,Erg,0.002183116222299283,False
1027,42460879.0,0.001565864102980376,0.025166112216928244,0.017227716194317278,0.007938396022610966,15298,5509,Eln,0.002227061009699079,False
449,41211752.0,0.0015720294957997615,0.23179184756586008,0.2722449180201271,-0.04045307045426705,15298,5509,Rab33a,0.0022346677084263762,False
935,41904579.5,0.0015766015780704751,0.009314988679962527,0.015497194777976887,-0.00618220609801436,15298,5509,Shisa3,0.0022400027615702596,False
1108,42550944.0,0.0015877465092320284,0.03779728362292372,0.028398290858981844,0.009398992763941877,15298,5509,Gimap1,0.002253561620657912,False
2007,41346917.5,0.0015877927762368543,0.15401842537679492,0.1859893526112874,-0.03197092723449249,15298,5509,Htr1b,0.002253561620657912,False
2846,43141246.5,0.0016109739625044875,0.3395210878073448,0.30448429157007756,0.03503679623726724,15298,5509,Fam53c,0.0022852768607104636,False
714,42400617.0,0.0016229144663473308,0.016239862797948434,0.016001667482019286,0.0002381953159291475,15298,5509,Penk,0.002301021806874002,False
803,42048094.0,0.0016262045220099767,0.0010122110108270075,0.0027894392826239207,-0.0017772282717969132,15298,5509,Bmp8a,0.0023044919003612882,False
1225,41941173.0,0.0016970253574335153,0.00625288063433338,0.009887833310067833,-0.003634952675734453,15298,5509,Tspan11,0.0024036066041329177,False
1208,42549768.5,0.0016983304858795897,0.03752100179136819,0.030996773737019877,0.006524228054348314,15298,5509,Clec4a3,0.0024042100822363756,False
2005,41666939.5,0.0016997351120841666,0.040892028663366484,0.05487497324858742,-0.013982944585220938,15298,5509,Col12a1,0.0024049537152354868,False
998,42356552.5,0.0017764348390717044,0.009633111971079534,0.005453057693844693,0.004180054277234841,15298,5509,Gm42853,0.0025121764658020225,False
927,41431608.0,0.0018568729169081523,0.1135904481884535,0.12846914576344506,-0.014878697574991565,15298,5509,Sel1l3,0.002624572314079481,False
872,42716758.0,0.001974047781700783,0.1388407177593137,0.10299340624999594,0.03584731150931776,15298,5509,Abcb1a,0.002788750352764278,False
2879,42676021.0,0.0020008333702294847,0.08287031909946012,0.06606307115784028,0.016807247941619835,15298,5509,Iigp1,0.0028251312687545896,False
1528,43298721.0,0.0020596726403463305,1.1343906703586426,1.0850901674363025,0.04930050292234012,15298,5509,Marcks,0.0029067103567323085,False
232,42255557.0,0.002075098088563289,0.0029075174919265838,0.0009543465914009406,0.0019531709005256434,15298,5509,Gad2,0.0029269691966068057,False
395,42043790.0,0.002112616716535553,0.0011404407471339402,0.0033612096499104067,-0.0022207689027764666,15298,5509,Wfdc12,0.0029783539792395553,False
2752,42239943.0,0.002116925746601311,0.0022996867022984577,0.0007027048485946435,0.0015969818537038142,15298,5509,Tpsg1,0.0029828912503630017,False
60,42583456.5,0.0021389232046163612,0.0445844953828955,0.036024248638907026,0.008560246743988476,15298,5509,Epha4,0.0030123352032058433,False
1799,41948065.5,0.002144332174764953,0.00629108568257057,0.01044980705913171,-0.0041587213765611405,15298,5509,Gdf10,0.00301839860935777,False
2479,43108796.5,0.002158097298263256,0.3353870760358656,0.30653077559532727,0.02885630044053833,15298,5509,Zfp36l1,0.003036211991126546,False
2053,41574032.5,0.0022412800082392188,0.08344858633954276,0.11290593542676035,-0.029457349087217588,15298,5509,Cmtm8,0.0031516199601718574,False
2631,42377130.5,0.0022849411965012744,0.011935393357724994,0.009514113532526156,0.0024212798251988382,15298,5509,Krt79,0.003211363911835039,False
1112,43260651.5,0.002329257759127114,0.7675769521812666,0.7921572724235773,-0.024580320242310605,15298,5509,Tmem176a,0.0032719671141307944,False
1451,41857978.0,0.0023712430626592887,0.013101526521391136,0.01866472128805314,-0.0055631947666620035,15298,5509,Qprt,0.0033292349981381697,False
531,42531729.5,0.002389290131756147,0.038948393525187607,0.029345268890396355,0.009603124634791252,15298,5509,Tnfsf10,0.003352851980683972,False
2147,42380781.5,0.002390710595837248,0.013379789488433155,0.008677765677285164,0.00470202381114799,15298,5509,Alox8,0.0033531248613409602,False
2964,42585441.5,0.0024043467588633987,0.045256282463010424,0.03585030758975577,0.009405974873254654,15298,5509,Fas,0.0033705219812872346,False
2661,41940362.0,0.0024083031236120426,0.006452850714168114,0.010989380884626575,-0.004536530170458461,15298,5509,Crygs,0.003374338649118308,False
761,42340499.5,0.002419873087557316,0.008940737034147146,0.004728972733495397,0.004211764300651749,15298,5509,Tnc,0.0033888135660364873,False
1851,42837364.5,0.002549316395749024,0.1313776556587213,0.12021695861298277,0.011160697045738535,15298,5509,Ptk2b,0.0035682601547459476,False
1209,41876017.5,0.0025809097878792854,0.014176379769304302,0.021121897075600967,-0.006945517306296665,15298,5509,Clec4b1,0.003610633386112453,False
1149,42207203.5,0.0026805486725231817,0.001159245955164518,0.0,0.001159245955164518,15298,5509,Reg3g,0.003748108701099643,False
933,43101630.0,0.0027246891833848366,0.351575272096892,0.3362110458043487,0.015364226292543304,15298,5509,Limch1,0.003806131213265442,False
1728,42004552.5,0.002724828122696064,0.0030101285803887123,0.005968261134896999,-0.0029581325545082865,15298,5509,Klf1,0.003806131213265442,False
1251,41723269.5,0.002757665316570371,0.037546530179239784,0.04669249548737499,-0.009145965308135204,15298,5509,Lockd,0.0038500329968453114,False
481,42074088.5,0.0028277319174073077,0.00047960105332119345,0.0017828723113987326,-0.001303271258077539,15298,5509,1700011M02Rik,0.003945840201076013,False
2441,41898916.5,0.0028385170739534953,0.011620621863475816,0.018384473323757946,-0.00676385146028213,15298,5509,Rrm2,0.003958870064896894,False
1847,42035077.0,0.002846872875383096,0.001648923533510372,0.006056863167476732,-0.00440793963396636,15298,5509,Pnoc,0.003968500160128832,False
1703,41717707.5,0.002902609281002435,0.03900895674302337,0.04579445627303784,-0.00678549953001447,15298,5509,Lpl,0.004043431276708232,False
1808,41304071.0,0.0029035828253948692,0.2071081763085758,0.20906391914977737,-0.001955742841201563,15298,5509,Gnpnat1,0.004043431276708232,False
2638,41874570.0,0.0029291749011373506,0.012403618887841897,0.01670333562854916,-0.004299716740707263,15298,5509,Gm15879,0.004076994073593208,False
1715,41251920.0,0.0029755720040074685,0.24445769355893504,0.2608615272585427,-0.016403833699607684,15298,5509,Large1,0.004139465631210797,False
322,43148069.0,0.0030556656113822534,0.458246402987327,0.4869785531604089,-0.028732150173081894,15298,5509,Bdnf,0.004248726714352041,False
1870,42384551.5,0.003133396397852801,0.017332783835809894,0.011416451563170463,0.005916332272639432,15298,5509,Klhl1,0.004354593063072871,False
2802,41990317.0,0.0031542080717734578,0.0047675209719186505,0.008287758494393123,-0.0035202375224744724,15298,5509,Tspo2,0.004381289525800106,False
2529,42716208.0,0.003176454842547807,0.08959725127540445,0.08174949162674552,0.007847759648658928,15298,5509,Dab2,0.004409951266176778,False
1563,41732948.0,0.0031917359492770383,0.03935375608319832,0.05027067649901788,-0.010916920415819563,15298,5509,Col6a2,0.004428918224897362,False
2768,42895887.0,0.003219409934387889,0.18244875530430932,0.16539721721353712,0.0170515380907722,15298,5509,H2-DMa,0.004465053839021742,False
2318,41922606.5,0.003237014276867009,0.008358598661051219,0.012964305999020924,-0.004605707337969705,15298,5509,Hist1h2bj,0.004487194144567293,False
1724,41929348.0,0.0032412867808686223,0.014119406544723203,0.025680366212623314,-0.011560959667900111,15298,5509,Gypa,0.004490840600646242,False
1651,41996703.0,0.0033185096437817825,0.006429396764997693,0.011257963248397179,-0.004828566483399486,15298,5509,Cd209a,0.004595505759869962,False
1371,41883583.5,0.0033820206929595876,0.015528919919985833,0.023561293137809722,-0.00803237321782389,15298,5509,Gabrg3,0.004681086333625745,False
1005,42001092.0,0.003440745959707504,0.0032337321988672777,0.0052322562191079915,-0.001998524020240714,15298,5509,Dtx1,0.004759959635710685,False
519,41985895.5,0.003478946013866102,0.004130952083931966,0.010415696051272197,-0.006284743967340231,15298,5509,Pmp2,0.004810372774481187,False
732,42064946.0,0.00348530640089392,0.0014429360795293075,0.003134796667914962,-0.0016918605883856545,15298,5509,Gm21541,0.004816732191230354,False
1741,42788976.0,0.003582327054243957,0.12887068009858035,0.11907288454298832,0.009797795555592029,15298,5509,Pllp,0.004948315400685466,False
419,43098810.5,0.003624562739855978,0.34725315998329387,0.32690462740043513,0.020348532582858736,15298,5509,B230312C02Rik,0.005004128770068702,False
1565,42690171.5,0.0036886183156483216,0.08252130836056641,0.06723567624114002,0.015285632119426393,15298,5509,Col18a1,0.005089995506204923,False
1865,42241199.0,0.003767122445765643,0.0025262350029128995,0.0007549252284188912,0.0017713097744940084,15298,5509,AC155167.1,0.005195703423685846,False
2934,41992700.0,0.0038180624570619773,0.003685480958077417,0.007340575613935268,-0.0036550946558578513,15298,5509,4930526L06Rik,0.0052633068649518685,False
2437,41883017.0,0.0039796893403970445,0.013022913912331707,0.019604136747825743,-0.006581222835494036,15298,5509,Atp6v1c2,0.005483350300244794,False
1646,42201694.5,0.003983722342248018,0.001509587833234594,0.0,0.001509587833234594,15298,5509,Olfr810,0.005486143306167337,False
1866,41748040.0,0.003988489476340632,0.032667665767986756,0.04094709600879652,-0.008279430240809765,15298,5509,Pcdh8,0.0054899439948624205,False
2440,41692472.5,0.004064192772701522,0.04373056501239342,0.057268698228000854,-0.013538133215607435,15298,5509,1700030C10Rik_ENSMUSG00000099759,0.005591331606307174,False
1813,43173677.0,0.004323080698136322,0.7008522963400852,0.7163618974351311,-0.015509601095045955,15298,5509,3632451O06Rik,0.005944507646758593,False
2668,41939152.5,0.004333653710102069,0.014088362639349924,0.02775646147189334,-0.013668098832543416,15298,5509,Sst,0.005956051707100079,False
643,42507190.0,0.0043797477427058515,0.034783823313709876,0.026311146726865874,0.008472676586844002,15298,5509,Vcam1,0.0060163787424914635,False
2394,42029436.5,0.004504562495118122,0.0024526531848808033,0.005113241693239544,-0.0026605885083587407,15298,5509,Thbs4,0.006184728124572321,False
1123,42012269.0,0.004522228241699529,0.003885687286944339,0.0077864807877216415,-0.0039007935007773025,15298,5509,Inmt,0.006205867657324742,False
2366,41448890.5,0.004563267399507673,0.14982668680205116,0.16902057139446872,-0.019193884592417554,15298,5509,Diras2,0.0062590453047409655,False
2108,41900114.5,0.004601225698881964,0.013110575215425151,0.019633297499533162,-0.006522722284108011,15298,5509,Itk,0.00630794600824169,False
2732,41899215.0,0.0046235872308405,0.013801231278949529,0.01975924760192099,-0.00595801632297146,15298,5509,Itgb2l,0.006335426390956296,False
1964,41881253.0,0.004639466035088534,0.015242301596051739,0.02441964333616861,-0.009177341740116873,15298,5509,Chrnb4,0.006354000804189855,False
2110,42069824.5,0.004761487345370982,0.0007326538060279452,0.0019609135626261287,-0.0012282597565981836,15298,5509,Timd4,0.006517851796591409,False
2022,41161672.0,0.004813045274888395,0.4573379897869923,0.4929616699210806,-0.03562368013408829,15298,5509,Paqr9,0.00658513197939958,False
1313,41400573.0,0.004842733963515383,0.15022251071189005,0.16774258520465266,-0.017520074492762605,15298,5509,Cox7a1,0.006622438695107286,False
857,42198940.0,0.004861251917187021,0.001174644443287983,0.0,0.001174644443287983,15298,5509,Car6,0.006644439776864819,False
2163,41853024.0,0.004940799086840107,0.020053512581279576,0.026899429940335784,-0.006845917359056208,15298,5509,Atp2a3,0.006749792958295551,False
1454,42673652.5,0.0049693410045608555,0.07743315647049066,0.06582934042688923,0.011603816043601431,15298,5509,Pycard,0.0067853957301417574,False
2628,42245213.5,0.004992119499434492,0.0031031251815974168,0.0010065669712251884,0.0020965582103722284,15298,5509,Krt90,0.006813097221034598,False
2993,42487396.0,0.005013812758724143,0.035335958871980086,0.02845369186102213,0.006882267010957958,15298,5509,Adra2a,0.006839290720753382,False
741,42000107.5,0.005048953195430602,0.0037008794462008825,0.006281583413842485,-0.0025807039676416024,15298,5509,Pax5,0.006883792118396161,False
1420,41111296.5,0.005079831254687,0.6936202692749494,0.7366136486646634,-0.04299337938971404,15298,5509,Cavin3,0.006922440698340282,False
1774,41963783.5,0.005096520177803659,0.006652750927993566,0.010535459119014642,-0.003882708191021076,15298,5509,Sult5a1,0.006941724445365043,False
208,42251918.5,0.005285021301772642,0.003959242952536812,0.0014576300770135348,0.0025016128755232774,15298,5509,Prox1,0.007194889626853248,False
78,42058470.0,0.005289335690667163,0.0009780073146729647,0.0026113980313965247,-0.00163339071672356,15298,5509,Gm17090,0.007197180653718752,False
1624,42899972.0,0.005299024617861071,0.4586654647424479,0.43647917339801123,0.02218629134443667,15298,5509,Lyz2,0.007206778881079079,False
944,41816986.5,0.005311389210117857,0.02439526652480404,0.03150044871080908,-0.007105182186005039,15298,5509,Pdgfra,0.007220004716536948,False
1186,41879102.5,0.0053713758632345674,0.015580614292354968,0.021848882191064286,-0.006268267898709318,15298,5509,Hrh1,0.007297920012889489,False
1618,41811582.0,0.005382179401418804,0.025390147843377717,0.0340472198105486,-0.00865707196717088,15298,5509,Trhde,0.007308967558530501,False
846,42494437.5,0.005404039575446038,0.03120583169164006,0.02457803499616662,0.006627796695473441,15298,5509,Gm13075,0.00733349183695523,False
119,42042913.5,0.005405601295539943,0.0017165188902583482,0.0036584702760495964,-0.0019419513857912483,15298,5509,Fmod,0.00733349183695523,False
2193,42485525.5,0.005453180069722574,0.031799231832468966,0.02608314004589565,0.005716091786573316,15298,5509,AI662270,0.007394371586857333,False
1300,42605698.0,0.005483684768403762,0.05998075238144983,0.05024796339892156,0.009732788982528266,15298,5509,Ltbp4,0.007432050466592809,False
2252,42497329.0,0.005499489154062901,0.041599205375669634,0.030178346005847425,0.01142085936982221,15298,5509,Cd300lg,0.007449778522219928,False
2135,42495030.0,0.0056347996603420825,0.03406354176497252,0.02691456592100746,0.007148975843965059,15298,5509,Grap,0.007629295579720592,False
1348,42067677.0,0.00565805941816852,0.0007514590140585233,0.0020131339424503767,-0.0012616749283918534,15298,5509,Tph1,0.0076569977776798125,False
717,41326561.5,0.00593729252820096,0.23387942790438482,0.26433463888211545,-0.03045521097773063,15298,5509,Clvs1,0.008030907549272812,False
2313,41956342.5,0.005961126811169918,0.009694777125741997,0.017260092038583037,-0.007565314912841041,15298,5509,Hist1h1b,0.008059160567745787,False
2100,41586051.5,0.00598707966506973,0.08431996232640954,0.10012136804914255,-0.015801405722733017,15298,5509,Tenm2,0.008090248460457368,False
693,42402274.5,0.0061955064619860925,0.018710157869324208,0.013508053262770967,0.005202104606553241,15298,5509,Cyr61,0.008367758110386155,False
153,41772817.0,0.006208467739429513,0.032905542652136265,0.041217692320216825,-0.008312149668080561,15298,5509,Prrx1,0.008381125008558598,False
751,42677645.0,0.00632496200343432,0.10280162140696099,0.08320050416119365,0.01960111724576734,15298,5509,Klf4,0.008534174188156322,False
2198,41683837.5,0.006387431747735804,0.07750846229322109,0.10531994306572372,-0.02781148077250263,15298,5509,Ccl6,0.00861421392014666,False
2224,42065500.5,0.006456483776515762,0.0008873879944271882,0.0026327781431511777,-0.0017453901487239896,15298,5509,Calcoco2,0.008699254120948255,False
1203,42211181.0,0.006456850407870186,0.0017636700248855309,0.00032524223438519783,0.001438427790500333,15298,5509,Gdf3,0.008699254120948255,False
817,41584054.0,0.006469545024895903,0.09679331128788647,0.10629656155726024,-0.009503250269373764,15298,5509,Tinagl1,0.008712065801620037,False
2405,41896755.5,0.006503611858429919,0.015446168403346752,0.02119094617172659,-0.0057447777683798384,15298,5509,Foxd1,0.008753631118506805,False
200,41951214.0,0.006516329244754456,0.00819357054424324,0.01405788130385107,-0.005864310759607831,15298,5509,Stum,0.008766434079883638,False
1575,42052081.5,0.006617447680146075,0.0024560260365965383,0.00736785805394323,-0.0049118320173466914,15298,5509,Elane,0.008895373358564993,False
1447,41593693.5,0.006618678166244885,0.09224222749269166,0.12394051284268683,-0.031698285349995164,15298,5509,Nupr1,0.008895373358564993,False
11,41672918.0,0.00662546821403794,0.06366055461975675,0.07400687414300905,-0.010346319523252295,15298,5509,Crispld1,0.008900125523277881,False
1583,41718515.0,0.006649884768363065,0.043889482688640485,0.05246776540587795,-0.008578282717237463,15298,5509,Btbd11,0.008928539441076574,False
2008,41694383.5,0.0066962760383508435,0.05162111958157164,0.06725655622552308,-0.015635436643951443,15298,5509,D430036J16Rik,0.008986415586304985,False
637,41691539.0,0.006713789515551424,0.052205694685509584,0.06141054766772202,-0.009204852982212436,15298,5509,Gstm2,0.00900549991418987,False
2959,41895391.0,0.006751116730538071,0.014030762532994815,0.02140949269638187,-0.007378730163387056,15298,5509,Il33,0.009051129538245894,False
2584,42299912.0,0.007038197209447205,0.007322319304812232,0.004342049962971009,0.0029802693418412227,15298,5509,Il2rb,0.009431391165035819,False
1544,42063404.5,0.007226506596943922,0.0010045117667652752,0.002286155797011327,-0.0012816440302460517,15298,5509,Pla2g12b,0.009678989002273078,False
1666,42888900.5,0.007334522713783153,0.1962469663017959,0.18625001192416019,0.009996954377635703,15298,5509,Sfrp1,0.009818854440625023,False
2489,42045663.0,0.007408018037362048,0.0018977575307499014,0.003931492130610546,-0.0020337345998606444,15298,5509,Dio2,0.009912392041186498,False
2077,41733311.5,0.007462167063039468,0.03983025491774882,0.048901212224294964,-0.009070957306546147,15298,5509,Cabp7,0.009979964262793616,False
149,42806428.5,0.007484761003894586,0.15845469009104804,0.13942168859325282,0.019033001497795216,15298,5509,Ankrd45,0.01000351595894349,False
669,42267331.5,0.007487092200350027,0.0052216470120917185,0.0023597562885902274,0.002861890723501491,15298,5509,Dkk2,0.01000351595894349,False
28,41563126.5,0.007554746844078313,0.09373533425750621,0.10848658234137236,-0.014751248083866145,15298,5509,Creg2,0.01008898077077841,False
257,42689076.0,0.007661749367545831,0.10068681271724907,0.08349509157134319,0.017191721145905878,15298,5509,Stom,0.010226883611633894,False
2950,41905541.0,0.007724796649008134,0.012087532861777234,0.01698541877872623,-0.004897885916948997,15298,5509,Trpm6,0.010306009187823047,False
755,41970148.5,0.00789265626545559,0.006572716708227997,0.00994005368989208,-0.0033673369816640828,15298,5509,Svep1,0.010524824420293045,False
2220,41668350.5,0.008026521404422438,0.06616991635002051,0.0844852985065467,-0.018315382156526186,15298,5509,Nxph3,0.01069811697909131,False
2449,41544669.0,0.008316817834778596,0.11840900042712454,0.15111995196043068,-0.03271095153330614,15298,5509,Alkal2,0.011079637982522874,False
274,41993787.0,0.008453025760885533,0.0046317356262466644,0.007530331971559028,-0.0028985963453123636,15298,5509,Dpp4,0.01125561122493765,False
438,41589238.0,0.008583301422422668,0.08736517599237603,0.1058766707480468,-0.018511494755670765,15298,5509,Ndp,0.011423517951496836,False
1022,42336882.5,0.008768627577808373,0.011202602426642696,0.00799745673015367,0.0032051456964890257,15298,5509,Phkg1,0.011664492424759679,False
590,41205571.5,0.008778781331077245,0.5905930943047608,0.6228275850970498,-0.03223449079228902,15298,5509,S100a4,0.011672322285122152,False
894,41619934.5,0.009025349156849492,0.09882765835145503,0.11137367219645064,-0.01254601384499561,15298,5509,Kcnk3,0.01199432941884517,False
2763,42635760.5,0.009046576432167894,0.08354219184317342,0.06826110112620394,0.015281090716969481,15298,5509,Slc37a1,0.012016700603195332,False
139,43084864.0,0.009151344779214688,0.6807900349336903,0.6279928755247669,0.05279715940892338,15298,5509,1700025G04Rik,0.012149965034539889,False
1519,41786119.0,0.009265228605015146,0.03509685507183535,0.04645682184577224,-0.011359966773936886,15298,5509,Ptprk,0.012295196620434946,False
2072,42268204.0,0.009298477018346216,0.005103420032122051,0.003323767885349456,0.0017796521467725946,15298,5509,Cxcr6,0.01233333396953293,False
2291,42395243.0,0.009315157839620659,0.023348818395368724,0.01618158302368381,0.007167235371684913,15298,5509,Cbr2,0.012349470039438926,False
1899,42279824.5,0.00944710178312718,0.008192795285308146,0.004297239638423627,0.0038955556468845192,15298,5509,Cnn1,0.012518325279482965,False
1401,42714910.0,0.009478813573900027,0.11594454116264655,0.10418222095708753,0.011762320205559021,15298,5509,Prss23,0.012554263982865169,False
2850,42681302.0,0.00966062495740158,0.11093708570425152,0.10485159925455291,0.006085486449698613,15298,5509,Ecscr,0.01278887185793481,False
2033,42441020.5,0.00972348170454439,0.028924673849305076,0.022052362260832053,0.006872311588473023,15298,5509,Slco2a1,0.012865855085596957,False
1988,42050557.5,0.009820753126478704,0.0019526079094388164,0.003979407459315296,-0.0020267995498764796,15298,5509,Aldh1a2,0.012988278433713373,False
969,42303291.5,0.009910690566012846,0.015956382774761784,0.010850455524114896,0.005105927250646888,15298,5509,Cxcl9,0.01310088868924366,False
786,42044163.5,0.01021225645874812,0.0019372094213153518,0.0034921441312185646,-0.0015549347099032128,15298,5509,Skint3,0.013493005514336286,False
2793,41561646.0,0.010305974479447465,0.16318930707390747,0.17494400202123492,-0.011754694947327449,15298,5509,Adgrf5,0.013603690825973291,False
1603,42039983.5,0.010305977108379034,0.0027471842535825883,0.0039218271252522575,-0.0011746428716696692,15298,5509,Epyc,0.013603690825973291,False
130,42429246.5,0.010414759475107522,0.03004302516877682,0.024065947396659557,0.005977077772117263,15298,5509,Nr5a2,0.013740649862237855,False
1113,42337184.0,0.01054875545024253,0.011978278341456174,0.007518412016119317,0.004459866325336857,15298,5509,Gpnmb,0.01391072620849244,False
2905,41217458.0,0.01060955380027094,0.7989688907952245,0.8228556257139474,-0.02388673491872295,15298,5509,Mbp,0.013984158864453505,False
2621,42469735.5,0.010685842211390927,0.03275126659883014,0.02530211995651591,0.00744914664231423,15298,5509,Methig1,0.014077927961538624,False
1180,42196803.0,0.010811056759586116,0.0012840689715643374,0.00012582087140314854,0.001158248100161189,15298,5509,Ssu2,0.014236032853860388,False
1120,42448731.0,0.011216877652451301,0.029481575286025012,0.024919144871702638,0.004562430414322374,15298,5509,Prr15,0.014760739845210981,False
2961,41438396.5,0.011220321074293832,0.21683337195920313,0.21119885936077792,0.0056345125984252065,15298,5509,Sgms1,0.014760739845210981,False
1063,41544202.0,0.011263980295775442,0.14877572149358628,0.1844792006781563,-0.03570347918457001,15298,5509,Alox5ap,0.014811051013916268,False
37,42631860.0,0.011476667021407622,0.11222542524079986,0.09481246086444305,0.01741296437635681,15298,5509,Cavin2,0.015083461943080176,False
797,42004988.5,0.01149944050248254,0.0046893282266573764,0.00814997617225983,-0.003460647945602453,15298,5509,Ermap,0.015106133417045987,False
2333,41935169.0,0.011577336898842723,0.011586620627735852,0.017333733860495776,-0.005747113232759924,15298,5509,Dcdc2a,0.015201160066411352,False
1885,42218525.0,0.011594706355488532,0.002837849128800645,0.0009301078198227008,0.001907741308977944,15298,5509,Mmp12,0.015216661171910333,False
190,42411626.0,0.01160083440538586,0.025313465580703683,0.020964222528299364,0.00434924305240432,15298,5509,Mnda,0.015217401486201595,False
1367,42218504.0,0.01161650650288466,0.002091943609714595,0.000828525719997792,0.001263417889716803,15298,5509,Csrp3,0.01523065449922797,False
1072,41313409.0,0.011866818347338222,0.4083847592230521,0.46755958964664146,-0.05917483042358934,15298,5509,Thsd7a,0.01555138868230476,False
2611,42005598.0,0.011883095025825465,0.004464330228475757,0.006613427144719039,-0.0021490969162432814,15298,5509,Col2a1,0.015565260965341306,False
123,41233666.0,0.011961786920135647,0.6285009725194501,0.6826785047209059,-0.054177532201455714,15298,5509,Cyb5r1,0.01566083639376304,False
977,41807836.5,0.011986698119494878,0.05279646126998846,0.06706477506948304,-0.01426831379949458,15298,5509,Plac8,0.015685942275989708,False
2233,42017344.0,0.012119743628322329,0.003296499225002001,0.006037351726313053,-0.002740852501311052,15298,5509,Cdc6,0.01585246237372624,False
2285,42989586.5,0.012187180749289985,0.4097327558094838,0.4096151390164376,0.00011761679304622685,15298,5509,Nptx1,0.01593304940215493,False
1106,42562671.5,0.012199642627570197,0.07470597820154631,0.060263689117634515,0.014442289083911798,15298,5509,Gimap6,0.015941721254851642,False
2585,41647020.0,0.01266368228178347,0.09733145656635508,0.12566524776670693,-0.028333791200351843,15298,5509,Rac2,0.016540196294497513,False
2074,42491973.5,0.01289757695573775,0.06052606772408721,0.05535246426064614,0.005173603463441069,15298,5509,Ccr2,0.016837648197586038,False
1496,41760552.0,0.012984061052734142,0.04311786325714584,0.04750147835146242,-0.004383615094316583,15298,5509,Ano1,0.01694246516184536,False
2019,41564742.5,0.013115195017461244,0.12328536677237012,0.133284824491406,-0.009999457719035876,15298,5509,Plscr2,0.01710541648676991,False
1676,41813999.0,0.01320043536136547,0.03699247582367629,0.04572422317602413,-0.008731747352347836,15298,5509,Unc5d,0.017208384515412088,False
2315,42049034.5,0.013339969104975589,0.0019626844344634775,0.003670185382445961,-0.0017075009479824836,15298,5509,Hist1h2an,0.017381998809961045,False
10,42393535.0,0.01355473305294408,0.024363892904284715,0.019478815692083176,0.004885077212201539,15298,5509,Pi15,0.017653426142762888,False
1449,42821197.0,0.014082686576589924,0.20081695892576443,0.18197240100343007,0.01884455792233436,15298,5509,Mvp,0.018332293092324342,False
2396,42796773.5,0.014119084152104704,0.18348297499188762,0.16454981342411873,0.01893316156776889,15298,5509,Lhfpl2,0.018369899475591242,False
2330,41982572.5,0.0141250086278495,0.006233189622055295,0.011409645217635763,-0.005176455595580468,15298,5509,Scgn,0.018369899475591242,False
1926,42925842.0,0.01415908984993575,0.3289106564717233,0.29816849405065465,0.03074216242106864,15298,5509,Clmp,0.018405470883828077,False
191,42665289.5,0.014209164414982227,0.12654945012654228,0.11707317572344615,0.009476274403096133,15298,5509,Ifi203,0.01846178844416931,False
617,42843035.0,0.014215925731721347,0.25906541512804365,0.2305287758288274,0.028536639299216265,15298,5509,Txnip,0.01846180288521267,False
1895,42018029.0,0.014249792965921075,0.0038402889151640572,0.0066878361950834485,-0.0028475472799193912,15298,5509,Icam4,0.018497002259987728,False
886,41844923.0,0.014260514983022266,0.028412755796998146,0.03723668595324058,-0.008823930156242436,15298,5509,Cd36,0.018498328542815495,False
2583,41801290.5,0.014269679997314306,0.03554773100868329,0.04715161669471024,-0.011603885686026952,15298,5509,Ncf4,0.018498328542815495,False
2180,42460782.0,0.014271105384036819,0.031638429608741976,0.0257626432186192,0.005875786390122775,15298,5509,Tmem98,0.018498328542815495,False
1216,41897101.0,0.014412324629231912,0.018006763025143466,0.024672451003168804,-0.006665687978025338,15298,5509,Cdca3,0.01867252859353353,False
542,41935801.5,0.014496152457980584,0.012412547264073977,0.017715672252099832,-0.005303124988025855,15298,5509,Ccna2,0.018771704649771317,False
1204,42219157.0,0.014502600338196269,0.002371500814513657,0.000828525719997792,0.001542975094515865,15298,5509,Dppa3,0.018771704649771317,False
520,42260823.0,0.014571021096143352,0.00797452885802238,0.004381184463161652,0.0035933443948607284,15298,5509,Fabp4,0.018846004344716914,False
2739,42401012.5,0.014573783981380721,0.0219294595383579,0.018024138103196568,0.0039053214351613304,15298,5509,Thbs2,0.018846004344716914,False
1648,42301356.5,0.014678417241654921,0.00918469530534464,0.005830520308054139,0.0033541749972905007,15298,5509,Retn,0.018972339865749626,False
691,41988917.0,0.014814658514514398,0.0057775945757473045,0.00849413871927491,-0.002716544143527606,15298,5509,Clca3a1,0.019139391137079298,False
2974,41883384.0,0.014895184524545217,0.019518844543034576,0.02350692882897865,-0.003988084285944073,15298,5509,Kif11,0.019234338845434924,False
2329,42000599.0,0.015221495524394425,0.005224241696438722,0.008391994404998273,-0.0031677527085595507,15298,5509,Hist1h1a,0.019646432401707766,False
659,41983619.0,0.01582461667856428,0.006992130476791476,0.010563440727260651,-0.003571310250469175,15298,5509,Arsj,0.020415248403713823,False
619,42621917.5,0.01593247579566184,0.08636290613826636,0.07124603737147915,0.015116868766787209,15298,5509,Zfp697,0.020544705941129247,False
285,41912604.0,0.015946935114288234,0.014808563518800858,0.021035568069796846,-0.006227004550995988,15298,5509,Spc25,0.02055366047953738,False
1526,42404482.0,0.01597002201729282,0.023510145687515478,0.019291508296196302,0.004218637391319176,15298,5509,Fam26d,0.020573721251670212,False
2407,41678243.5,0.01598917579708278,0.08024426386985152,0.08025313541911283,-8.871549261310618e-06,15298,5509,5330431K02Rik,0.020588698589934746,False
1687,43047417.0,0.01608109543471553,1.296143070285132,1.3645032322189643,-0.06836016193383232,15298,5509,Zdhhc2,0.020697315771269164,False
187,42428592.0,0.016991059024597847,0.030947110761758115,0.027816334767175772,0.0031307759945823424,15298,5509,Ifi207,0.021858206224024044,False
1404,42089377.5,0.01701819853988869,0.0004984062613517713,0.0017306519315744846,-0.0012322456702227131,15298,5509,Mogat2,0.021882826989466652,False
1281,42089395.5,0.017058834782013917,0.0004796010533211934,0.0014245348588625174,-0.000944933805541324,15298,5509,Vmn1r85,0.021924771207146646,False
2804,42416612.5,0.017458950235254872,0.03649801270241727,0.030926825964534856,0.005571186737882417,15298,5509,Slc5a7,0.02242847763899581,False
712,42022947.5,0.01772539895655274,0.003768474802948859,0.006146302386124396,-0.002377827583175537,15298,5509,Depdc1a,0.022760078002897532,False
802,42628198.0,0.01785388523212266,0.11362947862129412,0.09148915204111713,0.02214032658017699,15298,5509,Mfsd2a,0.022914301318561932,False
2487,42078063.5,0.018261999224453825,0.0008155738822119894,0.002086734434029277,-0.0012711605518172877,15298,5509,Gm47684,0.023427095627993062,False
1631,42037218.0,0.018603768939261897,0.004889546893276078,0.009855281053527707,-0.004965734160251629,15298,5509,9230105E05Rik,0.02385434038859882,False
218,41598603.0,0.018794622533256575,0.16415148585900893,0.1839367864978661,-0.019785300638857167,15298,5509,Cd34,0.024087765992716368,False
547,42321590.5,0.018833535249087225,0.011932798673377994,0.008095295993310811,0.0038375026800671827,15298,5509,Slc7a11,0.024126332040399795,False
1983,41953344.0,0.018893356045306283,0.010623111053968851,0.013797945328923726,-0.0031748342749548745,15298,5509,Fbxl22,0.02419163332580182,False
1232,42548555.0,0.019158219567770512,0.07142726255743809,0.06563294478787854,0.005794317769559548,15298,5509,Clec12a,0.024519293644292162,False
536,41324203.5,0.019173253289214473,0.5128629266668608,0.5614158838673828,-0.048552957200521996,15298,5509,Slc7a14,0.02452705694387352,False
367,42530869.5,0.019191405378362607,0.055217139350074156,0.046577972028131076,0.00863916732194308,15298,5509,Tmem74b,0.024538800238345832,False
142,43015103.5,0.019229673186308752,0.9947498114188816,0.9453820454266918,0.04936776599218984,15298,5509,Glul,0.024576241198389925,False
2769,42565525.0,0.019344912111013548,0.07877372561331843,0.07409989878498427,0.004673826828334157,15298,5509,H2-DMb1,0.024711973201131273,False
2991,42607994.5,0.019413233583901915,0.08754422444204643,0.08105400886577925,0.00649021557626718,15298,5509,Sorcs3,0.024787672199800062,False
1767,41815442.5,0.019511714371700496,0.04077026832508111,0.05080540113563571,-0.010035132810554598,15298,5509,Crispld2,0.02490179132365882,False
333,42023106.5,0.0199423975224734,0.003772693558416081,0.007462091434218918,-0.0036893978758028374,15298,5509,Epb42,0.025439578929088033,False
1665,41489946.5,0.02009941324826667,0.20451714892284778,0.22526526659906349,-0.020748117676215705,15298,5509,Gm26909,0.025627923186018343,False
1642,42087270.0,0.020276168852354278,0.0006685389378744791,0.0015503557302656659,-0.0008818167923911867,15298,5509,Tac2,0.025830779815667577,False
1971,42087270.5,0.02027739826846007,0.0007096298425301449,0.0015834509484166834,-0.0008738211058865386,15298,5509,Cyp11a1,0.025830779815667577,False
734,42241199.5,0.0205338290686218,0.004189006722113914,0.0024641970482387233,0.0017248096738751908,15298,5509,Ccl19_ENSMUSG00000071005,0.02614526187275634,False
899,42223723.5,0.020846170322939943,0.002839183868305895,0.0015098504568377823,0.0013293334114681127,15298,5509,4930548H24Rik,0.026530607646924498,False
2475,41660908.5,0.021589315678960094,0.09707476141575372,0.10466541756781719,-0.007590656152063474,15298,5509,Dbpht2,0.02746361785207249,False
2439,42661641.0,0.02200901298865394,0.11208112291215529,0.10356128570826237,0.008519837203892919,15298,5509,CT030170.4,0.02797748421879598,False
1095,42234493.0,0.022013727984953914,0.0035008355976787514,0.0017614921996440794,0.001739343398034672,15298,5509,8030453O22Rik,0.02797748421879598,False
178,42474625.0,0.022191561456817204,0.04295715917705139,0.039214462123377196,0.0037426970536741933,15298,5509,Slamf1,0.02817871268906199,False
1382,41982411.0,0.022192668055663445,0.008974722308948935,0.013017334937630683,-0.004042612628681748,15298,5509,Fam169b,0.02817871268906199,False
94,42040113.5,0.023015936805819603,0.002869907075865428,0.004833618342187239,-0.001963711266321811,15298,5509,Serpinb10,0.029210481282559913,False
1489,42040137.5,0.023049607063946535,0.00504436097417028,0.008157709287559373,-0.0031133483133890926,15298,5509,H19,0.029239645324626053,False
183,42003046.0,0.02321553983757845,0.006082747957810672,0.009619686706794889,-0.0035369387489842165,15298,5509,4933439K11Rik,0.029436486534898963,False
2326,42018359.0,0.023493191111718333,0.004520745852567491,0.007138899300871795,-0.002618153448304304,15298,5509,Hist1h2bb,0.029774734796362206,False
1068,42342583.5,0.023802591973228305,0.015447101555050344,0.011440239141371576,0.004006862413678768,15298,5509,Gm44250,0.030152889785446696,False
1160,41960500.0,0.024720895588454143,0.011295145423407836,0.01540072628805699,-0.004105580864649154,15298,5509,Asprv1,0.03130168955297318,False
1625,41994491.0,0.024871484200842182,0.006613442672124794,0.008650799858747654,-0.0020373571866228596,15298,5509,Lyz1,0.03147779235969614,False
1915,42283124.0,0.025019113231314862,0.007893510291605984,0.00631697507736536,0.001576535214240624,15298,5509,Kirrel3os,0.03164998829215825,False
329,41990522.5,0.02586533638955328,0.008193353140859167,0.012269174559456062,-0.004075821418596895,15298,5509,Knl1,0.03270536062201952,False
2937,42372950.5,0.026258198032499614,0.02498555779437796,0.021554394407361285,0.0034311633870166766,15298,5509,Ms4a4c,0.033184668973991374,False
339,42503399.5,0.02626866849312297,0.05543469054393743,0.04842237235930396,0.007012318184633472,15298,5509,Fbn1,0.033184668973991374,False
96,42080839.0,0.0266794881009204,0.0010002930112980525,0.0020558941659596826,-0.00105560115466163,15298,5509,9330185C12Rik,0.03368808862235332,False
2422,42638562.0,0.027055196296749084,0.12351274933793577,0.11113465178345541,0.012378097554480355,15298,5509,Itga1,0.03414672905934875,False
1710,42417798.0,0.027336791960495727,0.03425876384049642,0.027186779216782902,0.007071984623713518,15298,5509,Ushbp1,0.034486220485219474,False
344,42350945.0,0.027464636690374793,0.02359872085305647,0.017883891084628737,0.005714829768427732,15298,5509,Il1b,0.03463152667043572,False
670,42313979.0,0.028305115139638973,0.013121073898972543,0.00889298144523901,0.004228092453733533,15298,5509,Npnt,0.03567488014143438,False
1029,42034976.0,0.02832438302468581,0.004137174794248272,0.006364848910779674,-0.0022276741165314024,15298,5509,Cldn13,0.03568272112967098,False
2808,41866705.0,0.028574610920789202,0.031635229730341906,0.03752272685524161,-0.005887497124899707,15298,5509,C3,0.03598138161526633,False
2818,41546176.5,0.028742333738799697,0.18963403572302673,0.19733591971407585,-0.007701883991049124,15298,5509,Crim1,0.03617592396484913,False
1987,41981171.0,0.02904048963993876,0.010135161201370604,0.014113165192542252,-0.003978003991171647,15298,5509,Ccnb2,0.03653437864086132,False
1320,42189159.0,0.02981641738367786,0.0014825625176536463,0.0002516417428062971,0.0012309207748473492,15298,5509,Krtdap,0.03749328806637193,False
2146,42065878.5,0.02991905637473902,0.0016200418004551334,0.002789439282623921,-0.0011693974821687877,15298,5509,Alox12b,0.03760506396365405,False
2569,42934408.5,0.03007405145681484,0.735787909181608,0.6971824956310515,0.03860541355055647,15298,5509,Lynx1,0.0377825129694022,False
228,42344082.5,0.03024351405400552,0.018761687584826502,0.014163692836736807,0.0045979947480896954,15298,5509,St8sia6,0.03797796645441006,False
418,42548830.5,0.030626365958000463,0.07527005677754929,0.07059380147868277,0.004676255298866519,15298,5509,Cdh4,0.038441078887164415,False
1750,42293646.0,0.031001005228224958,0.009521772199611488,0.006763486787700425,0.0027582854119110635,15298,5509,Rrad,0.038893462981282226,False
2733,41965321.0,0.032356512452599226,0.011779792210726359,0.015122549328300592,-0.0033427571175742334,15298,5509,Mx1,0.040575452341980234,False
2608,42799494.5,0.03239690610116386,0.31064996519598964,0.26903349579525637,0.04161646940073327,15298,5509,Slc38a1,0.04060748771158714,False
2472,41323781.0,0.03246978645040415,2.074329138348938,2.2370809946475596,-0.16275185629862143,15298,5509,Rtn1,0.04068019511766164,True
1191,42583023.0,0.03288512435689998,0.22041519416630223,0.1796797647507946,0.04073542941550762,15298,5509,Cxcl12,0.041181691902986005,False
2174,42772539.0,0.03315609749135639,0.26188081412374836,0.2467848380102975,0.01509597611345087,15298,5509,Ankrd13b,0.04150202592167493,False
2239,41856361.0,0.03533690947404574,0.03014232502043915,0.03839249317127377,-0.008250168150834621,15298,5509,Krt28,0.04421154959355677,False
32,42359726.5,0.03598486044955766,0.028706184065899514,0.030202664888591964,-0.0014964808226924503,15298,5509,1500015O10Rik,0.045001643040484776,False
604,42536959.5,0.03614619854351789,0.07492386209537948,0.06411344460048148,0.010810417494898,15298,5509,Gm37913,0.04518274817939736,False
1122,42030300.0,0.03617315099680192,0.00411636563136861,0.00648760627331589,-0.00237124064194728,15298,5509,Crhr2,0.04519235020054779,False
984,41646677.0,0.036186927582888356,0.12257228755754492,0.13092858656718714,-0.008356299009642229,15298,5509,Gm42517,0.04519235020054779,False
708,42241986.5,0.03631671211790175,0.004844800681929333,0.0031574417405184248,0.0016873589414109083,15298,5509,Slc44a5,0.045333732379032994,False
2114,42283822.0,0.03719632617183951,0.009706565097384948,0.006552350318322013,0.0031542147790629346,15298,5509,Flt4,0.04641056208028333,False
2684,42281069.0,0.0375607534633588,0.01573363187718261,0.014701592809838645,0.001032039067343964,15298,5509,Gm5483,0.04684389453820625,False
2630,42083578.0,0.03766917163500377,0.0008873879944271882,0.0020345140542050296,-0.0011471260597778416,15298,5509,Krt71,0.04695769572549468,False
1809,42038103.0,0.03768750361821926,0.0036436517865490394,0.006113207167973377,-0.002469555381424338,15298,5509,Bmp4,0.046959144599466825,False
2295,42392708.5,0.037833332187064535,0.036269874819077744,0.03004741152453927,0.0062224632945384745,15298,5509,Akr1c14,0.04711938230037409,False
59,41921865.5,0.03799054659508014,0.02014858504823704,0.02482288123082609,-0.0046742961825890494,15298,5509,Des,0.047293648128149374,False
1481,42501334.0,0.03918834183868829,0.06959079437290654,0.06059784697108983,0.008992947401816706,15298,5509,Irf7,0.04876256366188011,False
735,41972361.5,0.039772078320894695,0.014960730401475058,0.01937586974836969,-0.004415139346894631,15298,5509,Ccl21a_ENSMUSG00000094686,0.049466409371371985,False
117,41580432.5,0.040247733774860725,0.2573874030947288,0.2768387333789038,-0.019451330284175006,15298,5509,Atp2b4,0.05003525085192913,False
1067,42812314.0,0.04032660069931012,0.4189165869651555,0.4125419136104277,0.0063746733547278,15298,5509,Col1a2,0.05011051926970158,False
1696,42036957.0,0.04144563096458013,0.0039366922362798745,0.005232256219107991,-0.0012955639828281162,15298,5509,Gm45650,0.05147765698825007,False
2891,41406672.0,0.041596406980983235,0.6219843088150733,0.6752632533991785,-0.0532789445841052,15298,5509,Onecut2,0.05164147666499735,False
1299,41928612.0,0.04187226778608679,0.01902947042479328,0.023465182013298207,-0.004435711588504927,15298,5509,Mia,0.05196036860024836,False
377,41979677.0,0.04233065317625432,0.010687299690809716,0.014752496769368012,-0.004065197078558297,15298,5509,Foxs1,0.052505367998664655,False
1053,41925407.0,0.04292688127888212,0.01827112029955502,0.022669546662408082,-0.0043984263628530605,15298,5509,Gm43398,0.05322077076053608,False
466,42637356.0,0.043526301074901796,0.15184772007550734,0.14198336236560596,0.009864357709901378,15298,5509,Bgn,0.053939480489287005,False
1834,42193089.0,0.043620109787577424,0.0017460642637544298,0.0009235063233313457,0.0008225579404230842,15298,5509,Gzmb,0.05403125012184069,False
2194,42054770.5,0.04524500920304581,0.0031495380493518875,0.005699790675789327,-0.0025502526264374395,15298,5509,Slfn14,0.05601860578104585,False
2476,42612841.5,0.046022616492932336,0.13637972879774454,0.12742465043126586,0.008955078366478686,15298,5509,Rhoj,0.05695559099917192,False
2307,42092760.5,0.046905515605098494,0.0007326538060279453,0.001657051439995584,-0.0009243976339676386,15298,5509,A530099J19Rik,0.05802197430119601,False
2595,42056964.0,0.04704525570526972,0.0031951139566979625,0.00547776856230078,-0.0022826546056028173,15298,5509,Efcab6,0.058168523668134124,False
2652,42246034.5,0.04742044277913188,0.006051807346867065,0.0035443645110428113,0.0025074428358242535,15298,5509,Tbx1,0.05860592453724613,False
2625,42370661.0,0.04846959238383106,0.027115941553120054,0.027683478931713173,-0.0005675373785931186,15298,5509,6030408B16Rik,0.05987549013991778,False
221,42210664.0,0.04855210567467648,0.002956090237259907,0.0012582087140314852,0.0016978815232284216,15298,5509,Gata3,0.059950342672794664,False
2791,42187014.0,0.04879309831471,0.0012310600673797168,0.0003774626142094456,0.0008535974531702713,15298,5509,Esp8,0.06022072377740607,False
2648,42032254.0,0.04919923728803659,0.0044539037056622235,0.006386024173490981,-0.0019321204678287573,15298,5509,Vpreb1,0.060694593587180906,False
2827,41640245.5,0.04937941875194936,0.13740315607489295,0.16169678673506108,-0.024293630660168125,15298,5509,Gm20939,0.06088940950702502,False
2157,42322500.5,0.05032242928553487,0.018932992317021894,0.013850165708747975,0.0050828266082739194,15298,5509,Zmynd15,0.06202426502746187,False
159,42088494.0,0.05095764982734993,0.0009138924465194986,0.001801997473071963,-0.0008881050265524644,15298,5509,Mael,0.06277890643144238,False
2265,41956330.0,0.05144739256374353,0.0173682977396132,0.026621764190868032,-0.009253466451254834,15298,5509,Cd79b,0.06335372294544735,False
2643,42190374.0,0.05170142230336477,0.0015029180281170467,0.0005768839771914949,0.0009260340509255518,15298,5509,Gm26822,0.06363788928879507,False
2443,42063365.5,0.052166443722048914,0.0022313530786777693,0.0037129456059552665,-0.0014815925272774972,15298,5509,AC163354.1,0.0641813871254178,False
2351,42200515.0,0.052715191689316696,0.002219435079148814,0.0008807460998220397,0.0013386889793267742,15298,5509,Dsp,0.0648273602833998,False
2667,41711799.5,0.0531526892317962,0.10571297652275603,0.11725895317988849,-0.011545976657132459,15298,5509,Rtp4,0.06533600226919668,False
2255,42009262.5,0.05333673170426406,0.013080641731493163,0.01909680777469495,-0.0060161660432017875,15298,5509,Slc4a1,0.06553277682442148,False
1080,41820664.5,0.05345010855501623,0.05117885271521013,0.057893744189941886,-0.0067148914747317545,15298,5509,Grm8,0.06564258953658257,False
2533,42266945.5,0.0536606739205655,0.009724184943741573,0.007596768752194845,0.002127416191546728,15298,5509,Il7r,0.06587160824629562,False
2470,41996709.0,0.05507055537947193,0.009462314796371512,0.011962852637700744,-0.0025005378413292326,15298,5509,Mis18bp1,0.06757199145933411,False
1091,42059808.5,0.056824843119332204,0.00270406692349734,0.004069028108410058,-0.0013649611849127184,15298,5509,Fam180a,0.06969324929658008,False
414,42071924.0,0.059241911306623686,0.0016764574245468672,0.0032191222766576144,-0.0015426648521107472,15298,5509,Cbln4,0.07262511314370945,False
1212,41948568.5,0.05927364802085447,0.020398684733452944,0.02780579642236118,-0.007407111688908237,15298,5509,Clec4d,0.07263146386067965,False
1319,42215869.5,0.06006655117580425,0.003856886850186999,0.0020345140542050296,0.0018223727959819692,15298,5509,Dmkn,0.07357009290901237,False
2689,42099793.0,0.0602864122954406,0.0008044679182431442,0.0017828723113987326,-0.0009784043931555884,15298,5509,Stfa3,0.0738063283921352,False
2182,42454922.0,0.061191574093953004,0.06322153074224816,0.057997881845600806,0.005223648896647358,15298,5509,Ccl2,0.07488096427157113,False
2662,42187631.5,0.061381793594691536,0.0014122987078712698,0.0005032834856125942,0.0009090152222586757,15298,5509,Kng2,0.07508014556416877,False
2854,41695141.5,0.061815936237835864,0.12546691712752192,0.13720469163319407,-0.01173777450567215,15298,5509,Hbegf,0.0755773739876983,False
1516,42336348.0,0.06534184798901085,0.028322439009242716,0.023319025733930965,0.005003413275311751,15298,5509,Ctgf,0.07985252647450611,False
788,42047128.0,0.06658322486947704,0.00487404735574344,0.007651923409901348,-0.0027778760541579076,15298,5509,Pdzk1ip1,0.0813332380607502,False
2722,42023134.5,0.06666156435089703,0.006894697716731473,0.010985280682550422,-0.00409058296581895,15298,5509,Map3k7cl,0.08139257968736757,False
2081,42000851.5,0.06703575073632807,0.009545161103868159,0.011608820236284028,-0.002063659132415869,15298,5509,Myo1g,0.08181293095218976,False
822,42382690.5,0.06747202163123367,0.03343758130579101,0.0283240758202729,0.005113505485518113,15298,5509,Sfn,0.08230864369376632,False
2819,41911814.5,0.06805886030849685,0.02876822687812822,0.036321377652181894,-0.007553150774053673,15298,5509,Vit,0.08298750911446227,False
1564,41895907.5,0.0686388440203641,0.04195494247652011,0.04664031661727209,-0.004685374140751979,15298,5509,Col6a1,0.08365741461483771,False
201,42351053.0,0.06901098363137233,0.027787127343944583,0.024613836357776184,0.003173290986168399,15298,5509,Cnih3,0.08407351457986784,False
1798,41994147.5,0.06908028034481425,0.010489872997215084,0.015044661862296383,-0.004554788865081299,15298,5509,3425401B19Rik,0.08412046604767008,False
1090,41963407.5,0.06934597429032159,0.018655676334072276,0.022601586592169993,-0.003945910258097717,15298,5509,Gm13861,0.08440642620562062,False
870,42377031.5,0.06942600697538434,0.04027196512097625,0.033089054764421214,0.007182910356555036,15298,5509,Steap4,0.0844662495897136,False
1963,42315148.5,0.06995851687893323,0.020006082341795017,0.019322172629304614,0.0006839097124904034,15298,5509,Chrna3,0.08507627552862712,False
2340,42194977.0,0.07158340325842556,0.002157697491958276,0.0009543465914009406,0.0012033509005573353,15298,5509,Mylk4,0.08701360351635284,False
2766,42014585.5,0.07197558873169091,0.007155519579509238,0.009206303724184496,-0.002050784144675258,15298,5509,Col11a2,0.08745145943188566,False
1187,42023309.5,0.07210161670895208,0.007613979460065535,0.009083209899740615,-0.0014692304396750804,15298,5509,Timp4,0.08756568459102307,False
484,42040350.5,0.0722432573065418,0.005038784300479947,0.0075616443365064704,-0.002522860036026524,15298,5509,Gpr174,0.08769876108894444,False
327,41945909.0,0.07278972148051874,0.023698907552686235,0.027037129271888206,-0.003338221719201971,15298,5509,Thbs1,0.08832293178758596,False
1853,42240050.0,0.07310866427913915,0.006052763017123852,0.004121248488234307,0.0019315145288895446,15298,5509,Adra1a,0.08867059725208229,False
2772,42574930.0,0.07413462842018731,0.2895329599741685,0.25699747768102654,0.03253548229314196,15298,5509,H2-Eb1,0.08987509252181396,False
459,41472496.0,0.07492659139674737,1.0320336789764466,1.1337444962833183,-0.1017108173068717,15298,5509,Ids,0.09079496121847765,False
2897,42766699.5,0.0761663445625517,0.5879763966270342,0.548750699822417,0.03922569680461718,15298,5509,Tcf4,0.092256400521957,False
411,41985320.5,0.07634207495364628,0.013425220312672223,0.016366787985854295,-0.0029415676731820717,15298,5509,Kcng1,0.09242832005233403,False
995,42538776.0,0.07682921809238613,0.1193448826150966,0.11073268499169717,0.008612197623399431,15298,5509,Cit,0.09297695198348499,False
2052,42532741.0,0.07701838327874828,0.11066295880697578,0.104700133353974,0.00596282545300178,15298,5509,Cmtm7,0.09316465204218335,False
2292,42037398.5,0.0771797170953683,0.005552806453339259,0.007888710919385677,-0.0023359044660464182,15298,5509,Cd7,0.09331853503794532,False
2115,42198950.0,0.07725978737836371,0.0027144346205934724,0.0015312305685924355,0.001183204052001037,15298,5509,Scgb3a1,0.09337406914707236,False
1243,42175388.5,0.0780538416585157,0.0013122124377468634,0.0002516417428062971,0.0010605706949405663,15298,5509,Klra8,0.09428642490129192,False
1981,41999051.0,0.07810709839196371,0.017767268346694415,0.0239481401321482,-0.006180871785453783,15298,5509,Pclaf,0.09428642490129192,False
2337,42175380.5,0.07811811291639031,0.0009138924465194985,0.0002516417428062971,0.0006622507037132014,15298,5509,Gm47259,0.09428642490129192,False
177,42004885.5,0.07864824226930678,0.01008096037789701,0.014436315830598942,-0.0043553554527019315,15298,5509,Slamf7,0.09488440344356155,False
1317,41505361.0,0.0790539097209981,0.6469488128402539,0.6835857532937117,-0.03663694045345789,15298,5509,Aplp1,0.09533176502951049,False
1482,42335538.5,0.08033954911652612,0.026299060957200485,0.021359117568552355,0.00493994338864813,15298,5509,Eps8l2,0.09683943007214585,False
1841,42178747.5,0.08409326132413882,0.001042122182826431,0.0003774626142094456,0.0006646595686169855,15298,5509,Gm4131,0.10131941397423773,False
2362,42641141.5,0.08568855122640605,0.3678261749105253,0.34379586323930694,0.024030311671218385,15298,5509,Ogn,0.10319603152981971,False
1548,42277997.5,0.0860479948088308,0.013341838198716944,0.011038742604627236,0.0023030955940897078,15298,5509,Col13a1,0.10358330361010222,False
2230,41760209.0,0.0864986430793467,0.10054286616309695,0.10934541834031224,-0.00880255217721529,15298,5509,Pcgf2,0.10407997748438769,False
668,42427021.5,0.08708025343149692,0.07737642393099999,0.06848684354135233,0.008889580389647656,15298,5509,Lef1,0.1047337260928514,False
110,42024711.0,0.08747599490135506,0.008436053139439782,0.011777647675530266,-0.0033415945360904843,15298,5509,Ctse,0.10516344881547521,False
458,42196203.5,0.08876050114687993,0.002275850703240548,0.0012059883342072377,0.0010698623690333104,15298,5509,Fmr1nb,0.1066607955345855,False
172,41512335.0,0.08897066236940245,1.1382021713103778,1.133981260374348,0.004220910936029831,15298,5509,Mpz,0.10686638628911536,False
68,42065761.5,0.08936846049477161,0.002805792207711962,0.004911565380176072,-0.00210577317246411,15298,5509,Nppc,0.10729707614275696,False
2310,42058106.0,0.09023566242274272,0.0036855547267648147,0.006438449402358575,-0.0027528946755937603,15298,5509,Hist1h2bm,0.10829071378946967,False
157,42091825.5,0.09095591510740057,0.0013328591202817358,0.0028579261642978126,-0.0015250670440160768,15298,5509,Dpt,0.10910720518365814,False
1101,42094046.0,0.09273620147344587,0.001137034027226827,0.001635671328240931,-0.000498637301014104,15298,5509,Gm37527,0.11119399869788446,False
2400,41856917.0,0.09327315469112209,0.05362100635103739,0.0644752955791151,-0.010854289228077713,15298,5509,F2r,0.11178881598607314,False
2144,42032308.5,0.09397526917108018,0.007683320052049911,0.01048118863815232,-0.002797868586102409,15298,5509,Aurkb,0.11258097292286652,False
1923,41797368.0,0.09543732552679354,0.08739249364924946,0.09453101701143728,-0.007138523362187815,15298,5509,Olfr920,0.11428243665314376,False
1956,42081710.5,0.09576650569435856,0.0018089796850084192,0.003302387773594803,-0.001493408088586384,15298,5509,Pou2af1,0.11462643022935258,False
1584,42217354.0,0.0967828602976763,0.004325673969355293,0.003035967415525208,0.0012897065538300845,15298,5509,Bpifc,0.1157922672415331,False
1287,41734137.0,0.09779365684108234,0.14806001743013555,0.1709164818416421,-0.022856464411506544,15298,5509,Ptgir,0.11695043789259299,False
687,42423770.0,0.09867744812535381,0.06115905458227589,0.054277562040523746,0.006881492541752146,15298,5509,Gbp3,0.11795577824424944,False
156,42186130.0,0.09941517933852698,0.0019364711544426387,0.0007549252284188912,0.0011815459260237477,15298,5509,Selp,0.11878572105324214,False
743,42048187.0,0.10168486414868262,0.008892526339286994,0.015028332196559023,-0.006135805857272029,15298,5509,Hemgn,0.12144458665792444,False
2640,41583913.0,0.10181131957150903,0.49624699898826,0.5840253534933411,-0.08777835450508104,15298,5509,Carhsp1,0.12154253995114674,False
2032,42072262.0,0.10246276951964793,0.0025212042118855677,0.003929237180529124,-0.0014080329686435565,15298,5509,Gm37962,0.12226687375053974,False
1351,42072339.5,0.10286620055432974,0.002443314926728856,0.0034707640194639113,-0.0010274490927350555,15298,5509,Saa2,0.12269474858966063,False
488,41688868.5,0.10426065504960828,0.23925829489434652,0.2508682846637547,-0.011609989769408191,15298,5509,Drp2,0.1243037888233124,False
613,41663124.0,0.10492744791893771,0.22319679861950753,0.23245735676087928,-0.00926055814137175,15298,5509,Plekho1,0.12504425710601072,False
1318,42254350.0,0.1050289779523141,0.009530296287702453,0.006941528038927822,0.002588768248774631,15298,5509,Nphs1,0.12511073810957277,False
1065,42419956.0,0.10634375380104273,0.05958581639031113,0.06291584304211462,-0.003330026651803486,15298,5509,Gm5,0.12662175300211226,False
2471,42372929.5,0.10671850729992619,0.04136356976170722,0.04098207073492639,0.000381499026780828,15298,5509,Gm10457,0.12701267078559533,False
2158,42190095.5,0.1068338755074625,0.0019925956064629005,0.0010065669712251881,0.0009860286352377124,15298,5509,Tm4sf5,0.12709467138447583,False
2762,42209905.0,0.10703402128194138,0.004101040911932543,0.0029654304328132416,0.001135610479119301,15298,5509,1700097N02Rik,0.12727741226352596,False
125,41998059.0,0.10845784319392857,0.016756666182603352,0.021997529565518,-0.005240863382914646,15298,5509,Lmod1,0.12891447246214455,False
222,42090319.0,0.11025626606364883,0.0013481838397178035,0.00232666107043921,-0.0009784772307214063,15298,5509,Itih2,0.13099517275589903,False
2708,42067107.0,0.11053083657258535,0.0031494642806644906,0.004425110610864851,-0.0012756463302003606,15298,5509,Tmem30c,0.13126436735823746,False
1100,42057885.0,0.11148909984214075,0.005569917724240335,0.008592429175809178,-0.0030225114515688434,15298,5509,Kel,0.13234491669629123,False
1867,42235618.0,0.11165025043984476,0.008259569060874085,0.008342325976140801,-8.275691526671639e-05,15298,5509,Olfm4,0.13247871364554248,False
223,41613437.0,0.11227848330767609,0.42579090302739525,0.4421440800648412,-0.016353177037445932,15298,5509,Itih5,0.1331663711389827,False
1030,42092459.5,0.1136661822582867,0.0012310600673797166,0.0020345140542050296,-0.0008034539868253131,15298,5509,Cldn3,0.13475379647872307,False
888,42457937.5,0.11443991646406247,0.09089304091016721,0.08507391422600023,0.005819126684166981,15298,5509,Reln,0.1355926072540358,False
1059,41816629.5,0.11447288122470518,0.09060368467748174,0.09451930190504093,-0.00391561722755919,15298,5509,Rasl11a,0.1355926072540358,False
2511,42069014.0,0.11454447831576244,0.0038334904183198273,0.00663689647092256,-0.002803406052602733,15298,5509,Dlk1,0.13561867887169274,False
1413,42005208.5,0.1153627226171977,0.01445357463611043,0.019068937187523543,-0.004615362551413113,15298,5509,Olfr558,0.13652836276851393,False
2830,42537004.5,0.11701226540196376,0.19326405585096423,0.16694110458187,0.02632295126909423,15298,5509,Jcad,0.13842065132974518,False
1239,42179958.0,0.11967630639265167,0.0017706310020745505,0.0010353571382567073,0.0007352738638178433,15298,5509,Klrc1,0.14151089406999667,False
169,42071329.0,0.12095432537923911,0.003047738996449868,0.004569452934199067,-0.001521713937749199,15298,5509,Fcrla,0.14296027653942045,False
2578,42349726.5,0.12149986971262045,0.05119202852577966,0.04471987323676891,0.006472155289010753,15298,5509,Gpihbp1,0.14354304261944575,False
757,42212392.0,0.12301842803365573,0.004040258994998791,0.003069062633676226,0.0009711963613225653,15298,5509,Mup3,0.14527435262178257,False
2225,41729823.5,0.12308327093451739,0.16686263857446743,0.16837785952320808,-0.0015152209487406532,15298,5509,Hoxb9,0.14528819421920805,False
76,41917620.5,0.12389992275535959,0.03847728673873315,0.04272709158367747,-0.004249804844944319,15298,5509,Col6a3,0.14618908055906318,False
1652,42103169.5,0.12518940490810956,0.0008378595788370773,0.0014981353504414181,-0.0006602757716043408,15298,5509,Cd209d,0.14764684019994812,False
2792,42069805.5,0.12666779536926698,0.0038137844630717465,0.005500369312807278,-0.0016865848497355316,15298,5509,Rhag,0.1493260432478212,False
1370,42258126.0,0.12723333096197614,0.0137805338288902,0.012439761433309628,0.0013407723955805723,15298,5509,Siglech,0.14987896766567183,False
2515,41900553.5,0.12724642154284824,0.049951312536495464,0.05308170739964136,-0.0031303948631458967,15298,5509,Tnfaip2,0.14987896766567183,False
53,42574651.0,0.1291318403727809,0.28359037929330283,0.27045179441512623,0.013138584878176596,15298,5509,Igfbp5,0.1520342588977855,False
1818,41988828.5,0.12940261013137924,0.017728526431360057,0.02366569977468998,-0.005937173343329924,15298,5509,Rnase6,0.15228749514170492,False
1700,42502490.0,0.12998873213557785,0.19404580482626224,0.19571337775472517,-0.0016675729284629237,15298,5509,Npy1r,0.15291147629712062,False
1912,41820646.0,0.13058090008454357,0.11551960967294339,0.1154044410756957,0.00011516859724769457,15298,5509,Fli1,0.15354202997903124,False
504,42375836.5,0.13223625763547361,0.059138189705133445,0.05072150301487429,0.008416686690259155,15298,5509,Kctd12b,0.15539082254996006,False
2759,41891345.5,0.13226685005349434,0.06890738972558876,0.08173200440095785,-0.012824614675369092,15298,5509,Cpne5,0.15539082254996006,False
2409,42012726.0,0.13456173178556036,0.012658871385945781,0.016081242466111468,-0.003422371080165687,15298,5509,Naip1,0.15801903668248501,False
511,42021985.5,0.13652020161075523,0.01105058900735293,0.01377677006621242,-0.0027261810588594896,15298,5509,Ace2,0.16025010789931998,False
572,42250575.0,0.13774171617179126,0.01015794891583622,0.00863908475235129,0.0015188641634849287,15298,5509,Lrat,0.1616145833246886,False
1228,42087255.5,0.13991573260031243,0.001914185457817551,0.0030102407573606234,-0.0010960552995430725,15298,5509,Klrb1f,0.1640949951380165,False
2175,41811129.5,0.14044479158024611,0.1117902147448129,0.11911257754723582,-0.007322362802422919,15298,5509,Sez6,0.16464487997084146,False
907,42173869.0,0.14328355168299553,0.0016550724751392821,0.0005032834856125942,0.001151788989526688,15298,5509,Cytl1,0.16790081998842876,False
131,41805119.5,0.14343717788121627,0.14457859013291965,0.16794231643440677,-0.023363726301487114,15298,5509,Ptprc,0.16800885717564304,False
1752,41581510.0,0.14478586652781086,2.845606558859562,3.016761566488853,-0.17115500762929114,15298,5509,Tppp3,0.16951598670957307,False
132,42055555.5,0.145938904559909,0.006209283756988104,0.007903489534648978,-0.001694205777660874,15298,5509,Aspm,0.17079285578577283,False
1939,42089399.0,0.14627511573374755,0.0017559707808237986,0.0026849985229754256,-0.0009290277421516271,15298,5509,Mpzl2,0.17111310587331033,False
1398,42018750.5,0.14645331900174063,0.011713753826277233,0.01532180733752973,-0.003608053511252497,15298,5509,Grm5,0.17124832298835427,False
2306,41938321.5,0.14831974219562094,0.03930682619751344,0.047070759664437765,-0.007763933466924326,15298,5509,Sfrp4,0.17335662175428346,False
1362,42091430.0,0.15191707337753851,0.0019319612269039443,0.004007389067561304,-0.0020754278406573596,15298,5509,Mrgprb4,0.17748534629968724,False
1677,42091560.0,0.1530551606636697,0.001634628253018489,0.002464197048238723,-0.000829568795220234,15298,5509,Svet1,0.17873862699194562,False
2339,42250255.5,0.15418729095469405,0.014216320070899601,0.010294086091308798,0.003922233979590803,15298,5509,Foxq1,0.17998388423435263,False
965,42213804.0,0.15877841299560558,0.005546543926934656,0.004256734364995744,0.0012898095619389115,15298,5509,Cxcl1,0.18526406123847322,False
1226,42084234.5,0.16113160303583718,0.002952974689424266,0.0042045139851714965,-0.0012515392957472304,15298,5509,Klrb1c,0.18792960951088047,False
2191,41878852.0,0.16123138230241763,0.07330752406088445,0.0830634864270084,-0.009755962366123958,15298,5509,Slfn2,0.18796582719399496,False
1110,42063284.0,0.1640576473087645,0.00536711671102641,0.007307480395784251,-0.0019403636847578403,15298,5509,Gimap3,0.19117923535980866,False
1723,42044376.5,0.1643496910804495,0.007753130209416026,0.009909213421822488,-0.0021560832124064627,15298,5509,Hhip,0.1914374530570325,False
478,41722378.0,0.16441922385044583,0.253456596617947,0.25625026510987203,-0.0027936684919250276,15298,5509,Zmym3,0.1914374530570325,False
793,42032635.5,0.16514237976935964,0.010401914602393205,0.012798788412975402,-0.0023968738105821976,15298,5509,Cdc20,0.19219762071029728,False
2200,42216609.5,0.1664874172065014,0.008705568515082184,0.0058001521368623915,0.0029054163782197924,15298,5509,Ccl4,0.19368059806881385,False
1026,41896973.5,0.1667425492364606,0.0684648885664078,0.07783617525536635,-0.00937128668895855,15298,5509,Ncf1,0.19389492864018695,False
901,42041626.0,0.1686760982943225,0.00829078590091917,0.01070464392366926,-0.0024138580227500914,15298,5509,Spon2,0.19605362721079633,False
2013,42217191.0,0.1687835199325145,0.006959014027330842,0.005124956799635908,0.0018340572276949341,15298,5509,Bcl2a1a,0.19605362721079633,False
690,42108065.5,0.16881400076103303,0.0007061493539356349,0.0012059883342072377,-0.0004998389802716028,15298,5509,4930519L02Rik,0.19605362721079633,False
84,42426762.0,0.17057618789521478,0.1041187994670503,0.09700310943109823,0.007115690035952069,15298,5509,St8sia4,0.1980160755065418,False
2244,41627578.0,0.17409993285184533,1.1458572998137015,1.2240320184073912,-0.07817471859368963,15298,5509,Acly,0.20202092335587482,False
93,42258569.0,0.17508467150380425,0.014057030736054937,0.01244475601155869,0.001612274724496248,15298,5509,Serpinb5,0.20307742856781366,False
1412,42206014.5,0.17530570172936788,0.0053134657792369725,0.004066169448586472,0.0012472963306505002,15298,5509,Folr2,0.20324760247131035,False
983,41724046.0,0.1779419449152826,0.2908742034144824,0.28798440266381176,0.0028898007506706347,15298,5509,Btbd8,0.20621661836580418,False
2681,41893087.5,0.17842608621682954,0.08093706807020072,0.08827797742901156,-0.007340909358810835,15298,5509,Mylk,0.2066901083452049,False
1994,41764389.0,0.18109300747388524,0.2052631348996497,0.2034242027299441,0.0018389321697055983,15298,5509,Mapk6,0.20969067546192893,False
2044,42183060.0,0.1843579002674789,0.0027107367286148872,0.001730651931574485,0.0009800847970404022,15298,5509,Ucn2,0.2133808113548687,False
1775,42055250.5,0.1859357063016912,0.00756909442416339,0.010098200334071527,-0.002529105909908137,15298,5509,Dpep1,0.21511597154616136,False
1421,42063347.5,0.18636513431924007,0.005672366332357673,0.00685846739103398,-0.001186101058676307,15298,5509,Gm4759,0.21552162467785266,False
567,42078162.5,0.1865850635249402,0.004669954759709378,0.006366336797366021,-0.0016963820376566423,15298,5509,Rxfp1,0.21568476278136578,False
1785,42634725.5,0.18865277342201425,1.2697038232567521,1.352738073627754,-0.08303425037100176,15298,5509,Gng2,0.21798282015598183,False
2149,42310960.0,0.19062557548049142,0.03587296015942721,0.030463440332213123,0.005409519827214087,15298,5509,Tmem88,0.22016931965335473,False
1742,42171718.5,0.19123281028564698,0.0025023729526806354,0.0010684523564077248,0.0014339205962729106,15298,5509,Ccl22,0.2207774318831762,False
1780,41774816.0,0.1928052160229743,0.22642290182340416,0.2651339177859584,-0.038711015962554246,15298,5509,Nrp1,0.2224988463387488,False
2374,42210442.5,0.19355590024841463,0.00577587426535919,0.004192594029731786,0.0015832802356274042,15298,5509,Spata31d1a,0.22318814335239187,False
2036,41931072.0,0.1935657316387106,0.04816915050826189,0.0515895000086814,-0.0034203495004195075,15298,5509,Tmem108,0.22318814335239187,False
2568,42088879.5,0.19382514015472685,0.0027056674971148425,0.006213620972158407,-0.0035079534750435647,15298,5509,Lypd2,0.22339307135405728,False
325,41757164.0,0.19416593330668508,0.21977566128411452,0.22896163564093883,-0.009185974356824306,15298,5509,Meis2,0.22369158702349776,False
1417,42378226.0,0.1943889107728608,0.07919907844773724,0.07399013316240191,0.005208945285335331,15298,5509,Trim30a,0.22385417724790496,False
364,42092768.0,0.19553701108267652,0.0020191000585552113,0.003016842253851978,-0.0009977421952967669,15298,5509,Cst12,0.22508153422185198,False
2126,41829228.5,0.1966130299773109,0.13095224527315996,0.13303653038669597,-0.002084285113536005,15298,5509,Igtp,0.22622492090363708,False
158,42198691.0,0.19833886504638465,0.006973732425620907,0.004660913626602388,0.0023128187990185192,15298,5509,Xcl1,0.22811471652727588,False
1602,41913493.0,0.19867352733846666,0.10446097549621353,0.11373758852717324,-0.00927661303095971,15298,5509,Lum,0.22840357178255832,False
1627,42168342.0,0.19964478966091037,0.0012035261763432214,0.000576883977191495,0.0006266421991517264,15298,5509,Ifng,0.22942373937923946,False
1422,41909301.5,0.20069707346450194,0.06763435793302706,0.07598927362977825,-0.008354915696751189,15298,5509,Gm8995,0.23053611756632209,False
1011,42220616.0,0.20282822778952225,0.0077658014187876896,0.007211691233665186,0.0005541101851225033,15298,5509,Gm43409,0.23288631528309964,False
193,42075298.5,0.20291632075016586,0.003972737406938212,0.006310373580874004,-0.0023376361739357917,15298,5509,Spta1,0.23288969251015681,False
2018,42003800.0,0.20771082075743752,0.02179987357467725,0.02503176275012308,-0.0032318891754458297,15298,5509,Zic1,0.23829240552499648,False
1848,42041350.0,0.20836235208726517,0.010920517796541704,0.013771656456307412,-0.0028511386597657087,15298,5509,Scara5,0.23893963646065836,False
1161,42180207.5,0.20968950042036139,0.002663305008687973,0.0022744406906149623,0.0003888643180730107,15298,5509,Gkn3,0.24036076431252656,False
633,42307582.0,0.21002826796279495,0.04161482699759526,0.038227794981401636,0.003387032016193621,15298,5509,Slc16a4,0.2406482249175719,False
808,42276944.0,0.2113944479803953,0.026588842224399008,0.022731636896633968,0.0038572053277650398,15298,5509,Gja4,0.24211215042980788,False
1835,42089725.5,0.21432535358646365,0.002504023074975209,0.0034921441312185633,-0.0009881210562433544,15298,5509,Gjb6,0.24536619592255257,False
115,41718367.0,0.21656927007609628,0.4066521525923851,0.41806331341343606,-0.01141116082105098,15298,5509,Nfasc,0.24783136136323153,False
277,42384903.5,0.21936112631771,0.09094082871854264,0.08308260075129377,0.007858227967248874,15298,5509,Cobll1,0.25092123817605055,False
1242,42168922.0,0.22352702509061362,0.0016193035335824208,0.001320094099214022,0.0002992094343683988,15298,5509,Klra4,0.25557960435736965,False
1470,42458242.0,0.22445993311042178,0.16386889560473972,0.16519747836512222,-0.0013285827603825018,15298,5509,Stk32c,0.25653903763351593,False
1023,41861184.0,0.22581495698112408,0.11432570727745033,0.120082426270582,-0.005756718993131668,15298,5509,Caln1,0.2579799111710001,False
265,42260485.0,0.22701499552363724,0.019194038984436126,0.015466507026272329,0.0037275319581637975,15298,5509,Tnfaip6,0.2592425940530889,False
1884,42112947.5,0.22713016189024693,0.0006155300336898583,0.0019311903512953938,-0.0013156603176055354,15298,5509,Mmp13,0.259265856748675,False
138,42172917.5,0.2273162024187867,0.00156281414080329,0.0013597908138563942,0.00020302332694689586,15298,5509,Prg4,0.2593699681332422,False
1079,42099214.5,0.22747355358731391,0.0016918559126703322,0.0025047023216666067,-0.0008128464089962744,15298,5509,Slc13a1,0.25944127150179463,False
1098,42191827.5,0.23083142184112504,0.005159648829575847,0.004300982475091396,0.0008586663544844506,15298,5509,Trbc1,0.26316129167798125,False
431,42104988.0,0.23185927613309276,0.0011404407471339402,0.0019086931828018812,-0.000768252435667941,15298,5509,Gata1,0.2642229667600036,False
2358,42565802.5,0.23521581369675304,0.6293888366628154,0.6603471889428804,-0.030958352280064938,15298,5509,Dtnbp1,0.2679363808665638,False
1042,41928154.0,0.23570688723237854,0.0730795982217701,0.07791322882568194,-0.004833630603911843,15298,5509,Pcolce,0.2683839869194652,False
34,42390459.0,0.24208211321383855,0.1005162882693588,0.09433186719647622,0.0061844210728825705,15298,5509,Col5a2,0.2755283311027251,False
1833,42107147.0,0.24345500815817112,0.0021137459706626603,0.004172459680968593,-0.0020587137103059328,15298,5509,Ctsg,0.27697564364084776,False
1927,42162222.0,0.2444782146131539,0.0007967686741814115,0.0003774626142094456,0.00041930605997196596,15298,5509,Gm48565,0.2780240818989505,False
2234,42028743.5,0.2483948380624147,0.027602584752048506,0.03491820095839612,-0.0073156162063476166,15298,5509,Top2a,0.28236071575257865,False
1756,42188483.5,0.24852065646814403,0.003607897787962174,0.003062461137184871,0.000545436650777303,15298,5509,Cdh3,0.28238637118420185,False
1517,42189331.5,0.2508293869875514,0.003953193932034921,0.0026422382994661193,0.001310955632568802,15298,5509,Arg1,0.2848913510842829,False
1015,42351469.0,0.2513357061507693,0.07305270418235954,0.06467255328573626,0.008380150896623279,15298,5509,Scarb1,0.2853479270744516,False
1350,42069094.0,0.25213140092001174,0.0063209968545699935,0.007288150385067673,-0.0009671535304976797,15298,5509,Saa1,0.2861325234507187,False
2264,41804133.0,0.2547992432049585,0.25320836447912715,0.24667052194203204,0.0065378425370951065,15298,5509,Cyb561,0.28895881360199865,False
505,42178761.5,0.25493326585598897,0.002443314926728856,0.0017828723113987326,0.0006604426153301232,15298,5509,Phex,0.28895881360199865,False
2877,42089423.0,0.25493879971540134,0.0032067657090037306,0.0042045139851714965,-0.0009977482761677659,15298,5509,Adamts19,0.28895881360199865,False
1194,42553775.0,0.25899257043268287,0.8509485590520025,0.904598247155781,-0.05364968810377846,15298,5509,Ret,0.29343193046122107,False
1048,42170180.0,0.2600720839167068,0.0015217232361476245,0.0009543465914009406,0.0005673766447466839,15298,5509,Gm43338,0.2945329811644692,False
746,42200131.5,0.2651925914904879,0.005816965170014856,0.004225689247882802,0.0015912759221320535,15298,5509,Nr4a3,0.30020767290003497,False
41,42054150.5,0.2723121509725114,0.009522801638555673,0.011199602049466791,-0.0016768004109111185,15298,5509,Gm37760,0.30813973227547314,False
1202,42378587.0,0.27250597211505645,0.17418749165136554,0.1763286022033678,-0.002141110552002251,15298,5509,Mfap5,0.308231527599123,False
1004,42162839.0,0.2757064167801285,0.0010045117667652752,0.0005032834856125942,0.000501228281152681,15298,5509,Sds,0.31172263327558974,False
393,42175355.0,0.27627402085141184,0.002163757721929793,0.0017828723113987326,0.0003808854105310604,15298,5509,Wisp2,0.312228135896879,False
73,42058585.0,0.27638183437160657,0.009482902653188982,0.010989648132461076,-0.0015067454792720945,15298,5509,Ngef,0.312228135896879,False
315,42100425.5,0.2774356524316368,0.0017935811968849541,0.002464197048238723,-0.0006706158513537688,15298,5509,Accsl,0.3132892276633058,False
2582,42180537.0,0.27782426095960355,0.0035237308694498694,0.002958020377536376,0.0005657104919134935,15298,5509,Apol11b,0.313598577682425,False
2154,42057444.0,0.2794640817386992,0.011616694280080067,0.013407453443080902,-0.0017907591630008345,15298,5509,Clec10a,0.31531941565814453,False
767,41763776.0,0.282481961855063,0.5199863096660967,0.532383081728465,-0.012396772062368333,15298,5509,Nfib,0.31859305800973087,False
589,41992573.5,0.2827638035833582,0.03365135132190042,0.03596400365667587,-0.002312652334775449,15298,5509,S100a3,0.3187794735368857,False
2348,42008754.5,0.2840187756718958,0.03411568384409724,0.036232198960618696,-0.0021165151165214585,15298,5509,F13a1,0.32006236154208284,False
1476,41955949.0,0.2848790048220068,0.09014897638258461,0.09912711213544258,-0.008978135752857969,15298,5509,Ifitm1,0.3208995379687762,False
2207,42175908.5,0.28597380676174033,0.003045988247875424,0.00434507023748789,-0.0012990819896124659,15298,5509,Mpo,0.32200014882394395,False
2915,42050167.5,0.29215843795472995,0.012018169799212362,0.013522668524281353,-0.001504498725068991,15298,5509,Cd248,0.3288285299613936,False
307,42340603.5,0.29771635712629907,0.08745016778325838,0.08681300783059051,0.0006371599526678734,15298,5509,Spi1,0.3349462100947873,False
1227,42177114.5,0.3013172692494278,0.002679939752367957,0.002328916020520633,0.0003510237318473243,15298,5509,Klrb1b,0.338858031002132,False
404,42380223.0,0.3020363667027621,0.19077139137571306,0.1703742005226235,0.020397190853089553,15298,5509,Pltp,0.33952711176820977,False
1616,42021107.0,0.30446210467440615,0.023936603326089188,0.027272903373543676,-0.0033363000474544886,15298,5509,Glipr1,0.3421133345458097,False
485,41825352.0,0.3065672066715218,0.3253578935048282,0.32356424199644623,0.0017936515083819549,15298,5509,Itm2a,0.344337293735775,False
1586,42112052.0,0.3109694507079829,0.0010421221828264308,0.0013840295854346339,-0.0003419074026082031,15298,5509,Stab2,0.3491385253227968,False
2251,42075484.5,0.3118918437933298,0.006900772889672986,0.00853259389166472,-0.0016318210019917335,15298,5509,Meox1,0.3500304443064247,False
902,41990665.5,0.3144073796441028,0.041300515927212254,0.049308593144834253,-0.008008077217622,15298,5509,Hmx1,0.3527088528821252,False
541,41956468.5,0.31723717514528016,0.0715477068589426,0.08612990619960559,-0.014582199340662988,15298,5509,Gm11549,0.3557374637237971,False
623,42087184.0,0.31740129134681394,0.0047189482265853275,0.005894660643318096,-0.0011757124167327687,15298,5509,Casq2,0.35577562780062955,False
740,42093395.5,0.3190092426527652,0.003281174505565933,0.004358920174562817,-0.0010777456689968841,15298,5509,Msmp,0.35743149473794056,False
2257,42029120.0,0.3195865787737988,0.027135803561371605,0.03117778837954032,-0.004041984818168715,15298,5509,Higd1b,0.3579317333932595,False
2277,41975169.0,0.3198074576804042,0.05732036315258215,0.06719812301057757,-0.009877759857995418,15298,5509,Sdk2,0.3580324996954177,False
100,42385999.0,0.32256713512669244,0.16800049851132082,0.16688645669228394,0.0011140418190368762,15298,5509,Steap3,0.36097426946460875,False
365,42101654.5,0.32445967116262353,0.0023251617154465836,0.0031220915722859842,-0.0007969298568394007,15298,5509,Cst7,0.3629436403393764,False
1119,42410445.0,0.3252207969593044,0.1898457029802051,0.19151534564997028,-0.0016696426697651867,15298,5509,Chn2,0.3636463122173743,False
1331,42067405.0,0.3254726611632974,0.014405325830452436,0.01728629861438565,-0.0028809727839332125,15298,5509,Nkg7,0.3637792105768772,False
1671,42332564.5,0.3256608372092116,0.0804770411621259,0.07976657448615368,0.0007104666759722156,15298,5509,Gm45251,0.36384084549313467,False
1376,42114178.5,0.3280033953179027,0.0009326976545500765,0.0014054096971892868,-0.00047271204263921033,15298,5509,Magel2,0.36630840595935643,False
2933,42114192.5,0.3282837445268574,0.0009592021066423869,0.0013318092056103861,-0.0003726070989679992,15298,5509,Ms4a8a,0.36647185358406326,False
1221,42089004.5,0.32909143738570545,0.0041873677080236996,0.006162568887974038,-0.0019752011799503387,15298,5509,Dyrk4,0.36722361536103815,False
1386,42100162.0,0.3294691934362486,0.002318491910329036,0.002893880042272416,-0.0005753881319433803,15298,5509,Acan,0.3674952055661256,False
1892,42110520.0,0.3313405389960209,0.0012310600673797168,0.0017614921996440794,-0.0005304321322643626,15298,5509,Olfr859,0.36943186879499273,False
2686,42110574.5,0.33228887377570304,0.002692502655257628,0.002725503796403309,-3.300114114568103e-05,15298,5509,Stfa1,0.37033825174268453,False
417,42095565.0,0.33537683452561917,0.003262369297535354,0.0042750509678834625,-0.0010126816703481083,15298,5509,Edn3,0.37362755292365313,False
1231,42182157.5,0.33622686069696006,0.004081423668341854,0.0032618825001669203,0.0008195411681749336,15298,5509,Cd69,0.37442201303183464,False
1234,42017257.0,0.33812745559717905,0.030701521004080908,0.03352405621740326,-0.0028225352133223504,15298,5509,Clec7a,0.37638526294598484,False
435,42325667.5,0.3401455868062523,0.10972451781554038,0.1186226752123648,-0.008898157396824424,15298,5509,Cybb,0.3784776972803499,False
2806,42003323.5,0.34149244031546677,0.04624888498176556,0.0524690774907189,-0.006220192508953337,15298,5509,Lrg1,0.3798218073455883,False
2642,42000171.0,0.34203256199090715,0.037949221246560624,0.04031797357508658,-0.002368752328525958,15298,5509,Socs1,0.38026790936793947,False
1075,42108971.0,0.34495641548249134,0.0015029180281170465,0.002200840199036062,-0.0006979221709190154,15298,5509,Tfec,0.38336277787265904,False
2872,42229384.5,0.35227679286245295,0.020425243090616357,0.02170037395595519,-0.0012751308653388312,15298,5509,Lox,0.391339166725755,False
47,42490157.0,0.3535745953153806,1.587688550407979,1.697784517005835,-0.11009596659785603,15298,5509,Klf7,0.39256683195620823,False
546,42303941.0,0.3536689849872384,0.06329194908688186,0.05929622199112855,0.0039957270957533125,15298,5509,Pcdh18,0.39256683195620823,False
1663,42107485.5,0.3552259645535095,0.0019936988140944823,0.0026113980313965247,-0.0006176992173020424,15298,5509,F10,0.3941350965735694,False
1706,42192749.0,0.35710009127758435,0.0065860952805642066,0.005220541112711626,0.0013655541678525805,15298,5509,Gdf15,0.3960538319725033,False
816,42047120.5,0.3573175073355894,0.01760883130299994,0.01948786615031142,-0.0018790348473114796,15298,5509,Hcrtr1,0.3961343261300515,False
152,42284360.0,0.35882980217796867,0.07016107209741922,0.06347655754798147,0.006684514549437748,15298,5509,Fmo2,0.3976497199986808,False
287,42093652.5,0.3647013962811204,0.004626996007290805,0.00570925083210427,-0.0010822548248134653,15298,5509,Hoxd11,0.4039928387318203,False
2780,42077683.5,0.3660917809397819,0.008285813935609237,0.009690666897167207,-0.0014048529615579702,15298,5509,H2-Q10,0.40536883436044674,False
2368,41798198.5,0.36780174868843185,1.2760209392234103,1.3616970601290161,-0.08567612090560583,15298,5509,Tspan17,0.4070974434086852,False
2466,42098261.5,0.36925423766448384,0.003377360423297676,0.004090408220164711,-0.0007130477968670355,15298,5509,Gm24305,0.40853978155839943,False
1154,42172461.5,0.3700729339832649,0.003305620079769874,0.001887313071047228,0.0014183070087226458,15298,5509,Actg2,0.40912519438254313,False
966,42180593.0,0.3700825341507904,0.0060747404364130085,0.005017599487914184,0.0010571409484988244,15298,5509,Cxcl2,0.40912519438254313,False
2178,42252842.0,0.3705625453293542,0.04339397319933719,0.0386995652751293,0.0046944079242078884,15298,5509,Vtn,0.40949032786900347,False
2199,42089846.0,0.3719983759885581,0.006023662862716361,0.006540635211925648,-0.0005169723492092874,15298,5509,Ccl3,0.4109109686303338,False
622,42021995.0,0.3814045020903435,0.036206279739518,0.042009663605612785,-0.0058033838660947815,15298,5509,Nhlh2,0.42113092984137646,False
1307,42207941.0,0.38177488893697753,0.01122657555075496,0.011252422319071831,-2.5846768316871438e-05,15298,5509,Ccer2,0.4213697825837908,False
856,42048690.0,0.38217886465872186,0.02513986603977887,0.02878046109540447,-0.003640595055625598,15298,5509,Rbp7,0.4216455001377992,False
1279,42108111.5,0.3824071642446971,0.0019737903984323227,0.0022647756852566736,-0.00029098528682435084,15298,5509,Il11,0.42172725572953496,False
2561,42113272.5,0.387413523415733,0.0013293786316872257,0.0018755979646508636,-0.0005462193329636379,15298,5509,Fam83a,0.4270059436653006,False
245,42120610.5,0.38752818220813245,0.0006685389378744791,0.0009543465914009406,-0.00028580765352646147,15298,5509,Gfi1b,0.4270059436653006,False
2697,42120615.5,0.38766206878279397,0.0007668575021819882,0.0010279470829798413,-0.0002610895807978531,15298,5509,Gcsam,0.4270059436653006,False
1233,42102021.0,0.389804214496131,0.003134139561228423,0.003836511527276992,-0.0007023719660485691,15298,5509,Clec9a,0.42919264357766435,False
962,42116925.5,0.3939996037630783,0.0009326976545500766,0.001720276470721345,-0.0007875788161712683,15298,5509,Ppbp,0.4336373908619795,False
402,42037104.0,0.3968438915570316,0.03555834684937919,0.04302362459760858,-0.0074652777482293875,15298,5509,Ube2c,0.43659213330992813,False
849,42223870.5,0.39760067710912805,0.028818437730112,0.03889288695181313,-0.010074449221701129,15298,5509,Nppb,0.4372488346978147,False
1574,42047761.0,0.4011972903891078,0.02131266383717763,0.025509996968175283,-0.004197333130997655,15298,5509,Prtn3,0.4410267641536213,False
1016,42026300.5,0.40155935434250756,0.03357766183055452,0.03467720962465621,-0.0010995477941016865,15298,5509,Tmem132b,0.44124742230886227,False
9,42302447.0,0.40450495523258245,0.08532712916603175,0.08649052568294678,-0.0011633965169150357,15298,5509,Sbspon,0.44430564359884056,False
1314,41990851.5,0.406069927512241,0.05739626759034548,0.06387495082438893,-0.00647868323404345,15298,5509,Syne4,0.44584554465916465,False
312,42182072.0,0.4072541993966624,0.005162504109248185,0.0047055425207026685,0.00045696158854551666,15298,5509,Syt13,0.446966386576995,False
1588,42182047.5,0.4075166996932572,0.005002129554675578,0.004546626431148502,0.00045550312352707605,15298,5509,Sycp3,0.4470750796875485,False
1936,42183198.0,0.40893862946887305,0.006955770805736694,0.006300913424559063,0.0006548573811776311,15298,5509,Cd3g,0.4484551530061619,False
2553,42115418.5,0.41125778939820024,0.0014122987078712698,0.001657051439995584,-0.00024475273212431407,15298,5509,Pkhd1l1,0.45081765691546194,False
2286,42170119.5,0.41376007932089187,0.0026502459837526096,0.0025540640416672673,9.618194208534233e-05,15298,5509,Gm16755,0.4533789330699676,False
1619,41844292.5,0.4154949403316872,0.602008424585245,0.6669236786846109,-0.06491525409936594,15298,5509,Tspan8,0.45509758182105103,False
673,42112353.5,0.4273559361861805,0.001665351460578022,0.002160334925608178,-0.0004949834650301561,15298,5509,Tacr3,0.4679017155601296,False
1107,42106326.5,0.43176660396476774,0.0030101285803887123,0.003459048913067547,-0.0004489203326788348,15298,5509,Gimap7,0.4725416814100199,False
1692,42179566.0,0.4329350319298545,0.0051680434757310646,0.004047647996655406,0.0011203954790756582,15298,5509,Vegfc,0.4736309249312608,False
1941,42367373.0,0.4335534969342145,0.32436999013975903,0.3571821951672126,-0.03281220502745358,15298,5509,Fxyd6,0.4741178784946329,False
2767,42094051.5,0.4351605319270183,0.005640757320550635,0.0070675537593743185,-0.0014267964388236833,15298,5509,H2-Oa,0.4756850738690627,False
1856,42284586.0,0.43612361602563576,0.07631641711546878,0.07625586864256143,6.054847290735965e-05,15298,5509,Egr3,0.476547379077153,False
1520,42199808.0,0.43763942577005777,0.012774068874800296,0.011991039094990101,0.0007830297798101949,15298,5509,Rspo3,0.4780127114541166,False
1200,42154571.0,0.4401530980340086,0.0008762820304583427,0.0005768839771914949,0.00029939805326684784,15298,5509,Klrg1,0.48056635653613317,False
535,42187423.0,0.4462851345737444,0.008962311694902607,0.007117519189117143,0.0018447925057854635,15298,5509,Cldn11,0.4870669764801241,False
953,41935489.0,0.4469842038790458,0.36757342387436764,0.34911080449789517,0.018462619376472478,15298,5509,Igfbp7,0.4876353400914202,False
1874,42159793.0,0.4479709304784061,0.0016534334610490667,0.0011323878426283368,0.0005210456184207299,15298,5509,Acod1,0.48851694372346116,False
2837,42405656.0,0.45024858977593996,0.6006971049759215,0.6247126925786449,-0.024015587602723376,15298,5509,Slc39a6,0.49080505900246946,False
2545,42098569.5,0.45103055181986884,0.0048182962298370215,0.006219902877703296,-0.0014016066478662742,15298,5509,Osr2,0.49146157738141083,False
202,42101453.0,0.45238397092559424,0.004722719887251309,0.00551494307902723,-0.0007922231917759206,15298,5509,Gm37800,0.49274000815671054,False
2594,42048108.0,0.45352557817972206,0.027687317302921653,0.030334802296276817,-0.002647484993355164,15298,5509,Mpped1,0.4937868058604856,False
72,42112906.5,0.4543852179555208,0.0018200856489772647,0.0029488274690559328,-0.0011287418200786681,15298,5509,3110079O15Rik,0.49452589379560263,False
552,41866549.5,0.4545823043387821,0.6556440117115713,0.6753071512586646,-0.01966313954709331,15298,5509,Dclk1,0.4945435968045223,False
1475,42167995.0,0.45488288350199324,0.003368387105904596,0.0031029664106127543,0.0002654206952918416,15298,5509,Cyp2e1,0.4946738315618098,False
1937,42089576.5,0.45588151929696563,0.00962308152270607,0.010137424951836053,-0.0005143434291299837,15298,5509,Cd3d,0.4955627803168526,False
2715,42397344.5,0.46837724190914465,0.6491720010932077,0.6413913772345928,0.007780623858614888,15298,5509,Nrip1,0.5089438842358008,False
1900,42096320.0,0.4756202068418489,0.0056226903793927694,0.006186602810508931,-0.0005639124311161616,15298,5509,Acp5,0.5166089220462498,False
1944,42123364.5,0.4762705489048924,0.0007457712524563773,0.0008807460998220397,-0.0001349748473656624,15298,5509,Apoa1,0.5171099449205561,False
77,42251727.5,0.4800298435171677,0.05253441025830135,0.05156385055030675,0.0009705597079945963,15298,5509,Ramp1,0.5209847706426404,False
137,42112068.0,0.48041056868216414,0.002703328656624627,0.0031360616287637714,-0.00043273297213914427,15298,5509,Ptgs2,0.5211911564243232,False
1237,42095487.5,0.48098979246846985,0.0078908457412497,0.008515518831029564,-0.000624673089779865,15298,5509,Klrk1,0.5216126417134278,False
1682,42006811.5,0.483077327101021,0.07801567996615291,0.08042713617346457,-0.00241145620731166,15298,5509,Rbpms,0.5236688424975396,False
2709,42027760.0,0.48719871891271105,0.051764136054333956,0.059114510827701416,-0.00735037477336746,15298,5509,Filip1l,0.5279272964446373,False
1773,42101685.0,0.48888892633233216,0.004854065171393883,0.005453057693844693,-0.0005989925224508105,15298,5509,C230057M02Rik,0.529548995453041,False
1909,42108146.5,0.4895261433709486,0.002979331604141782,0.003397163527885011,-0.00041783192374322863,15298,5509,St14,0.5300292961676739,False
2503,42156420.0,0.4926217234144943,0.001461088856588668,0.0010065669712251884,0.0004545218853634796,15298,5509,Serpina3f,0.5331699301696248,False
1153,41912190.0,0.495412378242188,0.3925328591248379,0.36364172175147025,0.028891137373367626,15298,5509,Mthfd2,0.5359781861124937,False
192,42167835.5,0.4972877452175781,0.005034385959403475,0.003668135281407884,0.001366250677995591,15298,5509,Ifi205,0.5377943784776893,False
1629,42157061.5,0.502186438744262,0.0018577698337258176,0.001080167462804089,0.0007776023709217285,15298,5509,Hmga2,0.5428774347689947,False
1455,42247624.5,0.5029141838277292,0.06037806316936562,0.060173707876837554,0.00020435529252806756,15298,5509,Itgam_ENSMUSG00000030786,0.5434493452267244,False
2427,42033555.5,0.5040962984880295,0.04701969833937823,0.05019211729577865,-0.0031724189564004204,15298,5509,Gm48610,0.5445116020397949,False
866,42002429.5,0.5065522211226243,0.08454563798027621,0.08522843143646615,-0.000682793456189934,15298,5509,Cdk6,0.5469484108844759,False
917,42108714.5,0.5068838852915751,0.003346101409279509,0.0038173863656037624,-0.0004712849563242535,15298,5509,Gm42520,0.5470905391761871,False
2693,42108818.5,0.5083762990155518,0.003221278392879689,0.003522984399288159,-0.0003017060064084698,15298,5509,4932412D23Rik,0.5484848827643133,False
737,42151825.0,0.5110866435931217,0.0008309723703354544,0.0005032834856125942,0.0003276888847228602,15298,5509,Sit1,0.5511028421102856,False
1262,42089201.0,0.5112058173432521,0.011114568002274441,0.01136659432769571,-0.00025202632542126874,15298,5509,Slco1c1,0.5511028421102856,False
1570,41980082.0,0.51545366649659,0.138779118929923,0.14571838604954782,-0.006939267119624809,15298,5509,Plpp2,0.555463269451605,False
1950,42176037.5,0.5158659429254717,0.00597673014944143,0.005275016442617296,0.0007017137068241345,15298,5509,Nnmt,0.5556885994096752,False
903,42158227.5,0.5179474594986577,0.0018235661375717745,0.0015526106803470886,0.00027095545722468587,15298,5509,Cpz,0.5577111424129247,False
448,42089389.5,0.5188934048965348,0.009557541141168349,0.010735484191738856,-0.0011779430505705069,15298,5509,Apln,0.558509823845739,False
2354,42174213.5,0.5205347080998102,0.005792993063870769,0.0054008373140204445,0.00039215574985032413,15298,5509,Adtrp,0.5600560293678131,False
1255,42158888.5,0.5220307132051476,0.0019737903984323227,0.0014576300770135348,0.000516160321418788,15298,5509,Gucy2c,0.5614447505371918,False
2087,42213048.5,0.5230853406553988,0.02899818580132789,0.03033951704548301,-0.001341331244155121,15298,5509,Gm12002,0.5623578642659259,False
432,42113210.0,0.523757144116092,0.002880274772961561,0.003649010119734654,-0.0007687353467730929,15298,5509,Slc38a5,0.5628588562504957,False
2420,42179386.0,0.5252138744129359,0.008646755857129516,0.007718038228144714,0.0009287176289848017,15298,5509,Esm1,0.5642026498505026,False
1363,42123931.0,0.5298655343461439,0.0009326976545500765,0.0025480219328211126,-0.001615324278271036,15298,5509,Mrgprb1,0.5689761430846892,False
2675,42123982.5,0.5313372050325,0.0009292909346429635,0.0011537679543829897,-0.00022447701974002618,15298,5509,Bex6,0.5703325179607094,False
2210,42063748.0,0.5324384650449322,0.03444162098828489,0.047944992202153515,-0.013503371213868624,15298,5509,Gm525,0.5712903891321655,False
1672,42072426.5,0.5377737197930873,0.020620801357892946,0.02174399023803866,-0.001123188880145714,15298,5509,Rab11fip1,0.5767886759349388,False
609,42119354.5,0.5415165374577792,0.0016465462525474437,0.0022744406906149623,-0.0006278944380675186,15298,5509,Tmod4,0.5805753547420721,False
2079,42119396.0,0.5424005636362155,0.001634628253018489,0.0019609135626261287,-0.0003262853096076398,15298,5509,Pgam2,0.5812952749000977,False
1000,42317388.5,0.5432435020917907,0.22953965888927108,0.23370947265888842,-0.0041698137696173365,15298,5509,Nos1,0.5819706142659803,False
210,42212882.5,0.5435671563080358,0.027331417212720577,0.026077821586947297,0.0012535956257732801,15298,5509,Batf3,0.5820893392727008,False
1210,42251129.0,0.5450019314602148,0.08318614753827692,0.09074384480236891,-0.0075576972640919865,15298,5509,Clec4a2,0.5833973708585861,False
807,42220674.0,0.5474404672856492,0.0421090882721672,0.04078983129279749,0.0013192569793697081,15298,5509,Csf3r,0.5857784342825707,False
1578,42095523.0,0.548857011257276,0.00963379531491296,0.010141730002955552,-0.0005079346880425915,15298,5509,Plk5,0.5870644997218029,False
95,42024858.5,0.5499465123166293,0.07743896436651865,0.08514953678812348,-0.007710572421604833,15298,5509,Serpinb8,0.5879998870938159,False
2468,42096347.0,0.5508936806315938,0.008673097828877038,0.009878373153752892,-0.001205275324875854,15298,5509,Sstr1,0.5887824214644037,False
703,41987411.5,0.5527817910222355,0.14319559767581988,0.14498698752361938,-0.0017913898477995016,15298,5509,Ptgfr,0.5905696087678961,False
1142,42153650.5,0.5551726417851549,0.0013969739884352019,0.001101547574558742,0.0002954264138764599,15298,5509,Cd8a,0.5928278932953746,False
1842,41996971.0,0.5553290905384825,0.1453777224227386,0.1578856149665477,-0.012507892543809102,15298,5509,Fam124a,0.5928278932953746,False
1070,42352192.5,0.5589964532039566,0.6998621091585077,0.7181115775522453,-0.018249468393737645,15298,5509,Asns,0.5965100661384398,False
66,42021942.5,0.5632048206178101,0.08964860391637407,0.09034748427732163,-0.0006988803609475625,15298,5509,Sp100,0.6007664525700899,False
51,42063693.0,0.5662229846526643,0.04829393840660908,0.04922888193473402,-0.0009349435281249402,15298,5509,Fn1,0.603593562446745,False
1732,42047393.5,0.5662965562114617,0.05300994000761741,0.0602472132602,-0.007237273252582589,15298,5509,Adcy7,0.603593562446745,False
2562,42119995.5,0.5714785268323257,0.0017978737210395735,0.0022861557970113265,-0.000488282075971753,15298,5509,AC140209.1,0.6087231315509075,False
2764,42213135.5,0.5715542968273237,0.04266371334909447,0.03953000546119499,0.0031337078878994756,15298,5509,Notch3,0.6087231315509075,False
2807,42107917.0,0.5740814607833346,0.005098665470196194,0.005578878565247841,-0.0004802130950516473,15298,5509,Uhrf1,0.6111766427568781,False
1236,42175280.5,0.5767535670415274,0.010233553534365511,0.01048307300355784,-0.0002495194691923292,15298,5509,Klrd1,0.6137824925519756,False
1244,42156054.0,0.5771144752826105,0.002333152131579788,0.0023568976287666405,-2.374549718685238e-05,15298,5509,Klra9,0.6139276895752391,False
879,42124612.5,0.5783840043615696,0.0010721071235132514,0.0011323878426283368,-6.028071911508542e-05,15298,5509,Sema3a,0.615038978199414,False
2523,41978899.5,0.5792639924864398,0.20998957101159224,0.2269361546317049,-0.01694658362011267,15298,5509,Ighm,0.6157353359698456,False
1264,42093434.0,0.5815454597768184,0.013411437510314006,0.014686306333065977,-0.001274868822751971,15298,5509,Kcnj8,0.6178762655525137,False
2399,42159760.0,0.5817299392313429,0.0028853055639888932,0.0026519033048244076,0.00023340225916448562,15298,5509,F2rl1,0.6178762655525137,False
830,42102224.0,0.5852679603832107,0.009530317267851437,0.012267391706252484,-0.002737074438401047,15298,5509,Rhd,0.6213928073168017,False
2217,42039281.5,0.5878519702366127,0.11325989500726324,0.12361193941431352,-0.010352044407050273,15298,5509,Col1a1,0.6238941166461528,False
301,42033431.5,0.5893856795939686,0.0940402532583553,0.09363042581043907,0.0004098274479162334,15298,5509,Calcrl,0.6252792217569838,False
961,42087490.0,0.6018411182553474,0.016617150014079145,0.016715255583988873,-9.810556990972816e-05,15298,5509,Afp,0.6382456217248449,False
233,42095118.0,0.6024062199863375,0.012588390172779334,0.013589063809626734,-0.0010006736368474,15298,5509,Il1rn,0.6385972913421059,False
1735,42073796.5,0.6116045072734642,0.03980891311929389,0.042468310743823685,-0.0026593976245297968,15298,5509,Mmp2,0.6480703935772416,False
1487,42109726.0,0.6118163642473264,0.005438045018994103,0.005871025581482021,-0.0004329805624879177,15298,5509,Tnni2,0.6480703935772416,False
875,42117304.5,0.6142391258832086,0.0027450840594656083,0.0030197009136755646,-0.00027461685420995634,15298,5509,Gm8879,0.6503848274450544,False
1235,42161286.5,0.6145547920925238,0.004659952861116587,0.004185388823498265,0.0004745640376183219,15298,5509,Klre1,0.650467243178426,False
820,42197160.0,0.6153572568345336,0.0261482494315507,0.026579863530307325,-0.0004316140987566247,15298,5509,Ptafr,0.6510646411769629,False
1288,42165474.0,0.6186713459058231,0.005256806378502551,0.004603151862092248,0.0006536545164103026,15298,5509,Gm45104,0.6543179161068933,False
2687,42126730.5,0.6196517096980477,0.0017199993788528582,0.002144024101661571,-0.0004240247228087129,15298,5509,BC100530,0.6551014402876539,False
2303,42150909.0,0.6226453198945314,0.0015029917968044436,0.0012795888257861384,0.0002234029710183052,15298,5509,Tcrg-C1,0.6580119590075516,False
1632,42121280.5,0.6250585008063803,0.002150810283456653,0.0022647756852566736,-0.0001139654018000205,15298,5509,Wif1,0.6603070682523947,False
1222,42152139.5,0.6299557036288357,0.0014411804409265084,0.0011323878426283368,0.00030879259829817165,15298,5509,Fgf23,0.6652234939864345,False
1546,42152113.0,0.630613369224746,0.001732946817325998,0.0015003903005228407,0.00023255651680315743,15298,5509,Prf1,0.665660966742447,False
2977,42111617.0,0.6321825607671421,0.0059741504080644235,0.006908637669820151,-0.0009344872617557277,15298,5509,Rbp4,0.6668146019860147,False
1238,42154012.5,0.6321938804203788,0.0021039353779309464,0.001657051439995584,0.00044688393793536254,15298,5509,Klrc2,0.6668146019860147,False
1560,42156266.0,0.6327696740794535,0.0026280340558149187,0.0028418645114915157,-0.00021383045567659707,15298,5509,Gm867,0.6671646332333483,False
1689,42110870.0,0.6348238935247043,0.006233045987358615,0.006597365491912741,-0.00036431950455412514,15298,5509,Pdlim3,0.6690725814219908,False
2765,42054592.5,0.6385422642634618,0.06737957625480419,0.06518305281497026,0.002196523439833925,15298,5509,Kank3,0.672732316163547,False
2938,42170718.0,0.640738928063289,0.012034615553959946,0.012118347852979595,-8.373229901964888e-05,15298,5509,Ms4a4b,0.6747866647104719,False
2544,42094882.5,0.6415047975650602,0.01735102789104544,0.017674962129628602,-0.0003239342385831616,15298,5509,Kcns2,0.6753331875829252,False
523,42030172.0,0.6587436111308871,0.14300725269272022,0.13577073202103251,0.007236520671687702,15298,5509,Pde7a,0.6932142271808296,False
2202,42165393.0,0.6590905668829415,0.007032987506342691,0.007347177110426622,-0.00031418960408393076,15298,5509,Wfdc18,0.6933125770864789,False
24,42247219.0,0.6650952099481382,0.22316211989105458,0.21849696210827657,0.004665157782778012,15298,5509,Fam178b,0.6993600150742629,False
288,42171530.0,0.6657504570643011,0.011647425015250103,0.010937160504802326,0.0007102645104477764,15298,5509,Hoxd10,0.6997799769680491,False
1712,42000346.0,0.6771764443333868,0.4497895968313728,0.44041779299187545,0.009371803839497372,15298,5509,Bst2,0.7115165483103392,False
1443,42008387.0,0.6805700619025432,0.294711522061594,0.32300408483178467,-0.028292562770190655,15298,5509,Prkcb,0.7148076495020951,False
1722,41996310.0,0.6808996776031527,0.5298059637016858,0.5345748856073995,-0.004768921905713763,15298,5509,Smad1,0.7148793160248071,False
800,42225431.0,0.6848537573962432,0.09352682169413863,0.09270929133909914,0.0008175303550394947,15298,5509,Kcnq4,0.7187150598190877,False
2683,42168227.0,0.6850786694509549,0.014962154252420614,0.019873443883988946,-0.004911289631568332,15298,5509,Stfa2l1,0.7187150598190877,False
645,42052582.5,0.6888419249166879,0.10476993075316257,0.10684931778394809,-0.002079387030785515,15298,5509,Plppr4,0.7223859910456831,False
345,42146930.0,0.6898061243174831,0.0008497775783660324,0.0006291043570157426,0.00022067322135028977,15298,5509,Pdyn,0.7231198735179442,False
1427,42165823.5,0.6907557372265991,0.008616735983498302,0.007758338652529249,0.0008583973309690528,15298,5509,Adm,0.7238379085497121,False
1316,42073888.5,0.6911397157484525,0.05671678486659392,0.06399961422710643,-0.007282829360512506,15298,5509,Hcst,0.7239628964274292,False
883,42180056.5,0.6916718665458679,0.021773598814002107,0.018896970621351702,0.002876628192650405,15298,5509,Gm43490,0.7242429383625377,False
162,42014023.5,0.6925875158318556,0.3003630022322438,0.30965438015168945,-0.00929137791944562,15298,5509,Uck2,0.7249241698431401,False
2111,42148761.0,0.6968261201193537,0.001276369727502605,0.0011728931160562203,0.00010347661144638476,15298,5509,Olfr56,0.7289703617730697,False
1527,42166535.0,0.6970728612305321,0.009645417381947859,0.009246205287870214,0.00039921209407764446,15298,5509,Fam26f,0.7289703617730697,False
2241,42155888.0,0.6972528213522304,0.003664834275542545,0.0033118479299097453,0.00035298634563279974,15298,5509,Krt14,0.7289703617730697,False
745,42064664.5,0.698408324046901,0.08336384825736692,0.08716556746209267,-0.0038017192047257453,15298,5509,Col15a1,0.7298994139351449,False
227,42191644.5,0.705907977369193,0.04074726871538943,0.040975692164172565,-0.0002284234487831341,15298,5509,C1ql3,0.7374554309032632,False
2863,42103785.5,0.7102560683398991,0.015676116866253285,0.020368949907340457,-0.004692833041087172,15298,5509,Grxcr2,0.7417145272659885,False
1247,42129506.5,0.7109241572090622,0.0011781249318824926,0.0012582087140314854,-8.008378214899282e-05,15298,5509,Klra1,0.742128843498773,False
2410,42105165.5,0.7188038391868803,0.016297437458428203,0.01678906092461112,-0.0004916234661829152,15298,5509,Ccnb1,0.750068103844379,False
1711,42193976.5,0.7227827533168472,0.06767000531729447,0.056095624876796875,0.011574380440497599,15298,5509,Plvap,0.7539324295658189,False
748,42170986.0,0.7262248618248915,0.016335465083350608,0.018163876698064595,-0.0018284116147139866,15298,5509,Plppr1,0.7572340820019361,False
804,42205079.5,0.7300216476149022,0.08944225202111375,0.09390525795890571,-0.004463005937791961,15298,5509,Pou3f1,0.7609028987144655,False
1456,42156465.5,0.7331564962177459,0.005320995015343413,0.004971154319986752,0.0003498406953566617,15298,5509,Itgax,0.76387924463068,False
1567,42191472.0,0.7366620277523312,0.052662125688734664,0.052654803172050665,7.322516683998248e-06,15298,5509,Itgb2,0.7672393929560648,False
1905,42222322.5,0.7373859954216965,0.17744672390005878,0.15527130711058368,0.0221754167894751,15298,5509,Igsf9b,0.7677010648946859,False
869,42094946.5,0.7390372086553285,0.030015054857067125,0.03147946745975325,-0.0014644126026861284,15298,5509,Steap1,0.7690168151515685,False
2986,42127669.5,0.7395156525177439,0.001631147764423979,0.0017614921996440794,-0.0001303444352201003,15298,5509,Scd3,0.7690168151515685,False
942,42049681.0,0.7397589455351601,0.16036278908817053,0.1659006121633083,-0.005537823075137754,15298,5509,Ociad2,0.7690168151515685,False
2609,42127680.5,0.7397744938441597,0.0017737465499101915,0.0018350926912229805,-6.134614131278904e-05,15298,5509,Slc38a4,0.7690168151515685,False
1608,42152911.5,0.7454020660956702,0.003895675100311606,0.0045180411131603305,-0.0006223660128487243,15298,5509,1700017N19Rik,0.7745724357035174,False
1197,42091524.5,0.746969511052523,0.04198706511974367,0.04392783469511538,-0.0019407695753717105,15298,5509,Usp18,0.7757230282369934,False
971,42130104.5,0.747076583684183,0.0013406546036113633,0.0012795888257861384,6.106577782522492e-05,15298,5509,Cxcl13,0.7757230282369934,False
1245,42130129.0,0.7478033666392703,0.0012806622516572245,0.0012059883342072377,7.467391744998679e-05,15298,5509,Klra7,0.7761830010468327,False
1152,42097724.5,0.7482591967330018,0.031164732895255145,0.032680850879248595,-0.00151611798399345,15298,5509,Dqx1,0.7763614958515781,False
61,42158996.5,0.7515461302394155,0.007816433042009383,0.007456731479980128,0.0003597015620292552,15298,5509,Kcne4,0.7794761722430039,False
960,42194116.5,0.7538451772413484,0.05767602725555862,0.06751371611400087,-0.009837688858442245,15298,5509,Gm42164,0.7815642758738013,False
1655,42147859.0,0.7569998200777528,0.0017019324376949928,0.0015503557302656659,0.00015157670742932698,15298,5509,Cd209g,0.7845375172082811,False
1207,42106511.0,0.7598682903150599,0.02155621790583985,0.021259186709066697,0.000297031196773153,15298,5509,Clec4a1,0.7872120356104882,False
1505,42057908.5,0.761409751766867,0.16679987859212003,0.17427918746049256,-0.007479308868372531,15298,5509,Ust,0.7885102881796219,False
2082,42165923.5,0.7643944526179931,0.016758963667846304,0.014920668166193774,0.0018382955016525305,15298,5509,Ramp3,0.7913016002688157,False
2782,42131624.0,0.7650542016999382,0.0009284788990828539,0.0009543465914009406,-2.5867692318086704e-05,15298,5509,Gm20442,0.7916849192770832,False
1959,42055310.5,0.7653822367363485,0.2053324527606896,0.2173812393354644,-0.012048786574774817,15298,5509,Elmod1,0.7917248175014799,False
859,42160560.0,0.7708736196453914,0.010423529243217955,0.009752347433306396,0.0006711818099115596,15298,5509,Espn,0.797103723905537,False
1525,42244531.5,0.7759994790773704,0.9037296910888489,0.9309078366218454,-0.027178145532996467,15298,5509,Trappc3l,0.8021007465142131,False
2856,42091351.0,0.7778465010265025,0.05695564657343494,0.05922321514317898,-0.002267568569744041,15298,5509,Pcdhb9,0.8037061504750602,False
618,42144766.0,0.7794091491769717,0.0008873879944271882,0.0009948518648288237,-0.00010746387040163556,15298,5509,Cd160,0.805016624999629,False
2197,42112967.5,0.7967040259375812,0.020529955104581832,0.02215236635649673,-0.0016224112519148993,15298,5509,Ccl9,0.8225690868022968,False
2113,42127726.5,0.7992515984469615,0.0032125497098737716,0.0031146815170091185,9.786819286465315e-05,15298,5509,Btnl9,0.8248879704726186,False
477,42171231.0,0.8005648869614651,0.0326356847435699,0.035210206567555295,-0.002574521823985397,15298,5509,Gjb1,0.8259317109919302,False
2597,42048988.0,0.8011733299324683,0.5479113480996242,0.629237370816208,-0.08132602271658385,15298,5509,Gm29666,0.8262477591875191,False
2232,42128604.0,0.8022688943373332,0.002613447603251563,0.0027894392826239207,-0.00017599167937235776,15298,5509,Tcap,0.8270657467065986,False
1920,42109939.5,0.8117300493712394,0.028718056312332468,0.032468138349134375,-0.003750082036801907,15298,5509,Nrgn,0.8365040260099245,False
1643,42150521.0,0.8147194054046294,0.004872058343864352,0.004152088756303901,0.0007199695875604508,15298,5509,Gpr182,0.8392683893716238,False
1265,42116175.5,0.8162236533333812,0.018322795676719454,0.018042156028737592,0.0002806396479818618,15298,5509,Abcc9,0.8405013900100894,False
2646,42113044.0,0.8166433918712422,0.04071533402437146,0.044488381444433324,-0.003773047420061862,15298,5509,Myh11,0.8406171158328369,False
1305,42088899.0,0.8197841837457255,0.11883661065669655,0.1352786293945044,-0.01644201873780786,15298,5509,Gmfg,0.8435326345163879,False
2236,42145091.5,0.824373614363717,0.0018200856489772647,0.0016761766016688145,0.00014390904730845013,15298,5509,Ccr7,0.8479360042439889,False
658,42087851.0,0.8260402625555479,0.140834186506849,0.1588037571581419,-0.0179695706512929,15298,5509,Ugt8a,0.8493308714621893,False
356,42133752.0,0.8272374908233008,0.0007061493539356349,0.0009543465914009406,-0.0002481972374653057,15298,5509,Fermt1,0.8502422162351475,False
733,42126445.0,0.8278509956462454,0.005417689508530703,0.006017088497293011,-0.0005993989887623083,15298,5509,Gm2564,0.8505531454141552,False
2887,42172066.0,0.8288110255847976,0.0494482712808107,0.04489914161568202,0.00454912966512868,15298,5509,Afap1l1,0.8511267910073812,False
2142,42154758.0,0.8290317262316869,0.010460618795790475,0.010046749399621998,0.00041386939616847723,15298,5509,Ntn1,0.8511267910073812,False
1273,42101334.5,0.8300191335565529,0.058770552947847485,0.05698777362949549,0.0017827793183519958,15298,5509,Fam60a,0.8518207618300834,False
2161,42128144.5,0.8395102094769917,0.004753151922739371,0.005244176174547702,-0.0004910242518083316,15298,5509,Pimreg,0.8612379680868614,False
2071,42143861.0,0.8410260513356176,0.0016566227775721043,0.001353189317365039,0.00030343346020706525,15298,5509,Ccr9,0.8624695352091917,False
2073,42143829.0,0.8419355659054926,0.0020305709632829254,0.0023782777405212934,-0.000347706777238368,15298,5509,Xcr1,0.8630786254690863,False
2125,42158581.0,0.8438890341535855,0.020046727169617622,0.021033831012070188,-0.0009871038424525656,15298,5509,Gm12250,0.8647570282540488,False
2505,42207310.5,0.8477431033935005,0.6369522980138461,0.7051175386129881,-0.06816524059914197,15298,5509,Serpina3n,0.8683810441128179,False
1051,42191593.5,0.8493546756106235,0.22301700208854308,0.20954914487309606,0.013467857215447021,15298,5509,Slc29a4,0.8696896021175765,False
1761,42169367.5,0.8496565326720894,0.05486835948247124,0.05700065837048061,-0.002132298888009365,15298,5509,Fa2h,0.8696896021175765,False
2363,42077464.5,0.8517692386787062,0.3558905142212209,0.3652694547873865,-0.009378940566165561,15298,5509,S1pr3,0.871525951285545,False
764,42161942.5,0.8523351961377568,0.03159105658805386,0.02974676542714069,0.001844291160913173,15298,5509,Rasef,0.8717788935814378,False
1276,42132556.5,0.8540074280890038,0.002165687908091481,0.00230753590876598,-0.00014184800067449906,15298,5509,Ncr1,0.8731627348872618,False
2917,42129111.0,0.8568518902043718,0.005241555427753879,0.005085260084993537,0.00015629534276034255,15298,5509,Ctsw,0.8757436172305518,False
1477,42071669.0,0.857602283746011,0.9946565214219228,0.9846391176088228,0.010017403813100012,15298,5509,Ifitm3,0.8761831326280688,False
133,42105599.0,0.8585181797852387,0.08226063316325133,0.08729462852373449,-0.005033995360483157,15298,5509,Cfh,0.8767913449262987,False
939,42169109.5,0.8620021934502522,0.07066206845608489,0.08060401759277258,-0.009941949136687694,15298,5509,Gabrb1,0.8800209029811272,False
574,42134365.0,0.8623999322590099,0.0011327255421340343,0.0017255383216694758,-0.0005928127795354415,15298,5509,Sfrp2,0.8800984383314896,False
2138,42203481.0,0.8638075615616332,1.6001436238987297,1.661638691543392,-0.06149506764466239,15298,5509,Pmp22,0.8812061472849932,False
1128,42142042.5,0.8691991505614886,0.0026156237688632557,0.0016453363335992197,0.000970287435264036,15298,5509,Mmrn1,0.8863757184137476,False
2491,42142025.0,0.8698120871299141,0.0008685827863966103,0.000828525719997792,4.005706639881833e-05,15298,5509,Gm35326,0.8866701670891968,False
2040,42144461.0,0.8766221115983532,0.002832296659804272,0.0030507460307885067,-0.00021844937098423455,15298,5509,Col6a4,0.8932792381600209,False
1256,42169309.0,0.8790937389851313,0.14443733078295223,0.15184107587292853,-0.0074037450899762935,15298,5509,Mgp,0.8954641996738675,False
2881,42174374.5,0.8842247436394404,0.15485271205554535,0.1435190483027951,0.011333663752750245,15298,5509,Ndst1,0.9003554258577324,False
371,42147112.5,0.8853122869699585,0.006819403115921764,0.006889512508146921,-7.010939222515649e-05,15298,5509,Tcf15,0.9011273185198497,False
204,42105510.5,0.8867845972930469,0.11956657762651873,0.11651306804210143,0.003053509584417302,15298,5509,Tgfb2,0.9022901315463108,False
2012,42134999.5,0.8924120369986817,0.0010909123315438292,0.001080167462804089,1.0744868739740116e-05,15298,5509,Gm37560,0.9076782897699496,False
2788,42129560.0,0.8931953087897451,0.008252654621369376,0.010552534179649797,-0.0022998795582804214,15298,5509,Trim10,0.9081372377471943,False
317,42133420.0,0.8978809928293707,0.002613447603251563,0.002936640265781722,-0.00032319266253015913,15298,5509,Pamr1,0.9125620644326753,False
1938,42144341.0,0.8996568087384722,0.0047715100359687086,0.005166270631849303,-0.0003947605958805941,15298,5509,Cd3e,0.9140272555348148,False
2342,42128505.0,0.9000128446196778,0.010978716069420332,0.01171121089489445,-0.0007324948254741181,15298,5509,Serpinb6b,0.914049435586639,False
2317,42145783.0,0.9003543464815108,0.00625947667076353,0.006397944128930692,-0.00013846745816716195,15298,5509,Hist1h2br,0.9140568439595145,False
112,42125382.0,0.9095575958501694,0.025354545055070725,0.025136848714804174,0.0002176963402665509,15298,5509,Cdk18,0.9230575230613035,False
1943,42115942.5,0.9109296391333581,0.13168716984874757,0.14137884144287222,-0.009691671594124651,15298,5509,Tagln,0.9241070337647384,False
2599,42130230.0,0.9176174833903875,0.012619885435829687,0.014525229433110139,-0.0019053439972804512,15298,5509,Fbln1,0.9305464653588097,False
1789,42128361.5,0.9240037270831643,0.019391239437094678,0.020005679080047002,-0.0006144396429523247,15298,5509,Gm26772,0.936675386794831,False
681,42145834.0,0.9267336641859772,0.0121312922194673,0.011889252146121845,0.00024204007334545537,15298,5509,Adh1,0.9390946911999436,False
212,42134652.5,0.9273787672107201,0.002885305563988893,0.0031765669021916556,-0.0002912613382027628,15298,5509,Dtl,0.9391557320516722,False
2127,42135029.5,0.9274806699347593,0.002315085190421923,0.0022861557970113265,2.8929393410596655e-05,15298,5509,1810065E05Rik,0.9391557320516722,False
2213,42154969.0,0.930017589165973,0.10076049450840427,0.09543772599232517,0.005322768516079102,15298,5509,Hlf,0.9413760571313605,False
1104,42136517.0,0.9324678618227581,0.000811355126744767,0.0008807460998220397,-6.939097307727274e-05,15298,5509,Gm5111,0.9432423550795541,False
2550,42136525.0,0.9327634314331745,0.0007779634661508337,0.0007549252284188912,2.3038237731942495e-05,15298,5509,Abra,0.9432423550795541,False
1483,42127124.0,0.9328960038355372,0.03508935632710301,0.034873977176858015,0.00021537915024499865,15298,5509,Cracr2b,0.9432423550795541,False
2911,42145927.0,0.9346972226915077,0.01899167639396616,0.020120690058614568,-0.0011290136646484074,15298,5509,Ptprcap,0.9447143030529466,False
685,42129263.5,0.9364336297087352,0.025274438835987376,0.023865266281514867,0.0014091725544725098,15298,5509,Gbp5,0.9461196812905027,False
512,42127895.0,0.9369845604146303,0.036647375925911156,0.03550328638291711,0.0011440895429940465,15298,5509,Bmx,0.9463267255295472,False
186,42144592.0,0.9394991161766542,0.012513460512728492,0.012191289920258381,0.00032217059247011126,15298,5509,Pydc3,0.9485160881296232,False
2632,42125403.5,0.9406278455314918,0.0864837661429541,0.10359494215683625,-0.01711117601388215,15298,5509,Igfbp6,0.9493052241803064,False
1972,42141838.5,0.9411381797425868,0.004309596040076515,0.004035932890259042,0.00027366314981747304,15298,5509,Stra6,0.9494699083718093,False
2929,42145707.5,0.9429743220289297,0.020258821612073503,0.01986098221811093,0.0003978393939625714,15298,5509,Lrrc10b,0.9509715231375822,False
1214,42147423.5,0.9442297106075822,0.03453284050453,0.033811488484431246,0.0007213520200987575,15298,5509,C1s1,0.9518865678259261,False
848,42160341.0,0.9458621445956259,0.327370506675525,0.33500497704542614,-0.0076344703699011696,15298,5509,Efhd2,0.9531809010571248,False
978,42147679.5,0.9472439921167802,0.04356923249879095,0.04193803444389836,0.0016311980548925908,15298,5509,Slc10a6,0.9542218484122998,False
2045,42151692.5,0.9494811498543766,0.08916535493446547,0.08715886209643106,0.0020064928380344044,15298,5509,Pfkfb4,0.9561233228467304,False
2619,42134355.5,0.9501943831776801,0.0066571133181574675,0.006889307659103575,-0.00023219434094610795,15298,5509,AC138177.5,0.9564893772509956,False
550,42126702.5,0.9558182844020316,0.0988868386135341,0.09998296300720866,-0.0010961243936745552,15298,5509,Postn,0.961796544458998,False
2417,42133819.5,0.9569885349266967,0.018251677805893426,0.024062635218347703,-0.005810957412454278,15298,5509,Il31ra,0.962619949622845,False
906,42131243.0,0.9584651373710711,0.035880522906406025,0.03912309142884738,-0.0032425685224413553,15298,5509,Evc2,0.9637507907021616,False
2737,42135640.0,0.9637567620158078,0.00609726064168663,0.006183744150685344,-8.648350899871388e-05,15298,5509,Slc22a3,0.9686198000425712,False
1792,42130250.5,0.9640157571173231,0.08650035783199715,0.08932915643922817,-0.002828798607231023,15298,5509,Mustn1,0.9686198000425712,False
1141,42139552.0,0.9675088948278127,0.002102093903426652,0.002334071125716076,-0.00023197722228942425,15298,5509,Cd8b1,0.9717726137914313,False
1257,42129857.5,0.9723160755046806,0.18381714684313782,0.2149555844855683,-0.03113843764243049,15298,5509,Arhgdib,0.9762424620063515,False
2855,42142516.5,0.9764317971744418,0.04081878792718585,0.04098923444586947,-0.00017044651868362154,15298,5509,Pcdhb7,0.9800150331273755,False
1605,42137463.5,0.9772537137484961,0.0016200418004551336,0.0015098504568377823,0.0001101913436173513,15298,5509,Gm35206,0.9804801566772329,False
2566,42137142.0,0.9784667059092667,0.0031263665484792926,0.0032191222766576144,-9.275572817832181e-05,15298,5509,Col22a1,0.9813371619588721,False
1849,42136922.0,0.9805540597129757,0.0067847523249664815,0.007381080887363152,-0.0005963285623966702,15298,5509,Pbk,0.9830701441770485,False
1338,42137435.5,0.9822691057304264,0.0030843199735668394,0.003188282008588019,-0.00010396203502117951,15298,5509,Spib,0.9844287300009953,False
1894,42143723.0,0.984589359505842,0.22683387474494926,0.20073476709805801,0.026099107646891245,15298,5509,Col5a3,0.9863926367210542,False
2445,42134860.0,0.9870557125463074,0.16070646949076278,0.15490695301342458,0.005799516477338201,15298,5509,Rsad2,0.98850141845996,False
1252,42137043.5,0.9882828524175066,0.014277258211372528,0.013422532815752357,0.0008547253956201709,15298,5509,Apold1,0.9892961360604865,False
284,42136495.0,0.9885727019573344,0.03505696641341706,0.036098053979529275,-0.0010410875661122157,15298,5509,Nostrin,0.9892961360604865,False
1223,42140199.0,0.9938122755374236,0.1558420377922251,0.1510723116882905,0.004769726103934613,15298,5509,Ccnd2,0.9941757767354987,False
2418,42138480.0,0.9970757781418295,0.006807826365680346,0.0057276510937509266,0.0010801752719294191,15298,5509,Gzma,0.9970757781418295,False
